coingecko_id,protocol,date,price_usd,market_cap_usd,volume_usd
bonk,Bonk,2022-12-29,9.041372463203822e-08,0.0,1189833.4745148579
bonk,Bonk,2022-12-30,9.041372463203822e-08,0.0,1189833.4745148579
bonk,Bonk,2022-12-31,1.449759940520561e-07,0.0,768976.9016171463
bonk,Bonk,2023-01-01,1.966347473997168e-07,0.0,1212543.494287936
bonk,Bonk,2023-01-02,3.669325892365465e-07,0.0,4169990.665363861
bonk,Bonk,2023-01-03,8.145028015384614e-07,0.0,13554846.173256608
bonk,Bonk,2023-01-04,1.2644963437025076e-06,70102320.04444692,21018151.352321297
bonk,Bonk,2023-01-05,3.390363718104325e-06,151017226.77863383,182033457.0028737
bonk,Bonk,2023-01-06,2.7955967157780887e-06,129961949.60081598,183928966.1630668
bonk,Bonk,2023-01-07,1.991781104473688e-06,82609464.51035081,107460463.74516809
bonk,Bonk,2023-01-08,2.0025667315852322e-06,82884633.9797613,61500206.026580505
bonk,Bonk,2023-01-09,1.6316157804347651e-06,67281101.78558,45942530.665407285
bonk,Bonk,2023-01-10,1.6090740916958267e-06,66882055.90574417,40185654.43183769
bonk,Bonk,2023-01-11,1.5084222586935585e-06,62567067.76739721,30696076.151345607
bonk,Bonk,2023-01-12,9.751374952692565e-07,40831489.361402765,25422962.812079474
bonk,Bonk,2023-01-13,1.0131554364094e-06,42134484.588508256,45015907.47550378
bonk,Bonk,2023-01-14,9.087780611315347e-07,37728463.82432167,19835640.31652601
bonk,Bonk,2023-01-15,1.2028654967302251e-06,50264264.74540223,41758144.30687424
bonk,Bonk,2023-01-16,1.424092681738809e-06,59544767.625974916,33797429.17643033
bonk,Bonk,2023-01-17,1.327743919235557e-06,55127704.28468762,24708643.778169703
bonk,Bonk,2023-01-18,1.3338675650735788e-06,55392618.33767635,15209885.215484329
bonk,Bonk,2023-01-19,1.1153310922605703e-06,46208219.21838014,18828782.161885872
bonk,Bonk,2023-01-20,1.1832322974662562e-06,49046004.74865092,13181818.304970078
bonk,Bonk,2023-01-21,1.299744614578836e-06,53980018.56704512,13695437.604352346
bonk,Bonk,2023-01-22,1.2106517132180898e-06,50213563.180594675,16786313.44060407
bonk,Bonk,2023-01-23,1.1584307334208079e-06,48143704.49080462,13346107.584045425
bonk,Bonk,2023-01-24,1.1536678080211718e-06,47824818.91762937,10641262.809012279
bonk,Bonk,2023-01-25,9.6902376436542e-07,40023462.90832804,12156292.25620461
bonk,Bonk,2023-01-26,1.0633931198724774e-06,44076202.245606795,12718314.214466292
bonk,Bonk,2023-01-27,1.0335773313032282e-06,42867933.20497486,8829430.16421952
bonk,Bonk,2023-01-28,1.0588926325478036e-06,43846841.00056721,7991225.202079626
bonk,Bonk,2023-01-29,1.0094067386955283e-06,41890204.70898235,10039098.395088594
bonk,Bonk,2023-01-30,1.0489174012425173e-06,43492473.46599721,9932535.555801902
bonk,Bonk,2023-01-31,8.645836793304311e-07,35859304.25059963,12010520.31099128
bonk,Bonk,2023-02-01,8.811775886351479e-07,36613232.37822889,9694621.612451756
bonk,Bonk,2023-02-02,8.749281774661704e-07,36321904.25475339,12855989.449840017
bonk,Bonk,2023-02-03,8.454485945939026e-07,35004914.28275444,10537929.082634307
bonk,Bonk,2023-02-04,1.063274438654138e-06,44668242.01587384,15432320.956761008
bonk,Bonk,2023-02-05,1.1498865088672984e-06,47617518.30305957,21327801.38139074
bonk,Bonk,2023-02-06,1.0887296608907505e-06,39444842.94037831,17878711.48513341
bonk,Bonk,2023-02-07,1.0507864996090948e-06,37916716.35675649,8740065.019056441
bonk,Bonk,2023-02-08,1.0675949156972937e-06,38557900.81030968,6096433.72623871
bonk,Bonk,2023-02-09,9.930724690651998e-07,35921396.39757838,7284348.809576388
bonk,Bonk,2023-02-10,8.315572974502321e-07,30023779.29767152,10563676.992629165
bonk,Bonk,2023-02-11,8.704587079389603e-07,31409576.91580667,8113914.824843795
bonk,Bonk,2023-02-12,8.896250531764022e-07,32168558.0449375,5746271.68514402
bonk,Bonk,2023-02-13,8.641569057860102e-07,31191182.057588674,5789545.716238809
bonk,Bonk,2023-02-14,8.169426992829313e-07,29503483.560791325,6024360.72742858
bonk,Bonk,2023-02-15,8.172062142217674e-07,29558399.234947048,5942637.608988638
bonk,Bonk,2023-02-16,9.529890170435534e-07,34353209.86420721,10660005.041569224
bonk,Bonk,2023-02-17,8.487018927874542e-07,30468673.049591523,13364953.844173232
bonk,Bonk,2023-02-18,8.773111410970023e-07,31656525.376253296,7333473.148948302
bonk,Bonk,2023-02-19,8.775794019613502e-07,31697533.272931345,6329797.831116545
bonk,Bonk,2023-02-20,8.681158756620377e-07,31547059.75517772,6181588.815086324
bonk,Bonk,2023-02-21,8.666200110049667e-07,31355504.104914166,7216516.071012854
bonk,Bonk,2023-02-22,8.201094170811423e-07,29633419.49552033,5407181.226452478
bonk,Bonk,2023-02-23,8.100028601935488e-07,29438571.074862503,4972767.597651509
bonk,Bonk,2023-02-24,8.064595632503459e-07,29154497.552561767,4483976.372869777
bonk,Bonk,2023-02-25,7.67642512577229e-07,27766210.907458972,4264564.952947762
bonk,Bonk,2023-02-26,7.636613087741595e-07,27664626.98482311,3362709.475194592
bonk,Bonk,2023-02-27,7.776995642950274e-07,28132978.949624248,3389314.8228999423
bonk,Bonk,2023-02-28,7.353168952755976e-07,26670244.87690091,3858109.3248669985
bonk,Bonk,2023-03-01,7.0638548293317e-07,25568114.136504587,4580833.449865916
bonk,Bonk,2023-03-02,7.037269475729869e-07,25478543.14459592,4094648.1812733724
bonk,Bonk,2023-03-03,6.747453742364104e-07,24399243.34642551,4005801.2551642125
bonk,Bonk,2023-03-04,5.903510367160422e-07,21367138.242917974,7677651.192953399
bonk,Bonk,2023-03-05,5.60955308422097e-07,20254231.818401024,5198615.514088859
bonk,Bonk,2023-03-06,5.857265104412987e-07,21109524.053100985,4539704.761931861
bonk,Bonk,2023-03-07,5.846211411372951e-07,21053522.072497796,3093611.8063605297
bonk,Bonk,2023-03-08,5.626354378878208e-07,20279513.665433634,3950838.057158167
bonk,Bonk,2023-03-09,4.774565976020092e-07,17313969.771460272,4525505.882003783
bonk,Bonk,2023-03-10,4.3567236196236646e-07,15734021.267918643,3940451.712053985
bonk,Bonk,2023-03-11,4.1783167346148537e-07,15164091.734358827,4852522.328502759
bonk,Bonk,2023-03-12,4.6734197036202516e-07,16947399.366230723,4549176.625590553
bonk,Bonk,2023-03-13,4.833995803746684e-07,17452590.960337024,3303637.333705275
bonk,Bonk,2023-03-14,5.503183010056429e-07,19864767.607272077,3663067.661165681
bonk,Bonk,2023-03-15,6.203306547723371e-07,22300225.147270568,4708835.19902151
bonk,Bonk,2023-03-16,6.216686990509646e-07,22485476.47215177,5741587.868139925
bonk,Bonk,2023-03-17,6.464077136370007e-07,23366644.910992257,3341270.338456201
bonk,Bonk,2023-03-18,6.571135687929563e-07,23758271.393978152,3433868.5310867373
bonk,Bonk,2023-03-19,6.242533264551758e-07,22536417.981465563,3141673.2138926433
bonk,Bonk,2023-03-20,7.337370672954245e-07,26402820.761408553,4573575.598335726
bonk,Bonk,2023-03-21,6.675409461290966e-07,24143664.35411729,4146372.910872004
bonk,Bonk,2023-03-22,6.926041345596895e-07,24990635.286762126,2748494.312587138
bonk,Bonk,2023-03-23,6.014189980937725e-07,21683596.43044017,3155388.203612329
bonk,Bonk,2023-03-24,5.995466880612225e-07,21676463.13359928,2794654.514155541
bonk,Bonk,2023-03-25,5.714091236198688e-07,20787154.989599075,2318991.6527785673
bonk,Bonk,2023-03-26,5.536277488634369e-07,20092409.9429767,2067749.0735079949
bonk,Bonk,2023-03-27,5.486590228172424e-07,19824147.602692436,1815863.718192754
bonk,Bonk,2023-03-28,5.057965221994338e-07,18323621.38937104,2044668.3828142465
bonk,Bonk,2023-03-29,4.999798213486169e-07,18070928.289750837,2237723.3602803466
bonk,Bonk,2023-03-30,5.664400173736174e-07,20607560.761345692,3299826.8712306805
bonk,Bonk,2023-03-31,5.722777439097688e-07,20615533.38089131,2886200.566689041
bonk,Bonk,2023-04-01,6.451707058785032e-07,23358093.190294266,3132340.4566927766
bonk,Bonk,2023-04-02,6.698912169221296e-07,24240907.121403903,3060638.8264053366
bonk,Bonk,2023-04-03,6.291849875768976e-07,22717501.953562737,2307355.5895097675
bonk,Bonk,2023-04-04,6.282477961233255e-07,22714509.627564766,3454891.8506579264
bonk,Bonk,2023-04-05,6.260771263968259e-07,22640580.93846598,1596618.8337226612
bonk,Bonk,2023-04-06,6.003198958455011e-07,21714969.009179745,1528555.2282648976
bonk,Bonk,2023-04-07,5.899188499528034e-07,21333988.296801504,1352730.3304667422
bonk,Bonk,2023-04-08,5.735018683243348e-07,20820415.61402396,2535717.2207137384
bonk,Bonk,2023-04-09,5.546851973738456e-07,20069674.996856775,1181669.8792832233
bonk,Bonk,2023-04-10,5.615634438660592e-07,20308841.290562212,1264357.1931320443
bonk,Bonk,2023-04-11,6.272888444761141e-07,22681277.701576028,1920822.055191319
bonk,Bonk,2023-04-12,6.532926141458879e-07,23634851.694311943,2764747.999732409
bonk,Bonk,2023-04-13,7.367037868705475e-07,26694190.26525728,4851499.062817387
bonk,Bonk,2023-04-14,8.49603092499214e-07,30666330.493938386,8806822.588475615
bonk,Bonk,2023-04-15,8.30158085466695e-07,35704403.39745299,7376405.6237434335
bonk,Bonk,2023-04-16,8.230202350782921e-07,35387925.56253869,3992289.563818384
bonk,Bonk,2023-04-17,9.575431251818465e-07,40949813.07190475,6828045.291240175
bonk,Bonk,2023-04-18,9.345211547200695e-07,40229975.04741021,5588385.540538604
bonk,Bonk,2023-04-19,9.557727915632048e-07,41186722.83303504,4520263.704457934
bonk,Bonk,2023-04-20,8.239413360425061e-07,35418467.43867358,4291071.462449236
bonk,Bonk,2023-04-21,7.149362032144292e-07,30715412.379901122,4762716.492072474
bonk,Bonk,2023-04-22,7.211350830972254e-07,31001737.10716275,2891490.349457533
bonk,Bonk,2023-04-23,7.283522651892282e-07,31330376.218575593,2878748.6403028555
bonk,Bonk,2023-04-24,6.674077288160701e-07,28648086.930016775,2237892.396645798
bonk,Bonk,2023-04-25,6.205050358259273e-07,26622796.112110466,3287123.611012263
bonk,Bonk,2023-04-26,6.548783774557149e-07,28146813.69748014,2160258.791951941
bonk,Bonk,2023-04-27,6.167132049449248e-07,26499143.29183925,3325421.8486695816
bonk,Bonk,2023-04-28,6.256481398672738e-07,26886811.83963315,2379008.2410696675
bonk,Bonk,2023-04-29,6.296763417736557e-07,27147527.91906165,1772056.2710032717
bonk,Bonk,2023-04-30,6.195843859267255e-07,26627539.816739857,1284334.435044044
bonk,Bonk,2023-05-01,7.010938128029158e-07,30248072.26322047,4784221.62705938
bonk,Bonk,2023-05-02,6.35990694893619e-07,27329364.94736705,4030966.1321890075
bonk,Bonk,2023-05-03,6.253166799952321e-07,26808997.435117804,2128159.1330941976
bonk,Bonk,2023-05-04,5.946585525096758e-07,25544188.612118818,3117264.8360281405
bonk,Bonk,2023-05-05,5.75060073945258e-07,24734365.490352247,2430146.057043175
bonk,Bonk,2023-05-06,5.550786115984816e-07,23884540.687128764,3743617.879079554
bonk,Bonk,2023-05-07,4.949026250545313e-07,21237055.132917035,3039775.0779408277
bonk,Bonk,2023-05-08,5.268908946323038e-07,22696103.943347495,3683203.1383359437
bonk,Bonk,2023-05-09,4.3948470342853946e-07,18880244.55541878,3118054.429153536
bonk,Bonk,2023-05-10,4.447697688902366e-07,19120059.52249731,2408975.684511693
bonk,Bonk,2023-05-11,4.121788357731467e-07,17735570.166838523,3075846.094051161
bonk,Bonk,2023-05-12,3.7440998183524893e-07,16125233.257987734,2295669.0145888156
bonk,Bonk,2023-05-13,3.88265934173872e-07,16668609.298468264,2927927.526556131
bonk,Bonk,2023-05-14,4.24958200670997e-07,18437876.385429192,4726477.725802331
bonk,Bonk,2023-05-15,4.3170286601057976e-07,18559633.74174407,1734555.8033243993
bonk,Bonk,2023-05-16,4.871496247504038e-07,20924125.723900303,3047387.042637718
bonk,Bonk,2023-05-17,4.378145452083857e-07,18850679.746990155,2266596.9193856353
bonk,Bonk,2023-05-18,4.316644978710101e-07,18559889.377160173,1786210.4384145795
bonk,Bonk,2023-05-19,4.1906852853225815e-07,18039719.203942183,1345235.5394436999
bonk,Bonk,2023-05-20,4.277498457298007e-07,18390444.289122213,1203071.5947757168
bonk,Bonk,2023-05-21,4.3210148782474153e-07,18567038.50606437,1488996.2923659144
bonk,Bonk,2023-05-22,4.077047170253061e-07,17542152.937885553,1226706.9926864693
bonk,Bonk,2023-05-23,4.0316838359243807e-07,17331069.93252422,1565158.080573629
bonk,Bonk,2023-05-24,4.0373036910873033e-07,17342241.812057357,1898955.0088671597
bonk,Bonk,2023-05-25,3.9393409656160965e-07,16933040.13827982,2137269.466493622
bonk,Bonk,2023-05-26,4.025759977446829e-07,17313638.972688034,1540582.456660091
bonk,Bonk,2023-05-27,4.0236302578312195e-07,17304705.163126424,1022719.0495434679
bonk,Bonk,2023-05-28,5.568308332902034e-07,24063236.53473025,6740363.448995723
bonk,Bonk,2023-05-29,5.326252333263883e-07,22950630.65275394,9542974.722431809
bonk,Bonk,2023-05-30,5.595197870480924e-07,24083111.362393823,6428580.285143339
bonk,Bonk,2023-05-31,6.587350184565764e-07,28253727.526446763,8167927.082492671
bonk,Bonk,2023-06-01,5.044137352338088e-07,21606595.448581573,12731131.659127275
bonk,Bonk,2023-06-02,4.735174967771366e-07,20375949.99846105,4111754.168557094
bonk,Bonk,2023-06-03,4.795725324688236e-07,20619592.016034674,2369606.62356311
bonk,Bonk,2023-06-04,4.3200035670429426e-07,18562344.101824686,2792358.847613485
bonk,Bonk,2023-06-05,4.529257001767963e-07,19466096.839110695,3364393.04488316
bonk,Bonk,2023-06-06,3.901319569325902e-07,16775401.89556321,3307633.102196959
bonk,Bonk,2023-06-07,4.1167512416144907e-07,17679300.10847386,3315230.6085345377
bonk,Bonk,2023-06-08,3.832339403455927e-07,16480108.788195403,2158008.9012063057
bonk,Bonk,2023-06-09,3.887121578877625e-07,16721903.5148417,2323695.551359022
bonk,Bonk,2023-06-10,3.628599486043718e-07,15560637.18559825,2095669.2819729557
bonk,Bonk,2023-06-11,3.141978072904135e-07,13507929.594088595,3410137.865936604
bonk,Bonk,2023-06-12,3.0779601219568365e-07,13141423.913711522,1746307.5220800245
bonk,Bonk,2023-06-13,2.904418725263984e-07,12486112.914823573,2042879.6710047186
bonk,Bonk,2023-06-14,2.939951759148704e-07,12611171.641837921,1981237.834917242
bonk,Bonk,2023-06-15,2.787045917818748e-07,11969462.65541473,1760721.2013752703
bonk,Bonk,2023-06-16,2.8989038532987717e-07,12475065.107772332,2156500.989753111
bonk,Bonk,2023-06-17,3.1896711356772946e-07,13640792.456936164,2329644.262847905
bonk,Bonk,2023-06-18,3.1223439158180113e-07,13431822.273641054,2027635.2880214609
bonk,Bonk,2023-06-19,2.964544954579296e-07,12746621.15191189,1763706.5337439582
bonk,Bonk,2023-06-20,3.1391635284292955e-07,13484235.420556372,1892259.3562324764
bonk,Bonk,2023-06-21,3.2156886756467844e-07,13843186.15768469,1568915.5315002743
bonk,Bonk,2023-06-22,3.7148186988761286e-07,15975449.080885319,2077201.3931309285
bonk,Bonk,2023-06-23,3.436310645758239e-07,14755975.80789598,1744293.223225083
bonk,Bonk,2023-06-24,3.9517610360562217e-07,16318465.359652407,3563134.828201312
bonk,Bonk,2023-06-25,3.7210100386120994e-07,15998178.164238406,5660003.411638032
bonk,Bonk,2023-06-26,3.960674614809781e-07,17063094.3161641,3082078.5257051573
bonk,Bonk,2023-06-27,3.65204415830133e-07,15709312.469168818,1680169.7738604983
bonk,Bonk,2023-06-28,3.699235974447331e-07,15913267.641686786,1303384.6523604891
bonk,Bonk,2023-06-29,3.448003183876055e-07,14880866.230007846,2172567.828402413
bonk,Bonk,2023-06-30,3.5787247029750627e-07,15391695.587298784,2196375.2106718705
bonk,Bonk,2023-07-01,3.6559768577093933e-07,15744225.893419897,2482731.4235312557
bonk,Bonk,2023-07-02,3.6655965721702175e-07,15723207.675477294,1269133.6523314998
bonk,Bonk,2023-07-03,3.707029722610778e-07,15924444.803926678,1262741.2611137175
bonk,Bonk,2023-07-04,3.6632748817383246e-07,15746057.070870006,1432120.665417762
bonk,Bonk,2023-07-05,3.5672516357374605e-07,15338995.560417479,1362268.8219994989
bonk,Bonk,2023-07-06,3.406428736509627e-07,14605338.775439013,1226246.2503526637
bonk,Bonk,2023-07-07,3.4956006144945556e-07,15067562.774419582,1927066.5811955186
bonk,Bonk,2023-07-08,3.4983665485415893e-07,15033945.331219956,1821606.8715981992
bonk,Bonk,2023-07-09,3.520824195165616e-07,15164638.90417713,1434539.6414840221
bonk,Bonk,2023-07-10,3.4143925016109174e-07,14706188.27281594,1202201.7687375345
bonk,Bonk,2023-07-11,3.3726453324523644e-07,14503728.631039226,1322506.917361805
bonk,Bonk,2023-07-12,3.467863075135095e-07,14918827.420746095,1650857.9405704725
bonk,Bonk,2023-07-13,3.41195906928517e-07,14637476.824778806,1320925.025608795
bonk,Bonk,2023-07-14,3.699027116613287e-07,16006467.27315929,2459968.5032054153
bonk,Bonk,2023-07-15,3.977761705394814e-07,17042110.72926156,3643825.0575234313
bonk,Bonk,2023-07-16,3.758793861693784e-07,16144302.993080137,1600282.3588902876
bonk,Bonk,2023-07-17,3.620061919334621e-07,15539025.683272302,1249792.251093066
bonk,Bonk,2023-07-18,3.5546869044829585e-07,15281382.589149948,1328537.4788955352
bonk,Bonk,2023-07-19,3.501482434158046e-07,15082941.35466247,1493323.1069817962
bonk,Bonk,2023-07-20,3.567977007414488e-07,15334275.696424128,2072400.8990914861
bonk,Bonk,2023-07-21,3.477728046237124e-07,14961498.620841194,2527648.6097811842
bonk,Bonk,2023-07-22,3.477718183282465e-07,14954949.933875619,2094267.259565526
bonk,Bonk,2023-07-23,3.2776660304733023e-07,14081266.802733218,2454079.0069336477
bonk,Bonk,2023-07-24,3.3593479912527655e-07,14423615.070587095,2961516.168897932
bonk,Bonk,2023-07-25,3.3618232561741883e-07,14430985.702553011,2625482.4647449567
bonk,Bonk,2023-07-26,3.326277388677828e-07,14289177.703382323,2390885.490696318
bonk,Bonk,2023-07-27,3.524118462298299e-07,15151620.73075755,2658495.0845785886
bonk,Bonk,2023-07-28,3.4580665977023777e-07,14877600.030805556,2544518.86711452
bonk,Bonk,2023-07-29,3.478155337636907e-07,14951786.321484234,2332488.3188342764
bonk,Bonk,2023-07-30,3.5424620779533365e-07,15314825.99362685,2293840.140338807
bonk,Bonk,2023-07-31,3.444684490043358e-07,14810510.834315317,1969216.3499174286
bonk,Bonk,2023-08-01,3.258206389615848e-07,13995218.232632933,2144677.028129338
bonk,Bonk,2023-08-02,3.758793989955692e-07,16162743.369997468,3037676.9373625554
bonk,Bonk,2023-08-03,3.3569615848738875e-07,14435514.699649176,2931408.314213392
bonk,Bonk,2023-08-04,3.4319232047863205e-07,14760128.690348342,2323419.4316394133
bonk,Bonk,2023-08-05,3.2827108634848194e-07,14098648.73360803,2154200.5388668724
bonk,Bonk,2023-08-06,3.23644050950453e-07,13905019.488858974,2197826.891359361
bonk,Bonk,2023-08-07,3.16285632973864e-07,13586854.899118222,2132941.102647387
bonk,Bonk,2023-08-08,3.2529431778500966e-07,13961175.147404777,3323667.618972028
bonk,Bonk,2023-08-09,3.469684845482355e-07,14917829.857764041,2440524.7977052596
bonk,Bonk,2023-08-10,3.4635858387207906e-07,14881002.670453297,2116789.5327879554
bonk,Bonk,2023-08-11,3.4016622042119323e-07,14633552.903931465,2016017.3243858751
bonk,Bonk,2023-08-12,3.3980278785610246e-07,14610167.019987458,2080457.0036042887
bonk,Bonk,2023-08-13,3.4048620740112797e-07,14655227.247056505,1795530.9997017207
bonk,Bonk,2023-08-14,3.3536459052806007e-07,14414560.059842957,1789578.906071537
bonk,Bonk,2023-08-15,3.3180383434868215e-07,14252081.632388448,1964908.3773619102
bonk,Bonk,2023-08-16,3.205438687753932e-07,13771324.899050238,1802811.8347573346
bonk,Bonk,2023-08-17,3.080088215948229e-07,13257550.919684691,1907539.5819443224
bonk,Bonk,2023-08-18,2.766325835857977e-07,11907979.6477811,2110630.42022056
bonk,Bonk,2023-08-19,2.677659896966145e-07,11529625.022197455,1908610.4486874556
bonk,Bonk,2023-08-20,2.746830580891514e-07,11797837.83402869,1682686.0207363707
bonk,Bonk,2023-08-21,2.7635094506455614e-07,11872896.373393768,1654051.6803802145
bonk,Bonk,2023-08-22,2.46936835282204e-07,10615630.696208525,1734251.028618878
bonk,Bonk,2023-08-23,2.42162287360912e-07,10408594.6477492,1834892.1861088872
bonk,Bonk,2023-08-24,2.563446596750997e-07,11012749.956470225,1869664.4321362686
bonk,Bonk,2023-08-25,2.547748160912374e-07,10943306.684357714,1784419.6404812105
bonk,Bonk,2023-08-26,2.4896310671043636e-07,10702642.627876148,1720014.6477928525
bonk,Bonk,2023-08-27,2.556350892715934e-07,10991296.473184045,1630113.4927075647
bonk,Bonk,2023-08-28,2.5215705872039593e-07,10833123.397485178,1564512.6229047715
bonk,Bonk,2023-08-29,2.561765110382381e-07,11016623.625365814,1702159.9398760125
bonk,Bonk,2023-08-30,2.6707909129917417e-07,11487179.823854253,1780269.5051219328
bonk,Bonk,2023-08-31,2.585086022370053e-07,11106463.628106333,1783183.2057390423
bonk,Bonk,2023-09-01,2.4246004926953465e-07,10425599.931805907,1662754.0165736852
bonk,Bonk,2023-09-02,2.363881281527878e-07,10152029.433834711,1710332.8083604658
bonk,Bonk,2023-09-03,2.4001103047546635e-07,10312310.741050359,1538837.099165043
bonk,Bonk,2023-09-04,2.400693041908963e-07,10316473.97837633,1642297.823961351
bonk,Bonk,2023-09-05,2.3471131557819834e-07,10094123.65242739,1653011.1982861087
bonk,Bonk,2023-09-06,2.3065594681581016e-07,9917017.485825459,1654738.1262565006
bonk,Bonk,2023-09-07,2.4232882442846473e-07,10400650.016428541,2275998.5895067286
bonk,Bonk,2023-09-08,2.3040596739084378e-07,9899311.461061671,1717742.9587527378
bonk,Bonk,2023-09-09,2.2183049684870056e-07,9528723.962959452,1623521.1432399421
bonk,Bonk,2023-09-10,2.178947312117861e-07,9337357.701165171,1424978.736587222
bonk,Bonk,2023-09-11,2.106016403909922e-07,9049897.155648977,1585091.5649612534
bonk,Bonk,2023-09-12,2.0117578016578727e-07,8619904.453180632,1584803.5584226218
bonk,Bonk,2023-09-13,2.0823083004964685e-07,8949456.926567657,1792125.7562375385
bonk,Bonk,2023-09-14,2.1023466278912175e-07,9025729.161739938,1576078.0214397414
bonk,Bonk,2023-09-15,2.1097273171032908e-07,9065511.064215846,1604282.1887930573
bonk,Bonk,2023-09-16,2.060075288273903e-07,8845964.184118655,1510274.75453685
bonk,Bonk,2023-09-17,2.0539978582232316e-07,8823873.000820506,1718843.13758154
bonk,Bonk,2023-09-18,2.018169688542478e-07,8694389.961957991,1707311.3585129129
bonk,Bonk,2023-09-19,2.0564343614191376e-07,8844095.426733388,1677567.968926934
bonk,Bonk,2023-09-20,2.0453447027441928e-07,8792775.25668047,2009019.1759923836
bonk,Bonk,2023-09-21,2.0245071248602108e-07,8711589.686092366,1577341.5671582234
bonk,Bonk,2023-09-22,1.9512977158399684e-07,8380067.110479358,2227775.1587932985
bonk,Bonk,2023-09-23,1.943958121929315e-07,8358802.578129836,1284365.9058568345
bonk,Bonk,2023-09-24,1.9204089813240683e-07,8255332.408330712,1199874.4131731861
bonk,Bonk,2023-09-25,1.9106589361087056e-07,8220542.033910131,1278648.828858903
bonk,Bonk,2023-09-26,2.0152962428746243e-07,8645560.354826748,2039719.567474386
bonk,Bonk,2023-09-27,2.0447355638155786e-07,8786464.737197472,2121351.4125141185
bonk,Bonk,2023-09-28,1.9500974967589178e-07,8386293.273734691,1880180.4519162588
bonk,Bonk,2023-09-29,1.9831892045227975e-07,8522794.345375156,1686151.811554561
bonk,Bonk,2023-09-30,1.9636236383365365e-07,8448376.756956777,1875720.2893632278
bonk,Bonk,2023-10-01,2.0664564850928746e-07,8878326.162097344,1805642.4465111792
bonk,Bonk,2023-10-02,2.1477112177580195e-07,9250567.530208897,1847928.2996636436
bonk,Bonk,2023-10-03,2.030563861125838e-07,8713942.069618106,1973835.5653143555
bonk,Bonk,2023-10-04,2.0873537028925287e-07,8971029.597897528,1516166.8634961485
bonk,Bonk,2023-10-05,2.142766325616294e-07,9155363.11541849,1419658.9804981991
bonk,Bonk,2023-10-06,2.1013549700081823e-07,9027973.951001339,1360684.970002224
bonk,Bonk,2023-10-07,2.1110841231280678e-07,9067902.588251576,1339539.3664241226
bonk,Bonk,2023-10-08,2.1489681532579588e-07,9235910.924544698,1585861.6443901479
bonk,Bonk,2023-10-09,2.066765815455556e-07,8870215.082462981,1771107.8287191398
bonk,Bonk,2023-10-10,1.9570327274845014e-07,8411433.817642035,1888534.0995029039
bonk,Bonk,2023-10-11,1.9131393136766736e-07,8214636.470307392,1863062.905740034
bonk,Bonk,2023-10-12,1.9140585877608825e-07,8229250.4389714515,1853899.484259369
bonk,Bonk,2023-10-13,1.779686294122365e-07,7653739.356143478,2106088.7806019047
bonk,Bonk,2023-10-14,1.7710734114090623e-07,7611176.220690141,1922304.9498708262
bonk,Bonk,2023-10-15,1.8718607191896088e-07,8005250.524353552,2021701.5333944785
bonk,Bonk,2023-10-16,1.9815828682879977e-07,8513327.830489218,1554252.873670384
bonk,Bonk,2023-10-17,1.9639560750985836e-07,8493724.243742885,1793718.6255564208
bonk,Bonk,2023-10-18,1.8511629395627987e-07,7935720.190406352,3165573.0779004614
bonk,Bonk,2023-10-19,1.825991073362527e-07,7864766.3363180235,2076867.4672139895
bonk,Bonk,2023-10-20,1.8009632620531956e-07,7728558.072408551,1627152.30017373
bonk,Bonk,2023-10-21,1.902689888303601e-07,8180056.606778021,2048788.356176522
bonk,Bonk,2023-10-22,2.058660540293831e-07,8886466.931336006,2040778.3121155042
bonk,Bonk,2023-10-23,2.913284873689269e-07,11600224.68899878,3682711.5471610236
bonk,Bonk,2023-10-24,3.157901209215473e-07,13562691.574751053,8446596.299809216
bonk,Bonk,2023-10-25,3.152931265994107e-07,13604927.73221513,5770393.888700056
bonk,Bonk,2023-10-26,4.1755566657308083e-07,17909428.355384193,9936897.102774126
bonk,Bonk,2023-10-27,5.428766021259138e-07,23361812.68194523,19751241.604415506
bonk,Bonk,2023-10-28,5.457070610057533e-07,23642177.486740198,12723545.210665591
bonk,Bonk,2023-10-29,5.258966663072215e-07,22571443.798495725,7323785.812797709
bonk,Bonk,2023-10-30,5.625848275350798e-07,24155233.812231608,5712197.528563771
bonk,Bonk,2023-10-31,7.012838748250338e-07,30233504.73362944,10949954.952521037
bonk,Bonk,2023-11-01,7.689600739248895e-07,32430076.97530259,9888901.966124952
bonk,Bonk,2023-11-02,8.6170691924355e-07,36779163.905469045,17922129.769508094
bonk,Bonk,2023-11-03,6.615347811496878e-07,28383811.79991797,13042696.399918681
bonk,Bonk,2023-11-04,6.358563434835429e-07,27627670.895666234,7149328.26338875
bonk,Bonk,2023-11-05,7.543174599295469e-07,32602459.728670742,8889020.585376918
bonk,Bonk,2023-11-06,7.882231504396029e-07,34137735.82406596,5852155.488528618
bonk,Bonk,2023-11-07,7.862850746366198e-07,33512318.325319126,6315770.080025293
bonk,Bonk,2023-11-08,9.445681910561846e-07,40603543.83791166,14068227.622990869
bonk,Bonk,2023-11-09,1.0916789632048842e-06,47138678.67217795,19956059.20489985
bonk,Bonk,2023-11-10,1.6561456121665114e-06,70761569.5726366,52615725.302794
bonk,Bonk,2023-11-11,2.7769353948736407e-06,120139087.3884908,65923875.31139188
bonk,Bonk,2023-11-12,2.1693780890252348e-06,91590713.92095014,57661070.19629971
bonk,Bonk,2023-11-13,2.2732238402027595e-06,97397627.37631749,34078392.46608016
bonk,Bonk,2023-11-14,1.815623986551525e-06,78877300.92590877,33960500.161649935
bonk,Bonk,2023-11-15,2.1700249179356098e-06,93049556.31271556,28576554.809124574
bonk,Bonk,2023-11-16,3.241026107800063e-06,139660541.65333715,60478203.60328026
bonk,Bonk,2023-11-17,2.492808792457693e-06,106318681.43199994,47749227.74322336
bonk,Bonk,2023-11-18,2.924972080483119e-06,125675247.61026269,47422774.38968956
bonk,Bonk,2023-11-19,2.8591225695644813e-06,123170793.20740725,27890263.149170753
bonk,Bonk,2023-11-20,4.440265173935353e-06,191379420.84405705,84201549.40777661
bonk,Bonk,2023-11-21,3.905487200350109e-06,167420632.92302543,108827286.05416171
bonk,Bonk,2023-11-22,3.5671035526397202e-06,153253764.64215785,70822831.3400814
bonk,Bonk,2023-11-23,4.516198854334361e-06,193525835.36747602,85641965.61815706
bonk,Bonk,2023-11-24,4.26041534110326e-06,259252288.70661378,39513599.56863758
bonk,Bonk,2023-11-25,4.129123729230453e-06,250217009.31335482,33179616.949709155
bonk,Bonk,2023-11-26,4.382244110512033e-06,266245847.42397186,26682735.095956065
bonk,Bonk,2023-11-27,4.0275663118204756e-06,245271166.27251744,19944405.369696725
bonk,Bonk,2023-11-28,3.8022618028255854e-06,231143648.72040102,30596004.727868516
bonk,Bonk,2023-11-29,4.13183512767717e-06,250948127.8289933,31524516.631106194
bonk,Bonk,2023-11-30,4.068802335971055e-06,248006252.706254,23535860.4592699
bonk,Bonk,2023-12-01,3.857583496162483e-06,234296765.73715448,18757941.90118628
bonk,Bonk,2023-12-02,4.020227606143532e-06,244542144.90559936,17383952.634547442
bonk,Bonk,2023-12-03,4.6333504889225615e-06,277678130.61294615,29294628.31394272
bonk,Bonk,2023-12-04,5.3300930714653675e-06,323539458.27491415,36828469.17596736
bonk,Bonk,2023-12-05,6.2820766970555484e-06,377036783.36013913,163877213.7282108
bonk,Bonk,2023-12-06,7.6057217647628815e-06,463084005.9185757,64041154.17041749
bonk,Bonk,2023-12-07,7.525268357911239e-06,461651081.85879904,74541070.87575987
bonk,Bonk,2023-12-08,1.007487964421295e-05,610328067.2754357,160802779.3919664
bonk,Bonk,2023-12-09,1.2867453410516418e-05,780211450.7864584,141822758.95213845
bonk,Bonk,2023-12-10,1.103698216042836e-05,672115351.3453593,183304274.65160453
bonk,Bonk,2023-12-11,1.2433525131692555e-05,755828648.1095642,153697313.43688816
bonk,Bonk,2023-12-12,1.1852797342662459e-05,720941764.2388636,134358285.8881887
bonk,Bonk,2023-12-13,1.1503812954913118e-05,702445541.932451,109028911.60674861
bonk,Bonk,2023-12-14,1.3101482584873667e-05,799994695.8983488,239736324.87345868
bonk,Bonk,2023-12-15,2.5489000294184263e-05,1585653341.5384479,322266234.14875156
bonk,Bonk,2023-12-16,2.363226074940133e-05,1439823257.917404,1729243120.0529873
bonk,Bonk,2023-12-17,2.1854856213003795e-05,1324093861.9992604,707979853.3483443
bonk,Bonk,2023-12-18,2.2949914259022757e-05,1392435444.9641225,520710006.3659076
bonk,Bonk,2023-12-19,2.0879830668825264e-05,1275206980.0986037,420089436.2095311
bonk,Bonk,2023-12-20,1.8987604203111693e-05,1155362080.4258425,293273091.70267403
bonk,Bonk,2023-12-21,1.8812167087202813e-05,1143355039.4633183,380528214.99756116
bonk,Bonk,2023-12-22,2.0762131685876784e-05,1268992235.7555578,416853939.36011595
bonk,Bonk,2023-12-23,1.9408370384346102e-05,1181538731.6075137,321385644.6322547
bonk,Bonk,2023-12-24,1.9966069554304355e-05,1208162709.5170102,201961847.93103394
bonk,Bonk,2023-12-25,1.818828706104206e-05,1110209509.1259992,156347031.83500412
bonk,Bonk,2023-12-26,1.8803845637378453e-05,1144321933.4564042,166017996.6065971
bonk,Bonk,2023-12-27,1.6069558553780584e-05,973797503.9557353,228253774.29115042
bonk,Bonk,2023-12-28,1.4556729116284012e-05,884481458.5450883,185060881.86444783
bonk,Bonk,2023-12-29,1.5072379837465101e-05,920617251.4159756,322587377.6016089
bonk,Bonk,2023-12-30,1.4782793702145105e-05,896458229.9610138,356845201.3975426
bonk,Bonk,2023-12-31,1.4077866653268218e-05,856705121.4553249,102563064.69533804
bonk,Bonk,2024-01-01,1.3338293873369871e-05,812108450.4270177,90314947.8744352
bonk,Bonk,2024-01-02,1.482439202223785e-05,897493569.3603286,105564755.78682159
bonk,Bonk,2024-01-03,1.3506670086666096e-05,820785169.9444842,127145495.13887747
bonk,Bonk,2024-01-04,1.1590322926036681e-05,704235105.5997313,130268872.777033
bonk,Bonk,2024-01-05,1.195770087466001e-05,728232573.3144802,101952271.99830061
bonk,Bonk,2024-01-06,1.1089720754156594e-05,676436185.7616705,77255146.74335422
bonk,Bonk,2024-01-07,1.076530244930573e-05,656438835.2908462,78375095.22221097
bonk,Bonk,2024-01-08,1.0307605970092635e-05,618871242.6175478,87610800.48497257
bonk,Bonk,2024-01-09,1.2151172470635673e-05,739050728.8542839,217350969.3851118
bonk,Bonk,2024-01-10,1.4010170029604398e-05,850561043.1980023,447617253.65234935
bonk,Bonk,2024-01-11,1.6135679333136833e-05,992598867.7263802,603470094.6104727
bonk,Bonk,2024-01-12,1.6098372934174655e-05,981669507.9967457,378515109.7185544
bonk,Bonk,2024-01-13,1.3772786792554881e-05,835750987.46339,223908891.74943322
bonk,Bonk,2024-01-14,1.5392736285992907e-05,937255998.3907353,216595724.79453933
bonk,Bonk,2024-01-15,1.4321405644569117e-05,870536282.3433017,165607928.1904442
bonk,Bonk,2024-01-16,1.372499964432746e-05,836073727.1059004,126696342.95520616
bonk,Bonk,2024-01-17,1.407385087620652e-05,856389662.0617893,107918015.81317154
bonk,Bonk,2024-01-18,1.3379481000019964e-05,813332895.0899974,98613237.07181728
bonk,Bonk,2024-01-19,1.2051664623913024e-05,733658361.1007717,95125324.45416428
bonk,Bonk,2024-01-20,1.1952763698276886e-05,726099094.4724617,68195089.97161908
bonk,Bonk,2024-01-21,1.1662943104853894e-05,710722205.053277,43219512.59389125
bonk,Bonk,2024-01-22,1.139338177865985e-05,695151206.8045772,37062809.55284564
bonk,Bonk,2024-01-23,1.0387071212216825e-05,631869623.5689436,65781527.06509946
bonk,Bonk,2024-01-24,1.0805154598421273e-05,653834111.3219924,77373242.32961203
bonk,Bonk,2024-01-25,1.1080650395972968e-05,671993226.5078202,76069664.61476882
bonk,Bonk,2024-01-26,1.126597955659288e-05,685016639.3787688,68946980.3482629
bonk,Bonk,2024-01-27,1.1834557557249682e-05,720699200.113145,92521677.96077499
bonk,Bonk,2024-01-28,1.1663629715630198e-05,710568824.6383369,45472338.94512364
bonk,Bonk,2024-01-29,1.1608455017390602e-05,704035798.2144979,84761761.70550187
bonk,Bonk,2024-01-30,1.2006331989425085e-05,730993855.4097387,64198124.919555426
bonk,Bonk,2024-01-31,1.1273289203649657e-05,684550318.6612686,61326687.285985865
bonk,Bonk,2024-02-01,1.065231588338366e-05,651332541.4367063,67748216.98940232
bonk,Bonk,2024-02-02,1.0722488566258613e-05,652453056.132519,44355396.58129796
bonk,Bonk,2024-02-03,1.0535787462320897e-05,641384577.788242,38669699.10619642
bonk,Bonk,2024-02-04,1.0353171415565807e-05,629503161.1315831,23161509.69450231
bonk,Bonk,2024-02-05,1.007776329787613e-05,612381832.5504866,29856359.27657065
bonk,Bonk,2024-02-06,1.0145877032494385e-05,616176581.0773637,49070213.695041485
bonk,Bonk,2024-02-07,9.94662969983587e-06,605305814.8647703,35105373.44839555
bonk,Bonk,2024-02-08,1.0390874585881381e-05,632580983.530187,42258475.02954392
bonk,Bonk,2024-02-09,1.0385968076910879e-05,633097542.6716319,41158318.47795445
bonk,Bonk,2024-02-10,1.2197134850646185e-05,741715121.4263232,188938506.20410147
bonk,Bonk,2024-02-11,1.3321984408998393e-05,810928377.8711826,179363094.33890197
bonk,Bonk,2024-02-12,1.2313472638386117e-05,748945695.1559156,118303161.8070752
bonk,Bonk,2024-02-13,1.3240672767748241e-05,805339700.7740809,117383518.87667578
bonk,Bonk,2024-02-14,1.2560859159257842e-05,763306322.7064787,80535807.56350207
bonk,Bonk,2024-02-15,1.4203266939482814e-05,865463890.6475135,128727262.07238859
bonk,Bonk,2024-02-16,1.3905814088124413e-05,846518990.0151514,122885159.548861
bonk,Bonk,2024-02-17,1.3298571357828553e-05,810904160.9203261,70211852.59945518
bonk,Bonk,2024-02-18,1.2828210269406592e-05,781142667.6282048,53277129.53593839
bonk,Bonk,2024-02-19,1.3051369149732849e-05,793496752.1772529,48337663.023028016
bonk,Bonk,2024-02-20,1.2985359395195567e-05,790194247.6286947,62421508.86028142
bonk,Bonk,2024-02-21,1.2377224181172544e-05,756080668.8145118,75158589.6511897
bonk,Bonk,2024-02-22,1.1789615682260952e-05,718156473.9219441,64245077.01479602
bonk,Bonk,2024-02-23,1.1701195938388917e-05,762145403.358482,56982862.481175795
bonk,Bonk,2024-02-24,1.1334412557480493e-05,738695961.9179809,53121545.18002827
bonk,Bonk,2024-02-25,1.1703990531319542e-05,762795959.6963468,43782459.23809801
bonk,Bonk,2024-02-26,1.1961153320984734e-05,779251296.8303908,48736983.62034314
bonk,Bonk,2024-02-27,1.3418009196600564e-05,874777418.915551,127704218.48034784
bonk,Bonk,2024-02-28,1.4875967170397865e-05,971620280.762328,322432763.8182051
bonk,Bonk,2024-02-29,1.807087470769852e-05,1171938773.4317734,495947543.8457104
bonk,Bonk,2024-03-01,2.2310885014954555e-05,1460604082.9422581,934946331.8332174
bonk,Bonk,2024-03-02,2.513933439714802e-05,1643781751.8721523,610881427.6106905
bonk,Bonk,2024-03-03,2.4381543089399518e-05,1590407523.063266,600056964.3047521
bonk,Bonk,2024-03-04,2.653448246341331e-05,1727477855.5336397,584811320.8222743
bonk,Bonk,2024-03-05,3.784468688224842e-05,2471491840.989984,1897500021.2011702
bonk,Bonk,2024-03-06,3.1258927215238736e-05,2054073020.4915671,1333570998.7057598
bonk,Bonk,2024-03-07,3.0097636091060616e-05,1970071676.502051,621312565.7287225
bonk,Bonk,2024-03-08,2.7104982263807927e-05,1784970443.2235284,468766363.814558
bonk,Bonk,2024-03-09,3.205705373544353e-05,2097855233.2651415,904381075.6300201
bonk,Bonk,2024-03-10,3.414655165327406e-05,2245192184.2712426,489306411.7597407
bonk,Bonk,2024-03-11,3.09261797384898e-05,2025499947.843826,331893695.42555064
bonk,Bonk,2024-03-12,3.110673365181947e-05,2033766687.34249,352977925.44787097
bonk,Bonk,2024-03-13,2.88048045995703e-05,1891256194.50404,301838098.7893959
bonk,Bonk,2024-03-14,3.199857752867062e-05,2094767648.3813977,502784950.5854016
bonk,Bonk,2024-03-15,3.426804425566537e-05,2252770064.413073,908223313.8698788
bonk,Bonk,2024-03-16,2.968403139384371e-05,1951004125.5260615,586235706.4924339
bonk,Bonk,2024-03-17,2.5061817881261014e-05,1635621932.1451557,354771733.4878523
bonk,Bonk,2024-03-18,2.81509797041053e-05,1844573640.932103,346736328.85360456
bonk,Bonk,2024-03-19,2.3593539761292658e-05,1550163591.9732516,271737004.9296309
bonk,Bonk,2024-03-20,2.170369102555944e-05,1432745759.5301976,325827342.7290966
bonk,Bonk,2024-03-21,2.4568054092369773e-05,1608185291.007212,286022608.97264856
bonk,Bonk,2024-03-22,2.2831197744701316e-05,1498962448.580929,172088899.97198457
bonk,Bonk,2024-03-23,2.1639922021220645e-05,1421120776.7764015,147522626.9200411
bonk,Bonk,2024-03-24,2.215785336139854e-05,1461178992.441877,123743840.5665517
bonk,Bonk,2024-03-25,2.409225669740884e-05,1582693561.8735914,123549261.726134
bonk,Bonk,2024-03-26,2.5226279625751223e-05,1658568666.7213452,198674097.51660758
bonk,Bonk,2024-03-27,2.698498243664306e-05,1773142847.83764,263128450.4645945
bonk,Bonk,2024-03-28,2.592359281296499e-05,1700481996.7376077,173380727.84862843
bonk,Bonk,2024-03-29,2.8282686842110813e-05,1862523088.604329,319895482.74903405
bonk,Bonk,2024-03-30,2.6414647754619574e-05,1739193877.057011,182999311.00412184
bonk,Bonk,2024-03-31,2.7033136840661785e-05,1779660544.3997684,227142161.9122529
bonk,Bonk,2024-04-01,2.8010865404449746e-05,1850264510.3483858,137012756.95699015
bonk,Bonk,2024-04-02,2.5876910230591005e-05,1711424413.1576655,162526914.93699828
bonk,Bonk,2024-04-03,2.26880612950566e-05,1499895231.1733243,151446076.33163324
bonk,Bonk,2024-04-04,2.2484637656440918e-05,1486129049.6936598,121737352.36339
bonk,Bonk,2024-04-05,2.3102775252387358e-05,1523579547.7876334,399414404.096451
bonk,Bonk,2024-04-06,2.188748648521641e-05,1444595186.3092265,107942115.75206462
bonk,Bonk,2024-04-07,2.2748330897947148e-05,1504419098.0564518,76641968.3694304
bonk,Bonk,2024-04-08,2.3558436937881927e-05,1557650560.5278263,90524736.42794493
bonk,Bonk,2024-04-09,2.4412576775095918e-05,1613130536.7005079,113637571.68577605
bonk,Bonk,2024-04-10,2.2292217709014607e-05,1469060925.8951051,98598026.69825819
bonk,Bonk,2024-04-11,2.2649185351558117e-05,1491244057.4337237,103169061.78782082
bonk,Bonk,2024-04-12,2.1734762685661973e-05,1435121318.618666,79083639.49307458
bonk,Bonk,2024-04-13,1.737638217114842e-05,1151092667.547116,177262381.52958828
bonk,Bonk,2024-04-14,1.5529014559017213e-05,1033709037.2696781,209283266.0714824
bonk,Bonk,2024-04-15,1.6284389991234973e-05,1078260807.9948545,120840476.06271076
bonk,Bonk,2024-04-16,1.4687973409683736e-05,971828462.1165812,106362179.5253341
bonk,Bonk,2024-04-17,1.4680774767881958e-05,974601482.1702133,101077392.12073979
bonk,Bonk,2024-04-18,1.3943157498457349e-05,923497295.7654604,72205788.6250702
bonk,Bonk,2024-04-19,1.4721238838877398e-05,976338241.2558367,71150506.08394702
bonk,Bonk,2024-04-20,1.4916480900859076e-05,989748956.6893829,100550043.20725083
bonk,Bonk,2024-04-21,1.9527974839635303e-05,1295970943.2175064,198668799.37115067
bonk,Bonk,2024-04-22,2.090762104819016e-05,1386427302.5472343,377307974.70672977
bonk,Bonk,2024-04-23,2.025282707745467e-05,1342746882.9850323,177938019.48607513
bonk,Bonk,2024-04-24,2.462738514672155e-05,1626747761.4507866,323037059.328646
bonk,Bonk,2024-04-25,2.444609493406261e-05,1616726285.4937,612606928.1426232
bonk,Bonk,2024-04-26,2.716194452631166e-05,1813289327.491912,535086760.54114145
bonk,Bonk,2024-04-27,2.5502209666364854e-05,1690534819.5238578,412570466.4244147
bonk,Bonk,2024-04-28,2.464654054743054e-05,1631841047.5962682,327697814.67019075
bonk,Bonk,2024-04-29,2.5022412146676954e-05,1656789058.86972,281413933.0592867
bonk,Bonk,2024-04-30,2.5472205288681643e-05,1690857538.2534356,273598037.9167481
bonk,Bonk,2024-05-01,2.267134071658068e-05,1513818583.622965,266828177.16355604
bonk,Bonk,2024-05-02,2.2997957927810717e-05,1533309310.8063939,397323089.6074303
bonk,Bonk,2024-05-03,2.536443449717124e-05,1681471630.7381654,403784734.4474484
bonk,Bonk,2024-05-04,2.7181280610577e-05,1800414752.8334563,415018737.07729036
bonk,Bonk,2024-05-05,2.7532071086071586e-05,1825962278.2089846,353134267.95767
bonk,Bonk,2024-05-06,2.6387975241945695e-05,1746838909.7453754,209498158.94163156
bonk,Bonk,2024-05-07,2.4942593342437675e-05,1654429811.358242,293167312.1726052
bonk,Bonk,2024-05-08,2.3802230688942595e-05,1579301462.305787,167291566.78158846
bonk,Bonk,2024-05-09,2.3493136257380294e-05,1552864815.417242,153407640.70427683
bonk,Bonk,2024-05-10,2.4611628523839635e-05,1631553687.1872506,194971626.48491046
bonk,Bonk,2024-05-11,2.2906538634525993e-05,1518500540.9040837,220490574.31147087
bonk,Bonk,2024-05-12,2.2860076470147293e-05,1514083794.2370636,109287266.72457795
bonk,Bonk,2024-05-13,2.280643750955238e-05,1512340131.7732046,73015544.17075133
bonk,Bonk,2024-05-14,2.3323903218929042e-05,1545591377.301707,288151977.8713061
bonk,Bonk,2024-05-15,2.2898983909841656e-05,1518070252.4477699,249556693.89830974
bonk,Bonk,2024-05-16,2.4860582536228347e-05,1650464649.0090814,280512143.3910473
bonk,Bonk,2024-05-17,2.3918843344003085e-05,1586070519.629923,273320054.02479315
bonk,Bonk,2024-05-18,2.4467420743166996e-05,1619876801.4932394,191333517.66547528
bonk,Bonk,2024-05-19,2.6270867158998997e-05,1743650717.864874,326693229.8117043
bonk,Bonk,2024-05-20,2.519496045460241e-05,1666675955.7143748,539085576.5895575
bonk,Bonk,2024-05-21,3.039581326715999e-05,2008102916.359585,585211311.5266345
bonk,Bonk,2024-05-22,3.28739766079775e-05,2175607456.9524565,1015420156.2021977
bonk,Bonk,2024-05-23,3.2232836389412494e-05,2137742837.5586503,686700513.4033325
bonk,Bonk,2024-05-24,3.518543285110827e-05,2325825101.009568,1001153923.8661337
bonk,Bonk,2024-05-25,3.3180956760033176e-05,2200621370.984009,474983809.96717685
bonk,Bonk,2024-05-26,3.495921219974579e-05,2317606663.0651464,512468269.7226956
bonk,Bonk,2024-05-27,3.3896590859599226e-05,2250763809.359382,356537832.3129019
bonk,Bonk,2024-05-28,3.9112652817858515e-05,2588643718.508705,776264476.3419844
bonk,Bonk,2024-05-29,4.119695793002034e-05,2726057155.328218,1110914869.115014
bonk,Bonk,2024-05-30,3.6403329687182716e-05,2410860815.1985836,653519335.0729125
bonk,Bonk,2024-05-31,3.389780012066548e-05,2241270664.3231955,757675450.8523116
bonk,Bonk,2024-06-01,3.4514590566328745e-05,2289389542.4760256,491343611.6506198
bonk,Bonk,2024-06-02,3.319409714606468e-05,2200056564.792553,267826627.46700826
bonk,Bonk,2024-06-03,3.1730879573251245e-05,2103707463.744263,315203904.43732834
bonk,Bonk,2024-06-04,3.2008255903304775e-05,2122274868.8639822,564021322.2318463
bonk,Bonk,2024-06-05,3.313515964522009e-05,2196019017.7267666,400913643.0778184
bonk,Bonk,2024-06-06,3.391704581984475e-05,2247049863.9187617,583858670.777239
bonk,Bonk,2024-06-07,3.1762156467003266e-05,2109192528.5849905,290644537.02139384
bonk,Bonk,2024-06-08,2.886387295545417e-05,1912660780.3642557,602053875.6746529
bonk,Bonk,2024-06-09,2.752929178834944e-05,1824675506.3895392,303988631.2217018
bonk,Bonk,2024-06-10,2.862049415748837e-05,1893203928.4526458,260459556.16591603
bonk,Bonk,2024-06-11,2.707935129356389e-05,1795201854.534663,247542283.12502974
bonk,Bonk,2024-06-12,2.7209295217085295e-05,1802505695.9269366,442073350.7250016
bonk,Bonk,2024-06-13,2.8946747804091823e-05,1918500936.734662,471732210.16795826
bonk,Bonk,2024-06-14,2.561235774799771e-05,1703189790.0200977,313175338.8276283
bonk,Bonk,2024-06-15,2.423923399053625e-05,1607802459.1496985,268043617.94671214
bonk,Bonk,2024-06-16,2.4435455011486092e-05,1618581988.617732,155216379.36902943
bonk,Bonk,2024-06-17,2.5242508634604517e-05,1673132398.0087614,145870368.94204313
bonk,Bonk,2024-06-18,2.3019967664717714e-05,1525837801.42829,275674582.46893966
bonk,Bonk,2024-06-19,2.1119709464468208e-05,1397400684.0894682,299425856.16864085
bonk,Bonk,2024-06-20,2.1051384431247553e-05,1394384095.6264052,219598679.1214428
bonk,Bonk,2024-06-21,2.112584637489894e-05,1402297585.8482249,224025176.4550147
bonk,Bonk,2024-06-22,2.0362177492616337e-05,1348032754.1604633,245681791.60019946
bonk,Bonk,2024-06-23,2.0629965624328976e-05,1367871432.9666295,139806839.67945477
bonk,Bonk,2024-06-24,1.9944883202228835e-05,1321583319.6024785,152519566.6737547
bonk,Bonk,2024-06-25,2.1827785424743117e-05,1447694268.7826498,348486327.8541241
bonk,Bonk,2024-06-26,2.3195238708772805e-05,1536979012.8841112,353308389.2697563
bonk,Bonk,2024-06-27,2.1877520472844887e-05,1450860906.7114518,222088791.54774854
bonk,Bonk,2024-06-28,2.45709980538596e-05,1627999168.7981796,374316063.08606863
bonk,Bonk,2024-06-29,2.2573220296351025e-05,1497295752.3659759,242740582.30345163
bonk,Bonk,2024-06-30,2.2302632690405676e-05,1478364439.659303,149164909.09185454
bonk,Bonk,2024-07-01,2.2552797648350596e-05,1491293543.6396658,151032179.1880392
bonk,Bonk,2024-07-02,2.5527276769747513e-05,1691040482.0698345,369724282.63159174
bonk,Bonk,2024-07-03,2.5377706783610836e-05,1680827746.730887,458476229.2770151
bonk,Bonk,2024-07-04,2.2450247592989083e-05,1487585188.6244938,319385515.6414055
bonk,Bonk,2024-07-05,2.0700094278093407e-05,1373544898.9810896,324814160.86801
bonk,Bonk,2024-07-06,2.1818060576747544e-05,1445913419.7363894,526022464.90150297
bonk,Bonk,2024-07-07,2.322936731257547e-05,1538747877.262718,297402183.79757345
bonk,Bonk,2024-07-08,2.1102672184182016e-05,1393090833.2896736,245637184.75516596
bonk,Bonk,2024-07-09,2.3985740841594294e-05,1591749625.6789546,707395258.5895928
bonk,Bonk,2024-07-10,2.581514048558426e-05,1713087326.9425368,568735606.6031413
bonk,Bonk,2024-07-11,2.6396704788607154e-05,1748823029.7257175,282884172.960218
bonk,Bonk,2024-07-12,2.3529306403408113e-05,1629187440.8221328,438231640.54464966
bonk,Bonk,2024-07-13,2.251675188465075e-05,1558541806.3518941,297524000.198499
bonk,Bonk,2024-07-14,2.27406264073883e-05,1581894565.572588,180767516.83230373
bonk,Bonk,2024-07-15,2.4063269192330265e-05,1674817881.553759,289315273.6694689
bonk,Bonk,2024-07-16,2.6804255723297504e-05,1862520660.8707926,424518180.7100989
bonk,Bonk,2024-07-17,2.8554252606878653e-05,1982661356.8112729,712375873.1076615
bonk,Bonk,2024-07-18,2.6701257396632827e-05,1858994329.814259,387949511.51474947
bonk,Bonk,2024-07-19,2.6849438319868682e-05,1864983959.9828207,403616915.636899
bonk,Bonk,2024-07-20,3.149126782069784e-05,2193455803.8123217,780740691.2942747
bonk,Bonk,2024-07-21,3.0978224444741717e-05,2152195467.5206656,501804297.5314964
bonk,Bonk,2024-07-22,3.254066462640515e-05,2260745158.070118,457455965.1861281
bonk,Bonk,2024-07-23,3.006458882065761e-05,2085712590.866997,362396625.05779016
bonk,Bonk,2024-07-24,2.831015249137801e-05,1967409093.4901462,431151836.3079995
bonk,Bonk,2024-07-25,2.741104699011646e-05,1904374371.1872542,383197830.6401011
bonk,Bonk,2024-07-26,2.7055471017680836e-05,1879664284.8190491,389525411.88931537
bonk,Bonk,2024-07-27,2.856775146081177e-05,1983902299.827903,280000968.26221454
bonk,Bonk,2024-07-28,2.8389489783690936e-05,1974206108.1060562,348890740.94488543
bonk,Bonk,2024-07-29,2.805370783883272e-05,1948445938.7719228,173234470.15922067
bonk,Bonk,2024-07-30,2.6945841562915312e-05,1875282449.7601383,288666684.5939294
bonk,Bonk,2024-07-31,2.5955566642394618e-05,1802377502.005807,281928990.7736528
bonk,Bonk,2024-08-01,2.457556424828693e-05,1707374096.9651957,221206931.326711
bonk,Bonk,2024-08-02,2.4933289927540973e-05,1732834972.8142345,295454794.4783564
bonk,Bonk,2024-08-03,2.2368981989209047e-05,1552340237.137199,355702295.69686383
bonk,Bonk,2024-08-04,2.1039200270120155e-05,1456606817.5300658,238650739.79286873
bonk,Bonk,2024-08-05,1.9773580810549183e-05,1374624460.6034813,296562240.9975819
bonk,Bonk,2024-08-06,1.793619592459266e-05,1241924874.6682525,732218644.8184825
bonk,Bonk,2024-08-07,1.9809816512499235e-05,1375371027.5899193,372470462.2279842
bonk,Bonk,2024-08-08,1.9111907977176885e-05,1327789518.6511898,426664173.75877374
bonk,Bonk,2024-08-09,2.1772184945771887e-05,1507339813.0997896,321328671.79771644
bonk,Bonk,2024-08-10,2.0812182235828265e-05,1444020593.9610143,221284982.73593652
bonk,Bonk,2024-08-11,2.044704960415357e-05,1418435855.6848469,113961172.65265495
bonk,Bonk,2024-08-12,1.8844371135581304e-05,1308544809.6950037,172617229.68892294
bonk,Bonk,2024-08-13,2.000604368050117e-05,1389088280.878028,219188033.21937385
bonk,Bonk,2024-08-14,1.9825265639998524e-05,1376264041.3186305,141186699.76931155
bonk,Bonk,2024-08-15,1.9247360501356872e-05,1337585378.9243753,161957157.80624503
bonk,Bonk,2024-08-16,1.860393776042307e-05,1291556830.0796819,200960047.11243698
bonk,Bonk,2024-08-17,1.7558262376999115e-05,1221119413.9227037,150262942.08897224
bonk,Bonk,2024-08-18,1.7945403049897885e-05,1247440070.8494456,106482188.58714293
bonk,Bonk,2024-08-19,1.7679077628574302e-05,1230000577.6887288,101328052.48177314
bonk,Bonk,2024-08-20,1.7878920314198995e-05,1241338967.970013,148847327.47509488
bonk,Bonk,2024-08-21,1.816596384070534e-05,1262601065.9787347,178460148.1153147
bonk,Bonk,2024-08-22,1.853734939494463e-05,1288831951.8893366,136059251.3123536
bonk,Bonk,2024-08-23,1.894425856608852e-05,1315957032.7536454,127131555.68829414
bonk,Bonk,2024-08-24,2.0714256842745916e-05,1439035751.970462,273614063.41707414
bonk,Bonk,2024-08-25,2.2006919915768966e-05,1527700493.079453,272648465.7013435
bonk,Bonk,2024-08-26,2.1038111670427534e-05,1461611483.351923,169557575.62330383
bonk,Bonk,2024-08-27,1.972857062547993e-05,1370503852.576587,169629820.31068933
bonk,Bonk,2024-08-28,1.8267330586606653e-05,1272180255.622514,183631443.41516995
bonk,Bonk,2024-08-29,1.810115583109368e-05,1259551549.9536293,173849871.41045505
bonk,Bonk,2024-08-30,1.8061288000799413e-05,1255352023.9696884,126992271.33970945
bonk,Bonk,2024-08-31,1.775908169383066e-05,1233390271.6697636,122601490.59212285
bonk,Bonk,2024-09-01,1.7339183667443133e-05,1204043495.3097243,59247131.108277634
bonk,Bonk,2024-09-02,1.6490112906366812e-05,1147231510.6395543,94113702.0436702
bonk,Bonk,2024-09-03,1.7499106875566776e-05,1215411192.4151528,121462303.1824059
bonk,Bonk,2024-09-04,1.665697767266492e-05,1158870285.839059,108409630.42475991
bonk,Bonk,2024-09-05,1.6849672561455083e-05,1168075310.8600473,135173851.42644224
bonk,Bonk,2024-09-06,1.5914524422827433e-05,1106484119.2794423,115356281.398196
bonk,Bonk,2024-09-07,1.5838957860543893e-05,1100814360.6135101,201121026.58523765
bonk,Bonk,2024-09-08,1.5882112899634362e-05,1101706013.0425663,94629989.08576392
bonk,Bonk,2024-09-09,1.6408875741644898e-05,1143464082.4133313,102948840.19287553
bonk,Bonk,2024-09-10,1.7226483406142966e-05,1200508572.5364223,157978285.47582015
bonk,Bonk,2024-09-11,1.723446774861333e-05,1195476427.6798127,122284381.54838796
bonk,Bonk,2024-09-12,1.6581855348754996e-05,1152160180.990602,130542686.11414923
bonk,Bonk,2024-09-13,1.7078905308561072e-05,1186933076.3645813,107387669.80004074
bonk,Bonk,2024-09-14,1.7692768934429993e-05,1229428179.3911717,98726743.10860983
bonk,Bonk,2024-09-15,1.716650732501096e-05,1193012376.224763,66709402.04065126
bonk,Bonk,2024-09-16,1.6520124910907526e-05,1147037936.7156281,69545330.78097248
bonk,Bonk,2024-09-17,1.6174832738762727e-05,1125334673.5915718,74036407.3206005
bonk,Bonk,2024-09-18,1.653461655271765e-05,1149224274.0706294,80751408.36748496
bonk,Bonk,2024-09-19,1.6812355389528865e-05,1165332657.1369457,102154866.63773286
bonk,Bonk,2024-09-20,1.7640554160203603e-05,1225201368.6327155,193409736.48136917
bonk,Bonk,2024-09-21,1.8198982030421846e-05,1263047818.5950494,168976978.48485708
bonk,Bonk,2024-09-22,1.8406056620210642e-05,1279435700.1463935,105832218.54535976
bonk,Bonk,2024-09-23,1.7120974983261114e-05,1189122755.2880447,111050026.92487647
bonk,Bonk,2024-09-24,1.7613011072779916e-05,1222819867.5967276,125666547.43353395
bonk,Bonk,2024-09-25,1.856342968740888e-05,1289728970.2097905,173613143.92945668
bonk,Bonk,2024-09-26,1.8552637200384895e-05,1288403674.7645192,212189362.6110729
bonk,Bonk,2024-09-27,2.0953855652174237e-05,1457599922.967449,298060899.08945954
bonk,Bonk,2024-09-28,2.319908172035125e-05,1611145898.511542,490709566.81966716
bonk,Bonk,2024-09-29,2.406297905310611e-05,1671266998.6605847,353413459.9906826
bonk,Bonk,2024-09-30,2.2882332500474062e-05,1588470761.7533882,384035877.1286199
bonk,Bonk,2024-10-01,2.3799634066209978e-05,1653177424.9963474,784728362.9622408
bonk,Bonk,2024-10-02,2.3706165999759965e-05,1643812642.3141453,933575829.0688692
bonk,Bonk,2024-10-03,2.210312279941817e-05,1534901356.761844,755117120.4985155
bonk,Bonk,2024-10-04,1.9817993853685967e-05,1375851095.229826,585320824.8588035
bonk,Bonk,2024-10-05,2.151235645159832e-05,1493279844.3569317,518697991.5923165
bonk,Bonk,2024-10-06,2.0616372586740398e-05,1432112519.970166,250717379.7392775
bonk,Bonk,2024-10-07,2.1931606892441016e-05,1526152323.8009317,282706084.79079765
bonk,Bonk,2024-10-08,2.1228947605423224e-05,1475366419.163025,443646917.7083702
bonk,Bonk,2024-10-09,2.0968968998257864e-05,1457736954.283415,275258086.06608045
bonk,Bonk,2024-10-10,1.9882290489860706e-05,1381462697.3411605,246433305.90135464
bonk,Bonk,2024-10-11,2.021479028006834e-05,1403054011.569089,218838783.24815574
bonk,Bonk,2024-10-12,2.1461161855728964e-05,1491001027.2065566,224717081.71284968
bonk,Bonk,2024-10-13,2.171629765051983e-05,1508786667.675742,181015784.13700458
bonk,Bonk,2024-10-14,2.1029873489336032e-05,1460520725.5812776,179891936.90156618
bonk,Bonk,2024-10-15,2.3158430065384493e-05,1611410069.0122743,369083794.3310683
bonk,Bonk,2024-10-16,2.2394968243219816e-05,1555705921.2290797,409187656.0618326
bonk,Bonk,2024-10-17,2.4380456685858452e-05,1690072944.1558573,581385629.3801154
bonk,Bonk,2024-10-18,2.2380465258308936e-05,1554286176.7622514,340320456.7302179
bonk,Bonk,2024-10-19,2.365340146992947e-05,1644441403.5485265,274191575.4611662
bonk,Bonk,2024-10-20,2.3494699103616424e-05,1632162759.50794,211169728.73347974
bonk,Bonk,2024-10-21,2.4143015134498004e-05,1675178598.9441466,192041297.97596148
bonk,Bonk,2024-10-22,2.3448749046569707e-05,1629066712.305745,334871678.3987502
bonk,Bonk,2024-10-23,2.2746499614394353e-05,1580036664.5998054,369773617.66868144
bonk,Bonk,2024-10-24,2.1886936305366457e-05,1520561188.8577745,233693501.7809163
bonk,Bonk,2024-10-25,2.2944395521526412e-05,1591305227.7582288,218432320.5958137
bonk,Bonk,2024-10-26,2.0319874983910575e-05,1408678361.4035726,262311691.6602024
bonk,Bonk,2024-10-27,2.1121833927730076e-05,1467803776.8120446,159452726.17969555
bonk,Bonk,2024-10-28,2.1329104210375374e-05,1481797413.4852834,130338390.22157219
bonk,Bonk,2024-10-29,2.125759410587704e-05,1478260900.5970712,242888957.24039435
bonk,Bonk,2024-10-30,2.1902767267414017e-05,1520267316.9532728,245207569.61568207
bonk,Bonk,2024-10-31,2.114921211815911e-05,1470759467.9597917,240420238.2429433
bonk,Bonk,2024-11-01,2.0190044992799286e-05,1403615043.4595604,154750092.22773588
bonk,Bonk,2024-11-02,1.92336897071029e-05,1336133460.6917675,167555851.5318886
bonk,Bonk,2024-11-03,1.895039991531855e-05,1316196616.5388477,104010390.56026772
bonk,Bonk,2024-11-04,1.803832434687152e-05,1254185565.7638972,175022352.35725266
bonk,Bonk,2024-11-05,1.7831103834780935e-05,1238355497.3028321,138781129.02599725
bonk,Bonk,2024-11-06,1.9178607187620934e-05,1334392554.6282058,229536028.64552796
bonk,Bonk,2024-11-07,2.259087562462789e-05,1568886209.1785762,575030794.7325906
bonk,Bonk,2024-11-08,2.2578147878482232e-05,1563793663.6076562,351707416.593756
bonk,Bonk,2024-11-09,2.196069282321879e-05,1524279629.6298313,304441142.0714333
bonk,Bonk,2024-11-10,2.2404383322389775e-05,1556682997.9662085,260636053.62324604
bonk,Bonk,2024-11-11,2.5324451196177707e-05,1759666288.6428697,1104139619.7772055
bonk,Bonk,2024-11-12,2.6984971857724835e-05,1879672631.0098598,967945641.0753242
bonk,Bonk,2024-11-13,3.843634057229888e-05,2677188678.768091,2560482927.2355156
bonk,Bonk,2024-11-14,3.760535157402373e-05,2613933873.7237315,3081317083.762632
bonk,Bonk,2024-11-15,3.555396361652202e-05,2462085824.035147,2238644969.914977
bonk,Bonk,2024-11-16,4.564430659860319e-05,3170904546.6088896,1868643709.7309828
bonk,Bonk,2024-11-17,4.7191238639059356e-05,3272350787.5683584,1850485939.6254196
bonk,Bonk,2024-11-18,5.13698237079159e-05,3569577246.106578,3124425683.826064
bonk,Bonk,2024-11-19,4.8269688544581114e-05,3347579194.843384,1792608224.2320113
bonk,Bonk,2024-11-20,5.223972072541943e-05,3921967062.600984,2248976241.7222567
bonk,Bonk,2024-11-21,5.0290110031706295e-05,3789098098.5821934,3129581650.1610446
bonk,Bonk,2024-11-22,5.368760917303322e-05,4030727165.475311,2036158819.5668113
bonk,Bonk,2024-11-23,4.950540457375299e-05,3719457698.7735343,1146610748.6208458
bonk,Bonk,2024-11-24,4.7584606183455446e-05,3583617381.305509,1442651663.9550736
bonk,Bonk,2024-11-25,4.7934106828151914e-05,3603859252.4994826,1248466593.8634114
bonk,Bonk,2024-11-26,4.3447940422359505e-05,3264546612.475923,1218812876.361979
bonk,Bonk,2024-11-27,4.247037649093471e-05,3193387326.197451,847966031.4126561
bonk,Bonk,2024-11-28,4.392596611125148e-05,3299706639.8914266,718256526.242445
bonk,Bonk,2024-11-29,4.299826575994346e-05,3237103043.3355846,510669880.1060666
bonk,Bonk,2024-11-30,4.670267475280557e-05,3514346767.58571,1012049235.5710747
bonk,Bonk,2024-12-01,4.4995167220138404e-05,3386910165.7854924,564149170.2562708
bonk,Bonk,2024-12-02,4.62096269709692e-05,3478095980.120168,760844632.6071208
bonk,Bonk,2024-12-03,4.282602439177346e-05,3232594583.542895,829900208.6180626
bonk,Bonk,2024-12-04,4.1784808537791175e-05,3156999753.511572,929911190.3363657
bonk,Bonk,2024-12-05,4.2022172599496936e-05,3167431061.1866074,772701741.8172969
bonk,Bonk,2024-12-06,4.284275814348006e-05,3236401803.182999,939560308.07814
bonk,Bonk,2024-12-07,4.2958005598282876e-05,3244216447.10346,653118739.3681042
bonk,Bonk,2024-12-08,4.6829681536961986e-05,3547100704.3517356,907944468.7104421
bonk,Bonk,2024-12-09,4.597890908840088e-05,3474320990.2171693,746165613.1040474
bonk,Bonk,2024-12-10,3.9169794245500224e-05,2960178852.9442115,1267760041.9354615
bonk,Bonk,2024-12-11,3.5813377346962194e-05,2706939975.494037,888269139.4864846
bonk,Bonk,2024-12-12,3.929987249766939e-05,2972747022.9329557,601569334.3512182
bonk,Bonk,2024-12-13,3.792982512027304e-05,2869097816.910801,491605899.7447996
bonk,Bonk,2024-12-14,3.865542465136718e-05,2923804242.648213,424695804.48941517
bonk,Bonk,2024-12-15,3.6461044145050824e-05,2757161002.0410724,302283324.8953283
bonk,Bonk,2024-12-16,3.680260151095401e-05,2788297440.7458863,320301778.17413175
bonk,Bonk,2024-12-17,3.697904472548944e-05,2802392330.75821,514829290.9047749
bonk,Bonk,2024-12-18,3.575585355589545e-05,2710661519.336925,601104918.0921773
bonk,Bonk,2024-12-19,3.112705570003833e-05,2353516718.3920016,640300041.1716241
bonk,Bonk,2024-12-20,2.9492433934148296e-05,2243875847.421398,760948384.1127493
bonk,Bonk,2024-12-21,3.346841139442798e-05,2535462632.825111,934429070.1548176
bonk,Bonk,2024-12-22,2.9992733247688794e-05,2267896676.262843,523308041.4199242
bonk,Bonk,2024-12-23,3.120883060344286e-05,2370204072.039414,412642385.9952478
bonk,Bonk,2024-12-24,3.235671953967362e-05,2452587961.660725,362728626.6305984
bonk,Bonk,2024-12-25,3.349773447407182e-05,2534663921.5743623,305281807.2133902
bonk,Bonk,2024-12-26,3.287863133585287e-05,2492920697.608152,301216481.57704514
bonk,Bonk,2024-12-27,3.0369230100434827e-05,2302358978.589178,300412313.4823325
bonk,Bonk,2024-12-28,3.191763527325445e-05,2422324999.552052,372129509.9070214
bonk,Bonk,2024-12-29,3.2724601272407996e-05,2485108917.3381815,219923848.9979896
bonk,Bonk,2024-12-30,3.083950412382928e-05,2340521522.7500134,165875655.84567317
bonk,Bonk,2024-12-31,3.0946844777868343e-05,2348097762.5179806,324621122.8696308
bonk,Bonk,2025-01-01,3.062734287681443e-05,2326649472.288499,263838565.27380028
bonk,Bonk,2025-01-02,2.9655032711610296e-05,2253401633.4989567,258937229.91369757
bonk,Bonk,2025-01-03,3.180108791620179e-05,2420468674.7018394,410379200.9402338
bonk,Bonk,2025-01-04,3.575553189754248e-05,2722958989.143545,515493808.8326772
bonk,Bonk,2025-01-05,3.563093371642847e-05,2718099768.0689945,277378984.9208951
bonk,Bonk,2025-01-06,3.437329307717867e-05,2622562181.3081827,250429990.4639607
bonk,Bonk,2025-01-07,3.51281476106659e-05,2676763570.622017,327103116.9304507
bonk,Bonk,2025-01-08,3.091485651992662e-05,2360140812.2860646,323818633.9885791
bonk,Bonk,2025-01-09,2.878642288902843e-05,2195899982.712397,303067440.90360576
bonk,Bonk,2025-01-10,2.7201286708843305e-05,2074207229.5291154,228395742.42982858
bonk,Bonk,2025-01-11,2.7621512731055755e-05,2109865579.8560083,197577876.68326125
bonk,Bonk,2025-01-12,2.8111183356900222e-05,2145140734.7319348,126697593.91107893
bonk,Bonk,2025-01-13,2.7472095615729673e-05,2095280294.8338087,105415586.44822474
bonk,Bonk,2025-01-14,2.6249586126291835e-05,2002209315.436179,223215528.0240774
bonk,Bonk,2025-01-15,2.7302597717168783e-05,2084977786.6457205,131310065.06837976
bonk,Bonk,2025-01-16,2.9252167191598938e-05,2231918586.632217,188489748.62632856
bonk,Bonk,2025-01-17,2.840786596857519e-05,2170287358.0477533,220358365.25363854
bonk,Bonk,2025-01-18,3.353379132285315e-05,2565089283.1094084,421894333.94906664
bonk,Bonk,2025-01-19,3.37313537477133e-05,2576890929.809448,980581728.5061855
bonk,Bonk,2025-01-20,3.246340967280669e-05,2482248543.52905,1277496699.760377
bonk,Bonk,2025-01-21,3.0095375123276404e-05,2302726568.698596,1053438616.1253254
bonk,Bonk,2025-01-22,3.2946189814062416e-05,2518448081.651737,926284088.923237
bonk,Bonk,2025-01-23,3.1957421404744e-05,2448693235.6048107,542236208.1792912
bonk,Bonk,2025-01-24,3.1386469864987366e-05,2401945781.2719636,394513831.6127757
bonk,Bonk,2025-01-25,2.9658479038418006e-05,2264354741.270996,285106550.633706
bonk,Bonk,2025-01-26,2.933431979505978e-05,2248165609.348158,162601244.2699303
bonk,Bonk,2025-01-27,2.7281633752980787e-05,2089976775.2818773,145232058.3769205
bonk,Bonk,2025-01-28,2.613232600986694e-05,1999191073.983876,354734781.8611735
bonk,Bonk,2025-01-29,2.29876591423517e-05,1757992189.0158856,191859033.34351644
bonk,Bonk,2025-01-30,2.433923363496613e-05,1865321613.8333094,295935547.85020703
bonk,Bonk,2025-01-31,2.4918649600456126e-05,1910469231.3688135,238513993.40752143
bonk,Bonk,2025-02-01,2.4804145787822148e-05,1900273220.116465,212727393.86769903
bonk,Bonk,2025-02-02,2.2049519608731576e-05,1694491008.4134955,170549230.08102036
bonk,Bonk,2025-02-03,1.919262280473831e-05,1473913385.7647262,274359063.8885054
bonk,Bonk,2025-02-04,1.9973820931223296e-05,1536402999.6534395,581897865.7687594
bonk,Bonk,2025-02-05,1.8410193413630237e-05,1411195366.1713622,226905016.85364503
bonk,Bonk,2025-02-06,1.7624069857109178e-05,1353958708.3679936,137694955.05390045
bonk,Bonk,2025-02-07,1.670958439543448e-05,1285253103.7146125,138195952.23726302
bonk,Bonk,2025-02-08,1.66794841090568e-05,1286710650.3420377,145748578.7420747
bonk,Bonk,2025-02-09,1.776962215586975e-05,1372447667.2586217,87078370.55370115
bonk,Bonk,2025-02-10,1.727365807906146e-05,1333085670.7187524,112217749.8846433
bonk,Bonk,2025-02-11,1.749961797792201e-05,1350425320.8819447,175464435.7799107
bonk,Bonk,2025-02-12,1.762697442560336e-05,1361433307.3910694,151454232.52539223
bonk,Bonk,2025-02-13,1.8226737796619563e-05,1406303198.7661936,157473286.13274807
bonk,Bonk,2025-02-14,1.7515724296216435e-05,1353159027.0962543,91069279.86367296
bonk,Bonk,2025-02-15,1.858286684532165e-05,1435559212.225795,201295339.38627365
bonk,Bonk,2025-02-16,1.8007506742248846e-05,1391109955.61933,85205805.40752913
bonk,Bonk,2025-02-17,1.742781230504133e-05,1346430033.7531087,67654545.44086118
bonk,Bonk,2025-02-18,1.6715099691760853e-05,1291456766.2713642,106846845.49573308
bonk,Bonk,2025-02-19,1.5430513711510423e-05,1192166537.486585,134960805.0398351
bonk,Bonk,2025-02-20,1.5625081311781913e-05,1207925817.2747467,72839892.85863055
bonk,Bonk,2025-02-21,1.6057992378801153e-05,1241489638.1184988,69179497.27864541
bonk,Bonk,2025-02-22,1.5473333551025778e-05,1196183203.5403888,110389085.1292906
bonk,Bonk,2025-02-23,1.6155616605299958e-05,1249847913.586728,72185763.50278412
bonk,Bonk,2025-02-24,1.5763402251732044e-05,1218012979.2212398,58121190.33796529
bonk,Bonk,2025-02-25,1.3134286020540067e-05,1016341073.2316782,142511254.97509965
bonk,Bonk,2025-02-26,1.3411767602447483e-05,1039158385.1111234,181544923.37291265
bonk,Bonk,2025-02-27,1.3353704681985669e-05,1033907533.5513738,105186071.33187361
bonk,Bonk,2025-02-28,1.3173497045066724e-05,1019428415.5275764,87794457.95188822
bonk,Bonk,2025-03-01,1.3643206194801825e-05,1056081160.9340609,165931065.1636135
bonk,Bonk,2025-03-02,1.3549114120914416e-05,1048815944.1557955,73605524.6008863
bonk,Bonk,2025-03-03,1.554111508857525e-05,1203573189.07771,164218606.15437818
bonk,Bonk,2025-03-04,1.246734911495036e-05,967262683.3513924,138425537.54668763
bonk,Bonk,2025-03-05,1.1972716336313227e-05,927385291.4766164,181474726.99328667
bonk,Bonk,2025-03-06,1.2316361304837125e-05,953527671.2025374,106294025.72179958
bonk,Bonk,2025-03-07,1.2058702068602842e-05,933712987.2426333,99419771.26689516
bonk,Bonk,2025-03-08,1.2017952607278004e-05,930019107.4347484,128885071.66698834
bonk,Bonk,2025-03-09,1.168060621179795e-05,903336697.0632097,64035293.56752445
bonk,Bonk,2025-03-10,1.0127184991639288e-05,784313848.9493564,96907222.58818364
bonk,Bonk,2025-03-11,9.781163905765842e-06,759919131.042698,117437817.92587557
bonk,Bonk,2025-03-12,1.041294698233156e-05,806166110.3201462,117876773.98387063
bonk,Bonk,2025-03-13,1.070410243214919e-05,828707246.5495209,91224052.69858363
bonk,Bonk,2025-03-14,1.041042265040845e-05,807012896.3240609,80489681.85538137
bonk,Bonk,2025-03-15,1.090746793786744e-05,844966156.1211922,72754015.17571226
bonk,Bonk,2025-03-16,1.1039447454174111e-05,854616500.4546076,38077660.14651897
bonk,Bonk,2025-03-17,1.039806890330797e-05,804221173.9317353,48613455.972561546
bonk,Bonk,2025-03-18,1.1085209605025847e-05,858632496.5409545,71687998.76342385
bonk,Bonk,2025-03-19,1.0837408715329523e-05,838406860.0260224,63938756.69828133
bonk,Bonk,2025-03-20,1.1914153620249708e-05,919481088.93616,118313735.06648374
bonk,Bonk,2025-03-21,1.1661731054415584e-05,902974499.8640797,161236378.11366075
bonk,Bonk,2025-03-22,1.1878762710052446e-05,923575442.0016036,132202653.05213076
bonk,Bonk,2025-03-23,1.2078895843449236e-05,935949695.9712435,111780189.6090698
bonk,Bonk,2025-03-24,1.3893422483361244e-05,1073141062.4667736,210653291.8382606
bonk,Bonk,2025-03-25,1.4069939601949772e-05,1087537670.6068003,198299470.26403365
bonk,Bonk,2025-03-26,1.4032469438093748e-05,1086346775.7240198,97664000.91738631
bonk,Bonk,2025-03-27,1.3919847762942727e-05,1076680148.2358508,162158928.43525612
bonk,Bonk,2025-03-28,1.3623472534803294e-05,1054601755.5662371,101323560.74428092
bonk,Bonk,2025-03-29,1.2257452521121457e-05,948634494.0709233,102117858.63045162
bonk,Bonk,2025-03-30,1.1334305885063918e-05,876832647.9198517,81048314.25911844
bonk,Bonk,2025-03-31,1.1191829936478694e-05,865315448.928115,63025146.98460533
bonk,Bonk,2025-04-01,1.1271508341965667e-05,872635580.7728251,79004474.57531203
bonk,Bonk,2025-04-02,1.2503668998397626e-05,969661378.0333934,130672830.38257831
bonk,Bonk,2025-04-03,1.1094934339796739e-05,859273037.1744351,245877597.98008347
bonk,Bonk,2025-04-04,1.094135892972276e-05,848707144.9660903,108160401.03594781
bonk,Bonk,2025-04-05,1.137389929408349e-05,880828944.9282994,118744058.81299792
bonk,Bonk,2025-04-06,1.1149487229084453e-05,860213888.7921531,52847927.54552417
bonk,Bonk,2025-04-07,9.821857988661053e-06,760554504.3601267,85588693.24333973
bonk,Bonk,2025-04-08,1.0170865906106963e-05,788422869.9453031,162811434.93588027
bonk,Bonk,2025-04-09,9.502251551174979e-06,735728212.5184315,84177543.98465078
bonk,Bonk,2025-04-10,1.1089295984009481e-05,859687048.2515677,152306707.7604063
bonk,Bonk,2025-04-11,1.0651056639658406e-05,824768773.5387515,80819617.46259473
bonk,Bonk,2025-04-12,1.2584408080749575e-05,968906366.9255791,193616034.43104473
bonk,Bonk,2025-04-13,1.3915881432207922e-05,1077147937.6916935,188165808.64441127
bonk,Bonk,2025-04-14,1.260007032334763e-05,970955703.1337758,129633925.29733416
bonk,Bonk,2025-04-15,1.279221159032896e-05,990685475.4066819,122841939.07696277
bonk,Bonk,2025-04-16,1.175273369436383e-05,909665073.7565756,113491504.48649749
bonk,Bonk,2025-04-17,1.1768608304317526e-05,910965982.708912,118037971.01569933
bonk,Bonk,2025-04-18,1.1788999650354684e-05,912693807.4222659,77954008.4419177
bonk,Bonk,2025-04-19,1.1913796544792879e-05,922010938.9755201,56310535.439523116
bonk,Bonk,2025-04-20,1.2441051778429097e-05,961622588.1008152,78766856.02809769
bonk,Bonk,2025-04-21,1.2262563083764783e-05,948796395.0166473,67358263.29628958
bonk,Bonk,2025-04-22,1.2306589013064702e-05,951997748.1332814,95085798.73056732
bonk,Bonk,2025-04-23,1.5196596006360682e-05,1176908321.352017,286749422.92009944
bonk,Bonk,2025-04-24,1.4920541219086487e-05,1154899821.8985386,278847357.8993328
bonk,Bonk,2025-04-25,1.5572932698985302e-05,1205948526.7019212,187412698.77993935
bonk,Bonk,2025-04-26,1.9872462767805022e-05,1538276458.628845,452929864.820997
bonk,Bonk,2025-04-27,1.8468451802977e-05,1429092113.223108,495774485.6556039
bonk,Bonk,2025-04-28,1.8622261958503326e-05,1441726593.9079986,283891850.22187555
bonk,Bonk,2025-04-29,2.0392604016834644e-05,1576567844.5907745,503270591.61332995
bonk,Bonk,2025-04-30,2.0323212975995765e-05,1571703933.6613424,305419859.1988666
bonk,Bonk,2025-05-01,1.9585984554434687e-05,1516272716.8765092,260747068.48899305
bonk,Bonk,2025-05-02,1.871996945301702e-05,1448566184.05687,204958023.56673175
bonk,Bonk,2025-05-03,1.870914717995484e-05,1447599450.765651,151256820.2598021
bonk,Bonk,2025-05-04,1.6775189179841383e-05,1300337835.4897952,125968490.48294719
bonk,Bonk,2025-05-05,1.6441850909593245e-05,1272422005.0138295,153990276.61005732
bonk,Bonk,2025-05-06,1.7036806891424886e-05,1320303276.8578384,194097103.93886313
bonk,Bonk,2025-05-07,1.6846642839591174e-05,1302092481.4888444,191723369.1998866
bonk,Bonk,2025-05-08,1.693720699330992e-05,1311745665.3810158,152109030.04867727
bonk,Bonk,2025-05-09,1.978882880632931e-05,1535553862.0425487,465297196.7632584
bonk,Bonk,2025-05-10,2.1665302924613416e-05,1678537088.9106903,950840465.1519235
bonk,Bonk,2025-05-11,2.3845050841858582e-05,1845399864.0837748,620100528.2244421
bonk,Bonk,2025-05-12,2.224961757445087e-05,1722922646.581156,481157833.5464347
bonk,Bonk,2025-05-13,2.2758776540268443e-05,1761024555.615028,1327961062.9174573
bonk,Bonk,2025-05-14,2.3413888297699033e-05,1812366866.8983357,675909156.4888052
bonk,Bonk,2025-05-15,2.2438788327414084e-05,1738626819.468289,725650935.7440319
bonk,Bonk,2025-05-16,2.084443587732241e-05,1620381649.0148258,457547712.001346
bonk,Bonk,2025-05-17,1.95591446383761e-05,1514645049.854471,333855075.40947884
bonk,Bonk,2025-05-18,1.845534834835984e-05,1428941978.4304304,283847686.25656366
bonk,Bonk,2025-05-19,2.0195740496195654e-05,1559226375.3760474,420960388.2548916
bonk,Bonk,2025-05-20,1.9698268122342576e-05,1524128700.104543,319295217.07050234
bonk,Bonk,2025-05-21,1.9927131712145528e-05,1542751806.4914958,266802563.6868321
bonk,Bonk,2025-05-22,2.079167057928607e-05,1611065416.2388337,498375323.7106485
bonk,Bonk,2025-05-23,2.2691708137782994e-05,1756040815.3985662,503366976.31344146
bonk,Bonk,2025-05-24,2.110246143712993e-05,1655687489.9212608,931683358.8401883
bonk,Bonk,2025-05-25,2.114617937539446e-05,1637048150.6075332,327265425.87281716
bonk,Bonk,2025-05-26,2.0849220419789303e-05,1614059903.6967854,335253527.4345629
bonk,Bonk,2025-05-27,2.019604042176222e-05,1563608232.6744218,310875537.0431789
bonk,Bonk,2025-05-28,2.057882286641691e-05,1593181589.6731308,304514226.02201384
bonk,Bonk,2025-05-29,2.0028158377696864e-05,1551190669.9534202,234008102.66632566
bonk,Bonk,2025-05-30,1.887473229197002e-05,1462911754.1894312,240637801.65538168
bonk,Bonk,2025-05-31,1.6352928004970454e-05,1266937496.954827,252205562.500963
bonk,Bonk,2025-06-01,1.6577613451002423e-05,1283392862.0236845,174912218.15645003
bonk,Bonk,2025-06-02,1.6877526126442514e-05,1307244965.9696827,112287337.35674934
bonk,Bonk,2025-06-03,1.7511904551769332e-05,1355998789.6291618,149179649.75189686
bonk,Bonk,2025-06-04,1.676686783230969e-05,1296888686.82942,175789299.64425513
bonk,Bonk,2025-06-05,1.577188448853461e-05,1221567059.5610187,133894586.72853938
bonk,Bonk,2025-06-06,1.4629436699016697e-05,1131995510.1216505,203017244.0631471
bonk,Bonk,2025-06-07,1.4856078840465635e-05,1151726881.359184,151043737.9643122
bonk,Bonk,2025-06-08,1.5517537030403627e-05,1201376362.66937,100103491.57264936
bonk,Bonk,2025-06-09,1.577529923714406e-05,1221451586.9873016,107253994.54290016
bonk,Bonk,2025-06-10,1.7343477238343634e-05,1342724937.3674264,260577928.08358467
bonk,Bonk,2025-06-11,1.790595804646442e-05,1384757336.4421368,304961259.9313697
bonk,Bonk,2025-06-12,1.678945215497438e-05,1298681818.8152363,270650646.2219046
bonk,Bonk,2025-06-13,1.5346296112897316e-05,1190120060.9278457,216347631.74343857
bonk,Bonk,2025-06-14,1.4988874386517697e-05,1160642491.0501328,389397840.3929804
bonk,Bonk,2025-06-15,1.4752012824791722e-05,1142758792.3329017,116797980.28754126
bonk,Bonk,2025-06-16,1.5046579698386883e-05,1166569035.5043225,150551702.39465597
bonk,Bonk,2025-06-17,1.4872717163041824e-05,1155208681.3918972,194208016.58102804
bonk,Bonk,2025-06-18,1.4137036283987767e-05,1096275606.2680428,234447907.98072055
bonk,Bonk,2025-06-19,1.4312700424026846e-05,1107024310.2787824,169895906.695656
bonk,Bonk,2025-06-20,1.4258629772482783e-05,1103835830.1440117,96284822.81157936
bonk,Bonk,2025-06-21,1.3549267310422944e-05,1049146493.1985109,156808413.423253
bonk,Bonk,2025-06-22,1.2596644174318548e-05,971826169.0235318,136970086.75582016
bonk,Bonk,2025-06-23,1.2206865231109105e-05,944647319.2093033,218144549.51306123
bonk,Bonk,2025-06-24,1.3962968180180846e-05,1081424600.6798105,236357562.56277797
bonk,Bonk,2025-06-25,1.4174707458417764e-05,1097273658.7537494,200114350.8141894
bonk,Bonk,2025-06-26,1.3747419372622206e-05,1064323988.3173009,138228735.99042308
bonk,Bonk,2025-06-27,1.3122756751218038e-05,1015950781.1987431,121429165.59028693
bonk,Bonk,2025-06-28,1.3368861206139876e-05,1034922108.1093094,94677009.58231615
bonk,Bonk,2025-06-29,1.4732667837684819e-05,1139632111.036785,142113411.4428296
bonk,Bonk,2025-06-30,1.5008284779995708e-05,1161688039.5933397,161252504.2524411
bonk,Bonk,2025-07-01,1.4536453645401122e-05,1126050228.628009,193436150.74880666
bonk,Bonk,2025-07-02,1.365369117427646e-05,1057063204.5045098,125519738.5171741
bonk,Bonk,2025-07-03,1.5834214564057874e-05,1222119920.6599832,272619628.8141927
bonk,Bonk,2025-07-04,1.66084430101436e-05,1284460422.7157679,612809190.5991582
bonk,Bonk,2025-07-05,1.745036942002106e-05,1353154298.8341238,532360817.35522324
bonk,Bonk,2025-07-06,1.892682907135077e-05,1466623895.2467592,684031393.6938521
bonk,Bonk,2025-07-07,2.195473169573458e-05,1697038770.1937718,1546233761.1956115
bonk,Bonk,2025-07-08,2.2781447723677463e-05,1762030479.1639397,1094628229.3376365
bonk,Bonk,2025-07-09,2.2051511421197078e-05,1706334153.5175712,790013541.9057117
bonk,Bonk,2025-07-10,2.098869703060804e-05,1624920924.2391741,789096229.96435
bonk,Bonk,2025-07-11,2.3803596888386305e-05,1835978841.0677276,1237913043.9522233
bonk,Bonk,2025-07-12,2.2461746147230713e-05,1739239304.5337808,870394476.3338335
bonk,Bonk,2025-07-13,2.5060891961229107e-05,1930879181.7001584,1569254780.2036247
bonk,Bonk,2025-07-14,2.6266911893718118e-05,2032142698.2056477,1345761386.669143
bonk,Bonk,2025-07-15,2.6983133417100805e-05,2088397092.5627,1410353460.982864
bonk,Bonk,2025-07-16,2.9549127779312794e-05,2302885192.5762377,1919221481.420996
bonk,Bonk,2025-07-17,3.876547032358768e-05,3001201974.1954775,2821243750.0660977
bonk,Bonk,2025-07-18,3.52599115826533e-05,2731470454.433779,2271828035.584839
bonk,Bonk,2025-07-19,3.24546528388851e-05,2508933720.5680847,1434866552.9957952
bonk,Bonk,2025-07-20,3.3035580636147234e-05,2556637454.2665577,787435181.6573995
bonk,Bonk,2025-07-21,3.280064718682029e-05,2540331202.043811,904351211.6882255
bonk,Bonk,2025-07-22,3.469612550769715e-05,2690418396.3300776,1567314478.4028099
bonk,Bonk,2025-07-23,3.688939278247965e-05,2855214985.917798,1615359628.0108438
bonk,Bonk,2025-07-24,3.435220218858583e-05,2661222491.406354,1768162396.1810117
bonk,Bonk,2025-07-25,3.2989218399154995e-05,2555059146.8648148,2055534073.1322036
bonk,Bonk,2025-07-26,3.5370284706808674e-05,2736304059.9662127,1432262629.6902137
bonk,Bonk,2025-07-27,3.469479006290423e-05,2687116937.341094,621082341.595922
bonk,Bonk,2025-07-28,3.3581603143778305e-05,2600869738.049638,694888263.7171721
bonk,Bonk,2025-07-29,3.2030084602239246e-05,2486217220.829813,1544333465.70413
bonk,Bonk,2025-07-30,2.8682128804520066e-05,2220124353.706163,856559328.9874109
bonk,Bonk,2025-07-31,2.836845565269933e-05,2197593740.0213714,779333110.7670244
bonk,Bonk,2025-08-01,2.612265032576899e-05,2022701478.713519,590103888.8079193
bonk,Bonk,2025-08-02,2.5611875320020357e-05,1985119492.4764566,636292183.8752697
bonk,Bonk,2025-08-03,2.4886153685722486e-05,1929752137.415857,418119794.3300771
bonk,Bonk,2025-08-04,2.6117111484032608e-05,2022011424.4079309,282095685.5793176
bonk,Bonk,2025-08-05,2.664534544983744e-05,2063144339.3021367,399563050.1920645
bonk,Bonk,2025-08-06,2.4177621859170307e-05,1874707837.6101844,381901179.2635182
bonk,Bonk,2025-08-07,2.4500133835130125e-05,1896734573.0620987,283084210.96435046
bonk,Bonk,2025-08-08,2.598701203525054e-05,2012818415.4092484,408932232.98929495
bonk,Bonk,2025-08-09,2.6062925133344984e-05,2018205194.7984893,460266346.5090147
bonk,Bonk,2025-08-10,2.7307112897248748e-05,2113985558.6588356,552733124.7701032
bonk,Bonk,2025-08-11,2.7638503211061882e-05,2129046053.6835191,505756521.3221564
bonk,Bonk,2025-08-12,2.498712046434623e-05,1934376463.7507684,575931855.0506403
bonk,Bonk,2025-08-13,2.5587682690063996e-05,1981097774.3799303,573130220.220947
bonk,Bonk,2025-08-14,2.7473344918995183e-05,2126672137.566345,718098995.7859889
bonk,Bonk,2025-08-15,2.3902878808442144e-05,1851801653.7640016,701038387.4835657
bonk,Bonk,2025-08-16,2.3586540033385192e-05,1826292837.5905945,352281235.0534482
bonk,Bonk,2025-08-17,2.42423153994878e-05,1875130501.097979,163820129.50173053
bonk,Bonk,2025-08-18,2.391614169199701e-05,1852714037.775094,172382692.3830832
bonk,Bonk,2025-08-19,2.262835685866173e-05,1751660413.756851,284654723.35234976
bonk,Bonk,2025-08-20,2.144711599240928e-05,1660528127.4750075,250637779.84107786
bonk,Bonk,2025-08-21,2.2258560691343204e-05,1723261163.6636074,244960275.4414081
bonk,Bonk,2025-08-22,2.1397494793908376e-05,1655085378.1771836,176968548.29126248
bonk,Bonk,2025-08-23,2.381124324879481e-05,1844557484.37399,421260873.3901814
bonk,Bonk,2025-08-24,2.300783074020239e-05,1782869501.0493994,213101131.1471266
bonk,Bonk,2025-08-25,2.2333707453524573e-05,1730435314.7901175,292345262.78142196
bonk,Bonk,2025-08-26,1.998800803899677e-05,1547275577.9269826,319534447.8287489
bonk,Bonk,2025-08-27,2.1232315711920887e-05,1644089322.4456418,211311379.20559403
bonk,Bonk,2025-08-28,2.1064265534761585e-05,1630658039.9581292,229951221.55310547
bonk,Bonk,2025-08-29,2.161395888203391e-05,1672635607.6930633,186617380.58031705
bonk,Bonk,2025-08-30,2.1858900499488317e-05,1693515551.1936967,520465498.3958288
bonk,Bonk,2025-08-31,2.2307428167843477e-05,1728063191.0965803,340322055.5720759
bonk,Bonk,2025-09-01,2.226570063935968e-05,1723871358.707288,253626932.3681875
bonk,Bonk,2025-09-02,2.020743999734166e-05,1564339542.2586043,380753858.38638276
bonk,Bonk,2025-09-03,2.053907590522954e-05,1590211108.6294577,312665882.5654799
bonk,Bonk,2025-09-04,2.0536206190100714e-05,1590290834.018463,155709732.42228684
bonk,Bonk,2025-09-05,1.9381547490150153e-05,1500694413.2084062,187951114.1393122
bonk,Bonk,2025-09-06,2.020319925787256e-05,1563718494.9455707,235552969.2866458
bonk,Bonk,2025-09-07,1.9944049338757835e-05,1544123288.459324,108655402.87171145
bonk,Bonk,2025-09-08,2.100474037430216e-05,1630863989.4855711,173139797.80676317
bonk,Bonk,2025-09-09,2.328176049607022e-05,1800505805.4381273,544677207.5988009
bonk,Bonk,2025-09-10,2.273306565171714e-05,1760698179.3486454,395156425.0796892
bonk,Bonk,2025-09-11,2.3221213532523488e-05,1797212231.9819314,260012047.7982031
bonk,Bonk,2025-09-12,2.4399708485927455e-05,1888750509.2822945,382124895.76436865
bonk,Bonk,2025-09-13,2.5586199399404772e-05,1978937778.8518531,586789145.3707678
bonk,Bonk,2025-09-14,2.6080293958490536e-05,2018259643.179143,653808714.845968
bonk,Bonk,2025-09-15,2.461319961799058e-05,1904261713.7690637,345415438.3745794
bonk,Bonk,2025-09-16,2.3242078454002215e-05,1796827712.379508,451038647.7330105
bonk,Bonk,2025-09-17,2.4187887159439743e-05,1872457452.2911456,358345357.09017885
bonk,Bonk,2025-09-18,2.5380380176928724e-05,1962271224.1657672,507815816.6941892
bonk,Bonk,2025-09-19,2.5288329961614373e-05,1956573020.337646,419205970.0034886
bonk,Bonk,2025-09-20,2.3751950291449623e-05,1838087667.3383923,332077750.03049666
bonk,Bonk,2025-09-21,2.3095343565181e-05,1786477756.6195958,236159517.10843554
bonk,Bonk,2025-09-22,2.238092680697173e-05,1733950692.3006747,170068670.05183107
bonk,Bonk,2025-09-23,2.059951749804507e-05,1594797276.8406746,393060195.12753195
bonk,Bonk,2025-09-24,2.034609269383519e-05,1575190298.90902,270661694.1722366
bonk,Bonk,2025-09-25,2.020061591932073e-05,1562815665.4910495,219245052.92268077
bonk,Bonk,2025-09-26,1.8823470798110037e-05,1456676016.3927116,330689741.8655102
bonk,Bonk,2025-09-27,1.9650908996444772e-05,1519599476.900445,212438257.63286778
bonk,Bonk,2025-09-28,1.9123453769216128e-05,1480661998.6524549,108343486.72057821
bonk,Bonk,2025-09-29,1.9582733793378382e-05,1516404934.0850384,149190966.30058727
bonk,Bonk,2025-09-30,1.942568780775425e-05,1504583192.7712526,238601045.95828858
bonk,Bonk,2025-10-01,1.9144235841504727e-05,1481043052.1281216,221604712.7470655
bonk,Bonk,2025-10-02,2.0525867979901858e-05,1589032781.920386,296714907.13923097
bonk,Bonk,2025-10-03,2.0786938855717576e-05,1606894177.1438076,332260688.06305015
bonk,Bonk,2025-10-04,2.0851185760484534e-05,1617795953.1422489,385833547.37455297
bonk,Bonk,2025-10-05,2.00204984086207e-05,1551329106.8257012,384317239.17641205
bonk,Bonk,2025-10-06,1.9750199076827064e-05,1529584137.0148633,343923845.88133216
bonk,Bonk,2025-10-07,2.1744193169696297e-05,1683973361.4509494,527976990.604709
bonk,Bonk,2025-10-08,1.9826890719257608e-05,1534725868.9515498,432668482.8139927
bonk,Bonk,2025-10-09,2.014691508698344e-05,1564239914.0892766,254365106.23395094
bonk,Bonk,2025-10-10,1.895793265634547e-05,1467225937.356854,248515885.37722686
bonk,Bonk,2025-10-11,1.3288392952360393e-05,1038283888.5659431,658164788.4275266
bonk,Bonk,2025-10-12,1.3535285500751348e-05,1048214057.0149362,410424103.6468834
bonk,Bonk,2025-10-13,1.5469530509035387e-05,1197778932.0835729,333424082.58435935
bonk,Bonk,2025-10-14,1.666753573960376e-05,1289459519.04844,365314417.0091275
bonk,Bonk,2025-10-15,1.6301947037137593e-05,1261839732.5233448,338431103.4959361
bonk,Bonk,2025-10-16,1.5122552996073875e-05,1169562069.7631137,238161650.10008052
bonk,Bonk,2025-10-17,1.432381252171024e-05,1108910595.6574767,266470144.2910833
bonk,Bonk,2025-10-18,1.410023518165112e-05,1091904904.8376486,303875538.98362786
bonk,Bonk,2025-10-19,1.4256657851591803e-05,1103738852.6674402,98705703.80018726
bonk,Bonk,2025-10-20,1.4625498859902161e-05,1132552576.005235,160049565.64539206
bonk,Bonk,2025-10-21,1.4949815173859135e-05,1157628755.2357037,214484942.41651255
bonk,Bonk,2025-10-22,1.4397955530715573e-05,1114891464.6050572,233214304.82628486
bonk,Bonk,2025-10-23,1.3841810340916752e-05,1070716577.7053416,206716310.8531543
bonk,Bonk,2025-10-24,1.4520205619009463e-05,1124210002.9078002,157276069.36814812
bonk,Bonk,2025-10-25,1.488437209462798e-05,1151971425.775651,147268916.7662459
bonk,Bonk,2025-10-26,1.4885696945940876e-05,1152754718.5194204,86795047.13366334
bonk,Bonk,2025-10-27,1.53770764038135e-05,1191170898.0581133,114278392.93700565
bonk,Bonk,2025-10-28,1.4855471267270592e-05,1150601967.9952383,187501504.06379294
bonk,Bonk,2025-10-29,1.4369822548916857e-05,1112172715.9257534,167201027.25853446
bonk,Bonk,2025-10-30,1.4512393483069311e-05,1123312766.5906804,235199853.96951726
bonk,Bonk,2025-10-31,1.311362537646349e-05,1015004584.8230039,217955406.88151824
bonk,Bonk,2025-11-01,1.3982369913928967e-05,1082736965.6768675,179618260.79939997
bonk,Bonk,2025-11-02,1.4211650341046046e-05,1099106001.5163057,101207906.46563767
bonk,Bonk,2025-11-03,1.4296056067494599e-05,1103783331.8325064,109474046.9012752
bonk,Bonk,2025-11-04,1.1922571687889328e-05,923478901.2921046,226565409.10724077
bonk,Bonk,2025-11-05,1.150610753078641e-05,889660443.0295026,244774613.06973243
bonk,Bonk,2025-11-06,1.2276586989279983e-05,1007978363.2959688,154600913.10087898
bonk,Bonk,2025-11-07,1.1955107771805548e-05,980863162.4194648,143881754.86720714
bonk,Bonk,2025-11-08,1.33246981849764e-05,1096654374.8920121,252096135.82639712
bonk,Bonk,2025-11-09,1.292891406120895e-05,1062152442.9201903,169239477.1400977
bonk,Bonk,2025-11-10,1.294088390401951e-05,1062047271.5558887,133464333.26179929
bonk,Bonk,2025-11-11,1.3504935218231011e-05,1111393669.1909688,154663547.75778067
bonk,Bonk,2025-11-12,1.2299544744325678e-05,1013672036.1337066,140678866.16618437
bonk,Bonk,2025-11-13,1.2086831438693892e-05,993425586.1647518,120361625.68914327
bonk,Bonk,2025-11-14,1.1639604288085298e-05,956836630.6008179,166306698.26550058
bonk,Bonk,2025-11-15,1.103218142928394e-05,908387169.9182693,155493149.3508315
bonk,Bonk,2025-11-16,1.105675312700733e-05,909455632.2595571,69248351.61695498
bonk,Bonk,2025-11-17,1.0616921133953487e-05,873280424.663842,103119644.35128403
bonk,Bonk,2025-11-18,1.0087154536373158e-05,829594021.1152537,145813333.1172357
bonk,Bonk,2025-11-19,1.0463759641812862e-05,860226481.1204541,111463938.7559336
bonk,Bonk,2025-11-20,1.0058880396671551e-05,827528984.7399315,118700144.1794912
bonk,Bonk,2025-11-21,9.58923251195278e-06,793062337.8904938,150272654.77072746
bonk,Bonk,2025-11-22,8.850873661138187e-06,729934483.3451172,209447089.0724269
bonk,Bonk,2025-11-23,8.718779201006813e-06,718088615.3959615,77017795.75620003
bonk,Bonk,2025-11-24,8.879283419755276e-06,732388255.4836783,83926152.86413155
bonk,Bonk,2025-11-25,1.01363779207658e-05,835008822.4596553,179131229.43708512
bonk,Bonk,2025-11-26,9.750284416816845e-06,804987927.7610862,139909974.1818989
bonk,Bonk,2025-11-27,1.0017714362170843e-05,825890192.6151472,107473430.75986911
bonk,Bonk,2025-11-28,9.896368106522443e-06,815575907.3599883,82927464.84221874
bonk,Bonk,2025-11-29,9.807687027824543e-06,809002579.1136264,104849845.27376978
bonk,Bonk,2025-11-30,9.650621512990164e-06,796063731.915012,56152551.78737261
bonk,Bonk,2025-12-01,9.447387947907241e-06,780674911.6520522,54593187.15909102
bonk,Bonk,2025-12-02,8.810201602341827e-06,727913120.6565514,121023722.61325616
bonk,Bonk,2025-12-03,9.81959870943849e-06,811295545.2851852,137266076.94888815
bonk,Bonk,2025-12-04,1.0040926200322062e-05,830697666.5921373,92973810.9897447
bonk,Bonk,2025-12-05,9.628615109023993e-06,796501203.8974534,77838128.34376347
bonk,Bonk,2025-12-06,9.07942826649822e-06,750239367.4673662,80884118.90723722
bonk,Bonk,2025-12-07,9.352784208878436e-06,773386932.7263288,52063484.7527679
bonk,Bonk,2025-12-08,9.095395544295846e-06,752084994.5194895,90377653.45079432
bonk,Bonk,2025-12-09,9.519561235897454e-06,787231298.1413271,80774686.85987997
bonk,Bonk,2025-12-10,9.965010171956839e-06,826058246.4792548,122720411.88728976
bonk,Bonk,2025-12-11,9.491365745936165e-06,786980108.4464,136722718.5723502
bonk,Bonk,2025-12-12,9.654372603228312e-06,798946691.5574859,127543355.52799739
bonk,Bonk,2025-12-13,9.239435022600976e-06,764507773.1223731,125280179.26492807
bonk,Bonk,2025-12-14,9.329117358262807e-06,772072403.1654,72546939.73919176
bonk,Bonk,2025-12-15,9.0537680686583e-06,749837583.9375288,68402351.75253582
bonk,Bonk,2025-12-16,8.717864869280091e-06,722097143.7558212,115707529.81040293
bonk,Bonk,2025-12-17,8.621404147669326e-06,712709880.3492844,76751741.22744872
bonk,Bonk,2025-12-18,8.15089394743931e-06,675493436.317739,104369828.06254223
bonk,Bonk,2025-12-19,7.605120306157148e-06,630182681.8129795,104402813.73973536
bonk,Bonk,2025-12-20,8.23782139509371e-06,682414254.2734181,82213134.86109194
bonk,Bonk,2025-12-21,8.26646691353017e-06,685028946.282738,34627996.37011477
bonk,Bonk,2025-12-22,8.077755007398217e-06,669751641.1110203,46241199.80006477
bonk,Bonk,2025-12-23,8.116887811434032e-06,672501681.5286213,62485018.90296981
bonk,Bonk,2025-12-24,7.978734348953705e-06,661592168.3774896,50689402.908403575
bonk,Bonk,2025-12-25,7.85923014659266e-06,651447594.4621705,47332426.25524743
bonk,Bonk,2025-12-26,7.662536587450605e-06,635591112.2778475,42548196.49923505
bonk,Bonk,2025-12-27,7.866091891079656e-06,652593832.4450102,52207071.17732754
bonk,Bonk,2025-12-28,8.085354750175861e-06,670335012.8088156,35013088.43876951
bonk,Bonk,2025-12-29,7.978847765360827e-06,661861172.1562153,35697265.25341416
bonk,Bonk,2025-12-30,7.739525566766312e-06,681107082.3047683,64168059.30031704
bonk,Bonk,2025-12-31,7.723568975831284e-06,679634710.8891674,39911199.91809156
bonk,Bonk,2026-01-01,7.467187196063124e-06,657265683.4956703,43758853.520260945
bonk,Bonk,2026-01-02,8.195800672122236e-06,721565097.3018291,64668070.87499924
bonk,Bonk,2026-01-03,9.27468774973583e-06,816485056.5462486,195241169.48175338
bonk,Bonk,2026-01-04,9.318164609943296e-06,820597270.8136961,122907896.73765314
bonk,Bonk,2026-01-05,1.1942699568962462e-05,1050380596.1623206,766647142.4605997
bonk,Bonk,2026-01-06,1.2108309001239177e-05,1065834920.1126084,475701498.62006825
bonk,Bonk,2026-01-07,1.1957453893658227e-05,1046898286.8404232,494821983.7498356
bonk,Bonk,2026-01-08,1.1176278548949414e-05,983011143.9913306,203578270.1070033
bonk,Bonk,2026-01-09,1.0901559203631773e-05,959868116.5129815,171010535.4921789
bonk,Bonk,2026-01-10,1.0816242063108533e-05,952340279.1809863,116421687.16718693
bonk,Bonk,2026-01-11,1.0514256794110822e-05,924493556.8429705,59388844.25167221
bonk,Bonk,2026-01-12,1.0417280760152042e-05,916142069.3288711,79922335.59085868
bonk,Bonk,2026-01-13,1.0216043875847154e-05,899012657.331532,144630916.60122856
bonk,Bonk,2026-01-14,1.138651515609856e-05,1001041006.7486014,230823686.5988345
bonk,Bonk,2026-01-15,1.1078262755804758e-05,974856579.817985,277878711.057755
bonk,Bonk,2026-01-16,1.0559161705415344e-05,929130059.5148739,126212601.95178041
bonk,Bonk,2026-01-17,1.0739270024256449e-05,944302072.6776433,151491039.4725859
bonk,Bonk,2026-01-18,1.0400326806679107e-05,914812566.2880032,67196383.03594567
bonk,Bonk,2026-01-19,9.684984294223605e-06,854322700.959846,70398088.5715509
bonk,Bonk,2026-01-20,9.31358835425455e-06,820680479.9441084,133531213.38735026
bonk,Bonk,2026-01-21,8.827365993921993e-06,777308166.0098273,93478654.71331538
bonk,Bonk,2026-01-22,9.148235626763936e-06,805078765.3650275,115955613.99705137
bonk,Bonk,2026-01-23,8.979812261198645e-06,789967924.3587809,66926944.04616025
bonk,Bonk,2026-01-24,9.025011895946316e-06,793938193.3430663,76420355.70285077
bonk,Bonk,2026-01-25,8.87520885477314e-06,782039885.611882,35435251.69358158
bonk,Bonk,2026-01-26,8.424288623274939e-06,741246140.0297807,74516317.56231076
bonk,Bonk,2026-01-27,8.674076299234675e-06,763405041.2251358,57526625.42233707
bonk,Bonk,2026-01-28,8.856011436894828e-06,779312597.3083465,60175675.74857871
bonk,Bonk,2026-01-29,8.745933735097119e-06,769623519.0386589,69592297.78912845
bonk,Bonk,2026-01-30,8.258992363518485e-06,726338979.5344634,92742550.46926537
bonk,Bonk,2026-01-31,8.012198931318318e-06,704991407.0412885,107680976.8468465
bonk,Bonk,2026-02-01,7.174963571285861e-06,631010924.0759338,136613278.71354017
bonk,Bonk,2026-02-02,7.0363272329751835e-06,620085354.7828335,94747795.10616775
bonk,Bonk,2026-02-03,7.202717707698204e-06,633874399.9789553,100073800.8156767
bonk,Bonk,2026-02-04,7.025838409721815e-06,618306749.5721302,114422652.79887748
bonk,Bonk,2026-02-05,6.976559103293429e-06,613888342.3844757,93819882.6926738
bonk,Bonk,2026-02-06,5.865243752333869e-06,516475452.6460435,171462178.16457558
bonk,Bonk,2026-02-07,6.526021035729065e-06,574562509.7448575,175858648.28182298
bonk,Bonk,2026-02-08,6.47168346741405e-06,569636892.8947368,83317571.06998464
bonk,Bonk,2026-02-09,6.268161863210406e-06,551347851.9386334,48505100.77382755
bonk,Bonk,2026-02-10,6.207271401328662e-06,546426842.0092013,56834528.67313205
bonk,Bonk,2026-02-11,5.975840868170952e-06,525867300.3369483,48793144.89135523
bonk,Bonk,2026-02-12,5.870088011802559e-06,516749065.23392916,71216623.85431826
bonk,Bonk,2026-02-13,6.089123244427928e-06,535812462.31276375,61192232.097177215
bonk,Bonk,2026-02-14,6.280635192462445e-06,552653497.7508916,47721772.57138935
bonk,Bonk,2026-02-15,7.184785445238748e-06,632000766.4162849,124489378.43535392
bonk,Bonk,2026-02-16,6.548476054156404e-06,576130425.4575918,100576124.78028473
bonk,Bonk,2026-02-17,6.595977419784483e-06,580003952.19596,59036048.176632054
bonk,Bonk,2026-02-18,6.5066287427176274e-06,572525592.095663,40462749.11974235
bonk,Bonk,2026-02-19,6.167563980331637e-06,542442317.912404,38138744.51704827
bonk,Bonk,2026-02-20,6.139618754932787e-06,540349816.4250659,37273300.868917845
bonk,Bonk,2026-02-21,6.424250284367479e-06,564980894.8966032,54832314.709824
bonk,Bonk,2026-02-22,6.280758309717647e-06,552853787.982413,29472189.0960061
bonk,Bonk,2026-02-23,6.090696569113708e-06,535804174.7755103,28572935.04081608
bonk,Bonk,2026-02-24,5.85848057846089e-06,515710940.01549923,52780955.3390256
bonk,Bonk,2026-02-25,5.744668875612351e-06,505706196.06382614,40400111.1198136
bonk,Bonk,2026-02-26,6.388309522227426e-06,558843708.4771931,86999942.12248075
bonk,Bonk,2026-02-27,6.1313444959993255e-06,539549135.2321863,62911320.40486037
bonk,Bonk,2026-02-28,5.929965859652375e-06,521480026.8879582,51175426.06359239
bonk,Bonk,2026-03-01,6.012432162411666e-06,529068273.78906417,67353443.55686273
bonk,Bonk,2026-03-02,5.834626714333471e-06,513401197.49403095,60508718.4495218
bonk,Bonk,2026-03-03,6.002785417887005e-06,528072258.39188474,66207186.56633122
bonk,Bonk,2026-03-04,5.975897979763159e-06,525972034.1126106,52718637.43701435
bonk,Bonk,2026-03-05,6.251346399559583e-06,550059768.4342389,73968274.64339899
bonk,Bonk,2026-03-06,6.098041231291946e-06,536633939.12507755,51160256.072832085
bonk,Bonk,2026-03-07,5.864844817415596e-06,516140638.9186213,44458182.78411976
bonk,Bonk,2026-03-08,5.672598311993758e-06,499162992.33301884,30799084.353620924
bonk,Bonk,2026-03-09,5.572313569859092e-06,490593031.138741,39063813.71576032
bonk,Bonk,2026-03-10,5.844682352751977e-06,514432631.20154446,62333985.773675
bonk,Bonk,2026-03-11,5.933731226045172e-06,521971876.7617861,52857467.798826784
bonk,Bonk,2026-03-12,5.959253269792677e-06,524586040.85488224,37498612.475455634
bonk,Bonk,2026-03-13,6.0925565516041974e-06,536147325.75611126,40056266.998595245
bonk,Bonk,2026-03-14,6.136396848277154e-06,539941822.9990462,80810188.33335645
bonk,Bonk,2026-03-15,6.0329653477167824e-06,530473172.1718523,34493094.60675987
bonk,Bonk,2026-03-16,6.047837063998407e-06,532182890.64699244,44514039.590849206
bonk,Bonk,2026-03-17,6.6415560917945204e-06,585557699.9418446,143759189.67784086
bonk,Bonk,2026-03-18,6.6339694184222825e-06,583821126.7495041,80366794.38627201
bonk,Bonk,2026-03-19,6.1607817328000935e-06,542473843.6033956,127603736.01781897
bonk,Bonk,2026-03-20,5.962504340834822e-06,524420066.61792874,51814557.8445124
bonk,Bonk,2026-03-21,5.931904119738588e-06,521684587.1109222,42366433.08482967
bonk,Bonk,2026-03-22,5.843996159451923e-06,517573054.6481032,27224067.023730632
bonk,Bonk,2026-03-23,5.6908654046473825e-06,501257093.01069605,39411728.626091406
bonk,Bonk,2026-03-24,5.96006316503204e-06,524274325.9138223,57998805.95728257
bonk,Bonk,2026-03-25,6.17249128683908e-06,542950021.4389647,41050976.38996536
bonk,Bonk,2026-03-26,6.198627730507539e-06,545182283.8247268,62222094.07478913
bonk,Bonk,2026-03-27,5.912097917356104e-06,519987107.2713607,45901511.23354847
bonk,Bonk,2026-03-28,5.722289466503054e-06,503527249.4797467,36605314.35245728
bonk,Bonk,2026-03-29,5.729624319989675e-06,503941569.53315085,29673645.491615407
bonk,Bonk,2026-03-30,5.628701584666421e-06,495161601.3984824,30399851.88057168
bonk,Bonk,2026-03-31,5.77796255358827e-06,508418516.9488716,56757719.72037273
bonk,Bonk,2026-04-01,5.858355760401202e-06,515216920.9000036,35786220.61802702
bonk,Bonk,2026-04-02,5.8846665689807435e-06,517916431.9124804,38232455.624135785
bonk,Bonk,2026-04-03,5.642635383208541e-06,496520980.3602047,38295058.53860466
bonk,Bonk,2026-04-04,5.718672500150959e-06,503252635.4912739,32706474.421213947
bonk,Bonk,2026-04-05,5.69342948301899e-06,500860467.8166296,27355080.786173094
bonk,Bonk,2026-04-06,5.639180956534771e-06,496107517.4609471,45681819.35006126
bonk,Bonk,2026-04-07,5.644116551955021e-06,496678517.69350195,65728002.557089165
bonk,Bonk,2026-04-08,6.142553350737479e-06,540703695.0392411,56624270.33629282
bonk,Bonk,2026-04-09,5.789226044133657e-06,509421449.24906087,52748505.710572414
bonk,Bonk,2026-04-10,5.872854649828124e-06,516773181.2630917,53269050.83835271
bonk,Bonk,2026-04-11,5.960507859280394e-06,524097161.3192896,41944774.27388658
bonk,Bonk,2026-04-12,5.935097337558077e-06,522523327.68840414,39397810.07274667
bonk,Bonk,2026-04-13,5.633217249903808e-06,495551605.199665,48387529.54503086
bonk,Bonk,2026-04-14,6.086535871911647e-06,535247415.74657786,55656467.38214193
bonk,Bonk,2026-04-15,5.860387516583108e-06,515710585.79588133,68776597.50518832
bonk,Bonk,2026-04-16,6.082178416093159e-06,534482854.7426337,45599136.829360716
bonk,Bonk,2026-04-17,6.503780903788021e-06,572677206.0782143,133444096.08109906
bonk,Bonk,2026-04-18,6.436247044058988e-06,566361886.3332199,98969519.00717844
bonk,Bonk,2026-04-19,6.061800996316798e-06,533456850.12224907,45760766.608485766
bonk,Bonk,2026-04-20,5.913939769631967e-06,520368008.9041384,60882767.16110069
bonk,Bonk,2026-04-21,6.104952083729123e-06,537240973.0915709,51217330.55478672
bonk,Bonk,2026-04-22,6.17564561197126e-06,543505275.9517626,43437780.709114075
bonk,Bonk,2026-04-23,6.339288536371599e-06,557824041.6918247,74206616.81609958
bonk,Bonk,2026-04-24,6.347570977506979e-06,558576615.40165,58506881.21606815
bonk,Bonk,2026-04-25,6.3260643983832825e-06,556706296.0746597,44240065.71254411
bonk,Bonk,2026-04-26,6.213386234099786e-06,546753802.4300708,29706653.264985994
bonk,Bonk,2026-04-27,6.31190753047171e-06,555848955.7211272,31020016.911630157
bonk,Bonk,2026-04-28,6.21964230941145e-06,547193236.242233,48428470.7708606
bonk,Bonk,2026-04-29,6.229610695071421e-06,548141964.2499921,38712775.155372515
bonk,Bonk,2026-04-30,6.176784574717477e-06,543474602.3844757,65452032.38422679
bonk,Bonk,2026-05-01,6.164728026207813e-06,542460093.7708077,37978076.20390895
bonk,Bonk,2026-05-02,6.221109072725736e-06,547559588.3974625,34390611.65058938
bonk,Bonk,2026-05-03,6.304013593199574e-06,554687567.0578799,24488278.345796075
bonk,Bonk,2026-05-04,6.244189153188682e-06,549483389.2889117,24617306.704201322
bonk,Bonk,2026-05-05,6.2283510289810905e-06,548002116.2180462,54655074.897670105
bonk,Bonk,2026-05-06,6.4967399701030305e-06,571455947.2848939,72243697.38305095
bonk,Bonk,2026-05-07,6.756638387752519e-06,594300933.9008691,104267490.57288197
bonk,Bonk,2026-05-08,6.789081155108968e-06,597251658.4831184,73126410.44807893
bonk,Bonk,2026-05-09,7.187075033999886e-06,631832242.4356242,101970304.34870131
bonk,Bonk,2026-05-10,7.230836823467535e-06,636104706.5350846,59921527.52131087
bonk,Bonk,2026-05-11,7.725259018768544e-06,679865262.2393204,125734982.85401085
bonk,Bonk,2026-05-12,7.540870860201209e-06,663882512.4081004,70315431.97910845
bonk,Bonk,2026-05-13,7.0827780310787485e-06,623216447.9238967,55847484.295372106
bonk,Bonk,2026-05-14,6.8322492565298915e-06,601107783.5397109,53507162.061541855
bonk,Bonk,2026-05-15,6.885391680365878e-06,605917982.1761048,45082899.357108176
bonk,Bonk,2026-05-16,6.5314621580258966e-06,574741423.6462764,47106416.074219905
bonk,Bonk,2026-05-17,6.240197727939578e-06,549395192.8380237,34036883.492253594
bonk,Bonk,2026-05-18,5.989271795534771e-06,522930733.2955396,35038339.54651572
bonk,Bonk,2026-05-19,6.0016256743378815e-06,528380630.8600906,44901613.49692813
bonk,Bonk,2026-05-20,5.922867556033967e-06,521174457.68286294,26448597.929315027
bonk,Bonk,2026-05-21,6.0777919973690134e-06,534813683.4549493,32162591.375649516
bonk,Bonk,2026-05-22,6.2462125786357305e-06,549285721.382233,37357835.33494483
bonk,Bonk,2026-05-23,5.927032575118164e-06,521458206.71484,33279573.683679048
bonk,Bonk,2026-05-24,6.116071253415804e-06,538155739.114962,39003678.26375879
bonk,Bonk,2026-05-25,6.009165171176393e-06,528724470.7585249,22347038.474243335
bonk,Bonk,2026-05-26,6.053291044147442e-06,532703754.4160817,27299860.343622483
bonk,Bonk,2026-05-27,5.9590491736984104e-06,524602520.8158452,32633463.06090698
bonk,Bonk,2026-05-28,5.7448889246609185e-06,505032811.3732303,32751639.88933019
bonk,Bonk,2026-05-29,5.446079683954232e-06,479140113.89253306,51889661.86799596
bonk,Bonk,2026-05-29,5.431566627941118e-06,477949233.73728174,31680538.980276085
