coingecko_id,protocol,date,price_usd,market_cap_usd,volume_usd
havven,Synthetix,2018-03-21,0.48419972245836357,48419972.245836355,161748.2549587225
havven,Synthetix,2018-03-22,0.4613948628198412,46139486.28198412,133400.84229587912
havven,Synthetix,2018-03-23,0.49565735094415037,49565735.09441504,993678.0740836993
havven,Synthetix,2018-03-24,0.502509036646641,50250903.6646641,737249.301512135
havven,Synthetix,2018-03-25,0.5181316711143225,51813167.11143225,526791.7048995601
havven,Synthetix,2018-03-26,0.5228052627546633,52280526.27546633,1030232.3320001927
havven,Synthetix,2018-03-27,0.46619442939901357,46619442.93990136,803092.7787941073
havven,Synthetix,2018-03-28,0.43546434504727144,43546434.50472714,425829.14785863855
havven,Synthetix,2018-03-29,0.4034806573916712,40348065.739167124,391176.7113927302
havven,Synthetix,2018-03-30,0.32896139741841934,32896139.74184194,299893.1581221616
havven,Synthetix,2018-03-31,0.35083830049662024,35083830.049662024,369125.6646529138
havven,Synthetix,2018-04-01,0.3528047467623568,35280474.67623568,88142.9561960748
havven,Synthetix,2018-04-02,0.3408471337150249,34084713.37150249,195057.1202489047
havven,Synthetix,2018-04-03,0.35253080700466616,35253080.70046662,228007.69743655703
havven,Synthetix,2018-04-04,0.3499963581601196,34999635.81601196,1078820.1687977233
havven,Synthetix,2018-04-05,0.3344486316308883,33444863.16308883,166126.99753499066
havven,Synthetix,2018-04-06,0.33347803896265454,33347803.89626545,59663.135209459215
havven,Synthetix,2018-04-07,0.30419635664285455,30419635.664285455,61148.81752854674
havven,Synthetix,2018-04-08,0.3159255648286545,31592556.482865456,92695.33412589722
havven,Synthetix,2018-04-09,0.3375503051866886,33755030.51866886,170877.00559573795
havven,Synthetix,2018-04-10,0.34426432338644225,34426432.33864423,139564.0392679103
havven,Synthetix,2018-04-11,0.3626241574840078,36262415.74840078,203976.6267155086
havven,Synthetix,2018-04-12,0.38561435063823557,38561435.06382356,178462.67075598022
havven,Synthetix,2018-04-13,0.4468252075503099,44682520.75503099,385193.0295983963
havven,Synthetix,2018-04-14,0.4086901652678659,40869016.52678659,316700.6519914553
havven,Synthetix,2018-04-15,0.40143689437778485,40143689.43777848,218815.3862677083
havven,Synthetix,2018-04-16,0.40804316462339213,40804316.46233921,273474.6377995888
havven,Synthetix,2018-04-17,0.37509711284557523,37509711.28455752,404716.04725550127
havven,Synthetix,2018-04-18,0.3532999982059057,35329999.82059057,382888.416814179
havven,Synthetix,2018-04-19,0.37536924270899574,37536924.27089957,489494.56218819245
havven,Synthetix,2018-04-20,0.434946590373409,43494659.0373409,763032.057321789
havven,Synthetix,2018-04-21,0.4530129134817572,45301291.34817572,707022.4558110358
havven,Synthetix,2018-04-22,0.4305163521970023,43051635.21970023,444522.1167807684
havven,Synthetix,2018-04-23,0.4287938058842252,42879380.58842252,610548.391941045
havven,Synthetix,2018-04-24,0.5112263927814217,51122639.27814218,791252.1188086018
havven,Synthetix,2018-04-25,0.5991485791504475,59914857.915044755,934774.774474009
havven,Synthetix,2018-04-26,0.5202665246335324,52026652.46335324,679735.8813443197
havven,Synthetix,2018-04-27,0.5084483127924203,50844831.27924203,654903.7428825529
havven,Synthetix,2018-04-28,0.5176929113219062,51769291.13219062,589504.9036081218
havven,Synthetix,2018-04-29,0.5647019631683363,56470196.31683364,848925.9115912683
havven,Synthetix,2018-04-30,0.5436588400885869,54365884.008858696,734002.6343319516
havven,Synthetix,2018-05-01,0.5254164751685694,52541647.51685693,739788.7118140336
havven,Synthetix,2018-05-02,0.49718574527239495,49718574.527239494,691009.6654973855
havven,Synthetix,2018-05-03,0.4751698896343376,47516988.96343376,785122.9788184885
havven,Synthetix,2018-05-04,0.6091236130511799,60912361.305117995,6767.848365604335
havven,Synthetix,2018-05-05,0.5152955535459859,51529555.35459859,1175330.0187198943
havven,Synthetix,2018-05-06,0.5380486189287862,53804861.89287862,1040749.140527386
havven,Synthetix,2018-05-07,0.5007855248540909,50078552.48540908,733319.07902643
havven,Synthetix,2018-05-08,0.5733160177274967,57331601.77274968,978105.1413416872
havven,Synthetix,2018-05-09,0.5375548507153298,53755485.07153299,879115.6928747011
havven,Synthetix,2018-05-10,0.5655438957842415,56554389.57842415,1065860.6158594962
havven,Synthetix,2018-05-11,0.6268937431044552,62689374.31044552,935049.6561247128
havven,Synthetix,2018-05-12,0.5129978469457979,51299784.69457979,1261393.8332839927
havven,Synthetix,2018-05-13,0.5614325959423953,56143259.594239525,1101255.9806410293
havven,Synthetix,2018-05-14,0.5746829899435737,57468298.99435737,934953.8155012889
havven,Synthetix,2018-05-15,0.6179844620969293,61798446.209692925,1343499.301529927
havven,Synthetix,2018-05-16,0.635393274379294,63539327.43792941,1434467.2362914379
havven,Synthetix,2018-05-17,0.6636129960699901,66361299.60699902,1369786.385107945
havven,Synthetix,2018-05-18,0.6058701136964084,60587011.36964084,1191251.4665254469
havven,Synthetix,2018-05-19,0.6598069819612415,65980698.19612416,1256119.2624386493
havven,Synthetix,2018-05-20,0.6685764452750342,66857644.52750342,1218145.4213050753
havven,Synthetix,2018-05-21,0.7625794543953918,76257945.43953918,1381096.5835728005
havven,Synthetix,2018-05-22,0.6912363465699038,69123634.6569904,1360797.6067595202
havven,Synthetix,2018-05-23,0.6302349929074615,63023499.29074616,1492169.5691079283
havven,Synthetix,2018-05-24,0.5738287832516091,57382878.32516091,1424192.6366096379
havven,Synthetix,2018-05-25,0.6218972358332652,62189723.58332651,1097764.0740124183
havven,Synthetix,2018-05-26,0.5747471107350288,57474711.07350288,1123607.8604747106
havven,Synthetix,2018-05-27,0.5571151454042896,55711514.54042897,930041.6306783918
havven,Synthetix,2018-05-28,0.53360511127704,53360511.127704,813607.9108002044
havven,Synthetix,2018-05-29,0.4729430788736277,47294307.88736277,749954.3900348234
havven,Synthetix,2018-05-30,0.5295257881040107,52952578.810401075,836181.4494313707
havven,Synthetix,2018-05-31,0.49421048386389,49421048.386389,868035.7778885475
havven,Synthetix,2018-06-01,0.5035534289297026,50355342.892970264,927373.7560756033
havven,Synthetix,2018-06-02,0.49927743773935657,49927743.77393565,951810.4627184609
havven,Synthetix,2018-06-03,0.500080922134384,50008092.21343841,910852.1684101279
havven,Synthetix,2018-06-04,0.5814030881331778,58140308.81331778,1596173.8663810783
havven,Synthetix,2018-06-05,0.5331554917457264,53315549.17457264,993910.0056642976
havven,Synthetix,2018-06-06,0.5535031101200205,55350311.01200205,1011816.548267572
havven,Synthetix,2018-06-07,0.5476020684505827,54760206.84505827,1106692.9120595814
havven,Synthetix,2018-06-08,0.5142891763942181,51428917.639421806,1170992.0949099832
havven,Synthetix,2018-06-09,0.525234204420303,52523420.4420303,1158403.29672116
havven,Synthetix,2018-06-10,0.5404380771661534,54043807.71661535,1397876.3429321023
havven,Synthetix,2018-06-11,0.462310588869585,46231058.886958495,955613.2904032796
havven,Synthetix,2018-06-12,0.5065235306006327,50652353.06006327,1261142.9026924914
havven,Synthetix,2018-06-13,0.4159720049126445,41597200.49126445,1125237.3556592262
havven,Synthetix,2018-06-14,0.38293286479037447,38293286.47903745,771774.3315407104
havven,Synthetix,2018-06-15,0.43078149861574505,43078149.86157451,1015941.9250299716
havven,Synthetix,2018-06-16,0.3882014892388596,38820148.923885964,939809.1903893773
havven,Synthetix,2018-06-17,0.36699966550188523,36699966.55018852,924776.4664014457
havven,Synthetix,2018-06-18,0.36703882668527293,36703882.6685273,961994.280992028
havven,Synthetix,2018-06-19,0.4279328698881018,42793286.98881018,918780.3188842741
havven,Synthetix,2018-06-20,0.4278622294198473,42786222.941984735,1020123.3262585696
havven,Synthetix,2018-06-21,0.4052214263931887,40522142.63931887,761098.4483694393
havven,Synthetix,2018-06-22,0.4415022824328235,44150228.243282355,988896.1697521436
havven,Synthetix,2018-06-23,0.3712806643256307,37128066.432563074,818405.1980839839
havven,Synthetix,2018-06-24,0.3479492852603262,34794928.52603262,848577.4862051372
havven,Synthetix,2018-06-25,0.30710062638908187,30710062.638908185,681498.3179455417
havven,Synthetix,2018-06-26,0.32927316494926795,32927316.494926795,844374.4024599843
havven,Synthetix,2018-06-27,0.3132044569562256,31320445.695622563,728245.7378082806
havven,Synthetix,2018-06-28,0.31210552200002584,31210552.20000258,544391.8758456169
havven,Synthetix,2018-06-29,0.2947236796641874,29472367.966418736,636629.9519503926
havven,Synthetix,2018-06-30,0.30183612621652206,30183612.62165221,215951.7356197352
havven,Synthetix,2018-07-01,0.31381118988555323,31381118.988555323,501975.03335063
havven,Synthetix,2018-07-02,0.2972827397747695,29728273.977476947,684901.4370030141
havven,Synthetix,2018-07-03,0.3522497039877984,35224970.39877985,754108.9907413869
havven,Synthetix,2018-07-04,0.3180943507337475,31809435.073374745,811726.8321388919
havven,Synthetix,2018-07-05,0.3124282644852364,31242826.448523644,485555.97416298464
havven,Synthetix,2018-07-06,0.2918810596672406,29188105.96672406,469672.45706876833
havven,Synthetix,2018-07-07,0.29581891131204724,29581891.13120472,459826.4977242064
havven,Synthetix,2018-07-08,0.298529032215131,29852903.2215131,816182.2893655499
havven,Synthetix,2018-07-09,0.2854979240954449,28549792.409544487,527301.6214830492
havven,Synthetix,2018-07-10,0.24450334886817868,24450334.88681787,374781.6381828603
havven,Synthetix,2018-07-11,0.21350713867151544,21350713.867151543,360674.8521716417
havven,Synthetix,2018-07-12,0.22354452920545534,22354452.920545533,459656.47747638513
havven,Synthetix,2018-07-13,0.2375882367750973,23758823.67750973,788765.0396361757
havven,Synthetix,2018-07-14,0.225384722181129,22538472.2181129,611779.2284730676
havven,Synthetix,2018-07-15,0.25884161413405776,25884161.413405776,590560.9075596692
havven,Synthetix,2018-07-16,0.2658950783880433,26589507.83880433,419139.7329461045
havven,Synthetix,2018-07-17,0.2801970199704797,28019701.997047972,383798.00759683934
havven,Synthetix,2018-07-18,0.2903485483625652,29034854.836256515,338939.16455129645
havven,Synthetix,2018-07-19,0.272118258911276,27211825.8911276,361204.45001001086
havven,Synthetix,2018-07-20,0.26322967062104546,26322967.06210455,591509.0360168016
havven,Synthetix,2018-07-21,0.22757676433707497,22757676.433707498,736149.6099018835
havven,Synthetix,2018-07-22,0.24421998066994507,24421998.066994507,588697.4195539496
havven,Synthetix,2018-07-23,0.2526358904328769,25263589.043287687,693928.2602735223
havven,Synthetix,2018-07-24,0.22754329364327613,22754329.364327613,568624.0047825063
havven,Synthetix,2018-07-25,0.2261363442666811,22613634.42666811,545302.8972557919
havven,Synthetix,2018-07-26,0.22706227165951778,22706227.165951777,586082.2554900638
havven,Synthetix,2018-07-27,0.22853867019935237,22853867.019935235,627016.3706054054
havven,Synthetix,2018-07-28,0.2171004030250693,21710040.30250693,551310.1482176267
havven,Synthetix,2018-07-29,0.27954408337959286,27954408.337959282,925840.0251126244
havven,Synthetix,2018-07-30,0.2656955417926391,26569554.179263912,652721.9363464916
havven,Synthetix,2018-07-31,0.271633282189313,27163328.2189313,598791.3749308249
havven,Synthetix,2018-08-01,0.22121816017971793,22121816.01797179,476924.53354192147
havven,Synthetix,2018-08-02,0.21447873423670494,21447873.423670493,429412.1298189359
havven,Synthetix,2018-08-03,0.2087180858122814,20871808.58122814,466060.8890249207
havven,Synthetix,2018-08-04,0.22139124461088536,22139124.46108854,436714.89739862445
havven,Synthetix,2018-08-05,0.20508227990040048,20508227.99004005,330275.12600562273
havven,Synthetix,2018-08-06,0.2053088001704081,20530880.017040808,373267.2321291594
havven,Synthetix,2018-08-07,0.20382608023449367,20382608.023449365,404493.1088454762
havven,Synthetix,2018-08-08,0.19267498464961513,19267498.464961514,464355.2740475834
havven,Synthetix,2018-08-09,0.1656521692952535,16565216.929525351,264211.96653771866
havven,Synthetix,2018-08-10,0.17095182006443752,17095182.00644375,292757.20454356674
havven,Synthetix,2018-08-11,0.15635283121316385,15635283.121316385,230446.06819634262
havven,Synthetix,2018-08-12,0.13647107689452037,13647107.689452037,163582.0740176864
havven,Synthetix,2018-08-13,0.1280336282241125,12803362.822411248,214120.89388388125
havven,Synthetix,2018-08-14,0.11372695118610003,11372695.118610004,233302.78527712682
havven,Synthetix,2018-08-15,0.0976867995909447,9768679.95909447,197305.31348265088
havven,Synthetix,2018-08-16,0.09781041250225352,10026785.52557997,210321.86400460268
havven,Synthetix,2018-08-17,0.10420753417737007,10420753.41773701,167342.34961347567
havven,Synthetix,2018-08-18,0.11368492629833425,11366502.43268593,276614.64150537614
havven,Synthetix,2018-08-19,0.10387406824325202,10408455.68040129,268574.358811481
havven,Synthetix,2018-08-20,0.10749862864767991,10748961.75999592,258923.09135390416
havven,Synthetix,2018-08-21,0.10738018104080105,10738018.1040801,331127.26600081543
havven,Synthetix,2018-08-22,0.12131989680169579,12132964.83637398,354816.6152392301
havven,Synthetix,2018-08-23,0.11700092598383914,11700092.59838391,456933.80014302226
havven,Synthetix,2018-08-24,0.11811814852404483,11811814.85240448,383559.02989934816
havven,Synthetix,2018-08-25,0.13267876926067873,13169724.04696849,474597.5371341509
havven,Synthetix,2018-08-26,0.13236337641861648,13236337.64186165,369414.8752328132
havven,Synthetix,2018-08-27,0.12017276731866962,12017276.73186696,331807.50105079287
havven,Synthetix,2018-08-28,0.11958953567795176,11958953.56779518,385423.423882863
havven,Synthetix,2018-08-29,0.12102568572304817,12102568.57230482,448627.2769774175
havven,Synthetix,2018-08-30,0.11472123039259276,11472027.12689121,328595.8756894431
havven,Synthetix,2018-08-31,0.11023232048682001,11023232.048682,357884.7333587405
havven,Synthetix,2018-09-01,0.10998860442649178,10891027.83284193,363123.6369188912
havven,Synthetix,2018-09-02,0.11454595243725935,11450612.55864669,391835.37709839654
havven,Synthetix,2018-09-03,0.1072912549091355,10724065.08634854,325686.2706159845
havven,Synthetix,2018-09-04,0.10461690045705098,10455294.84128343,329910.82987334736
havven,Synthetix,2018-09-05,0.10073888888889396,10116535.67144977,379680.80101650354
havven,Synthetix,2018-09-06,0.08357573120588488,8349455.412207722,333881.10689036327
havven,Synthetix,2018-09-07,0.086159170402725,8617028.923189446,355736.7219609352
havven,Synthetix,2018-09-08,0.08541764689630701,8563222.78243834,325968.0026666397
havven,Synthetix,2018-09-09,0.07293925796215465,7296600.024022359,264063.84587182757
havven,Synthetix,2018-09-10,0.07669092399472571,7575510.181753009,196573.15642141624
havven,Synthetix,2018-09-11,0.07799133267386071,7799085.637473105,178927.4142840991
havven,Synthetix,2018-09-12,0.07557703746421086,7561287.116781057,214120.41448429364
havven,Synthetix,2018-09-13,0.0750284102734617,7502841.02734617,218408.66201614295
havven,Synthetix,2018-09-14,0.08543203129302185,8543203.129302185,281866.64766693587
havven,Synthetix,2018-09-15,0.07683383406781483,7644138.053085511,282898.3997731203
havven,Synthetix,2018-09-16,0.08044373559523364,8044655.473413738,236858.1332164297
havven,Synthetix,2018-09-17,0.07904788220973682,7904788.220973682,239013.1885047323
havven,Synthetix,2018-09-18,0.0724138552670149,7241385.52670149,203337.62282554546
havven,Synthetix,2018-09-19,0.07532932871277942,7532744.705363517,262155.529968379
havven,Synthetix,2018-09-20,0.07784135637747241,7784135.637747241,238411.2306472347
havven,Synthetix,2018-09-21,0.07892380756459742,7892380.756459742,216293.51183322133
havven,Synthetix,2018-09-22,0.08087664690305194,8087664.690305194,264995.19081975817
havven,Synthetix,2018-09-23,0.08499942588889896,8499942.588889897,284781.4322428272
havven,Synthetix,2018-09-24,0.08104427010647396,8056671.294391392,240887.7742907172
havven,Synthetix,2018-09-25,0.07455381530233578,4800489.915576735,221288.22492065578
havven,Synthetix,2018-09-26,0.07318960065158416,4711333.463997336,223140.38676718713
havven,Synthetix,2018-09-27,0.07391412082818608,4757972.00448638,234190.70646164383
havven,Synthetix,2018-09-28,0.07732648573896339,4977860.941205146,233065.7322709603
havven,Synthetix,2018-09-29,0.07405202197488489,4767148.477245822,232298.2998317263
havven,Synthetix,2018-09-30,0.08065464642054299,5239955.879926158,265040.8760929926
havven,Synthetix,2018-10-01,0.07964540898172118,5127448.964352165,202115.44014198493
havven,Synthetix,2018-10-02,0.0787393381733603,5059272.71213187,227523.10365622074
havven,Synthetix,2018-10-03,0.08110042299195792,5221178.82850343,275571.90915644786
havven,Synthetix,2018-10-04,0.07981077023696621,5118252.568845738,331937.76724420715
havven,Synthetix,2018-10-05,0.09266161071812194,5965729.05524171,407540.404871685
havven,Synthetix,2018-10-06,0.10207805805325537,6572964.586377057,555536.7867181537
havven,Synthetix,2018-10-07,0.08891460986737003,5725349.727606,413110.2482739125
havven,Synthetix,2018-10-08,0.0840685957451715,5413307.357112666,327760.8763334883
havven,Synthetix,2018-10-09,0.09030969768638261,5816310.468713081,317800.52768103726
havven,Synthetix,2018-10-10,0.08605948698444645,5567339.361915419,375260.6449898305
havven,Synthetix,2018-10-11,0.10899305589003931,6780237.163382208,545833.7000110819
havven,Synthetix,2018-10-12,0.1856006576615476,12152377.252772821,2988874.2460015593
havven,Synthetix,2018-10-13,0.15721788763896502,10104080.312833894,2013273.9627980478
havven,Synthetix,2018-10-14,0.13258892932184455,8559153.920141738,1288401.0232858888
havven,Synthetix,2018-10-15,0.1415522476499324,9138109.905249478,1605197.5881201557
havven,Synthetix,2018-10-16,0.14572699144656398,9398564.133304186,1694578.9998902148
havven,Synthetix,2018-10-17,0.13525530768700872,8764137.16845775,1083790.3030941542
havven,Synthetix,2018-10-18,0.13056936944744257,8535545.400365671,794742.5664879493
havven,Synthetix,2018-10-19,0.1304627507309854,8559622.366951535,1000011.0500708955
havven,Synthetix,2018-10-20,0.136049970840717,8989483.421973731,711879.7176727784
havven,Synthetix,2018-10-21,0.13258080487776447,8762501.46958894,402523.63149284397
havven,Synthetix,2018-10-22,0.1411743835063561,9215473.896728626,576500.6941705644
havven,Synthetix,2018-10-23,0.13849068994635524,9128724.73781512,357580.9112975685
havven,Synthetix,2018-10-24,0.13752308057558416,9033209.40967059,684040.9060935472
havven,Synthetix,2018-10-25,0.1338981825535106,8795403.191898273,775899.9748014157
havven,Synthetix,2018-10-26,0.13228095933638162,8727241.0802634,646462.3332852246
havven,Synthetix,2018-10-27,0.13109010216586026,8655350.864636876,584816.6000134116
havven,Synthetix,2018-10-28,0.12789937996194833,8444680.343139349,351105.86396659195
havven,Synthetix,2018-10-29,0.12686659195638816,8370802.463620199,287365.6870574212
havven,Synthetix,2018-10-30,0.11968565178844155,7902397.56267146,298258.8558573118
havven,Synthetix,2018-10-31,0.12229663771245224,8049527.900844811,374606.846638747
havven,Synthetix,2018-11-01,0.1202514898450479,7940027.604931931,337895.5671271278
havven,Synthetix,2018-11-02,0.12017396703200542,7920864.34985385,351699.18417122023
havven,Synthetix,2018-11-03,0.12233445953034122,8077624.683421747,317597.00744338124
havven,Synthetix,2018-11-04,0.12146038156950602,8019356.11535139,277656.41416480124
havven,Synthetix,2018-11-05,0.1237542060131526,8170531.565708394,342719.2071448802
havven,Synthetix,2018-11-06,0.12306683289910902,8125927.6721924,331255.677520797
havven,Synthetix,2018-11-07,0.1289198307578008,8498672.011098322,447509.93268020905
havven,Synthetix,2018-11-08,0.13138432381545054,8663002.18150103,318158.74245529243
havven,Synthetix,2018-11-09,0.1284929622239755,8509927.399181383,91453.87489170734
havven,Synthetix,2018-11-10,0.12456207007376527,8274863.657453723,235309.53490329193
havven,Synthetix,2018-11-11,0.13122270447451675,8665059.51377646,255011.92321320155
havven,Synthetix,2018-11-12,0.13476908723732128,8902671.947992228,146621.80029425042
havven,Synthetix,2018-11-13,0.14240881519190943,9419557.389503848,572061.6573237329
havven,Synthetix,2018-11-14,0.14420094760721133,9629416.966235058,547664.6064559048
havven,Synthetix,2018-11-15,0.12331272082527263,8222403.199030834,401755.49413461273
havven,Synthetix,2018-11-16,0.13168098778022752,8582777.642126463,309835.14745844714
havven,Synthetix,2018-11-17,0.12514347519363148,8266249.565901025,292885.5399602463
havven,Synthetix,2018-11-18,0.11862595728249556,7922285.785764757,256425.6763552055
havven,Synthetix,2018-11-19,0.13687201029973572,9202241.097891673,298165.6461302055
havven,Synthetix,2018-11-20,0.1118924378860266,7499409.691761821,238711.3662624302
havven,Synthetix,2018-11-21,0.08122705855037869,5425972.703832264,162267.49277214202
havven,Synthetix,2018-11-22,0.08379131465472574,5617544.3392913705,58686.708627263506
havven,Synthetix,2018-11-23,0.07882653875083662,5128365.129075911,67812.91753675776
havven,Synthetix,2018-11-24,0.070990536146113,4798053.47714917,117230.5500053898
havven,Synthetix,2018-11-25,0.0656266032073261,4452723.679085675,137117.15279190798
havven,Synthetix,2018-11-26,0.06395778298313567,4322821.453806007,118524.64167697582
havven,Synthetix,2018-11-27,0.06074840369729894,4140930.2216820954,117195.77716483177
havven,Synthetix,2018-11-28,0.05963591651440483,3988822.031851156,94831.40030598354
havven,Synthetix,2018-11-29,0.06199228247545432,4190033.7121842457,15291.968890481125
havven,Synthetix,2018-11-30,0.06130031534720261,4143263.9292480233,60523.09678044758
havven,Synthetix,2018-12-01,0.05794196359280439,3895668.494512575,56270.09133515472
havven,Synthetix,2018-12-02,0.05969437069065391,4019304.336456878,56554.339884028814
havven,Synthetix,2018-12-03,0.05661552723048534,3826620.9640328335,79943.84570122621
havven,Synthetix,2018-12-04,0.04975056926794629,3367761.658902881,68928.35123295052
havven,Synthetix,2018-12-05,0.04665866787905934,3153649.380383405,52022.27745887979
havven,Synthetix,2018-12-06,0.048675489248700125,3270659.5929731694,6017.280813724779
havven,Synthetix,2018-12-07,0.044455715274283394,2993891.4344347785,9360.81798524984
havven,Synthetix,2018-12-08,0.046909735353352695,3184602.102795133,3912.1757671408113
havven,Synthetix,2018-12-09,0.045875122738116385,3112389.2510106317,14610.33444097956
havven,Synthetix,2018-12-10,0.049721365876573206,3368476.136354739,3182.0790589438934
havven,Synthetix,2018-12-11,0.04686000327000398,3172501.466711678,8245.26074582603
havven,Synthetix,2018-12-12,0.046841838242708565,3171706.6789303864,66086.5443248973
havven,Synthetix,2018-12-13,0.06011782403804516,3972419.5438296795,176840.1179396138
havven,Synthetix,2018-12-14,0.05580440929949639,3784082.6859699143,32955.67372017176
havven,Synthetix,2018-12-15,0.04891116647756504,3181172.8323248117,60829.37373708246
havven,Synthetix,2018-12-16,0.05066365940392166,3446122.0929945693,86113.41395149415
havven,Synthetix,2018-12-17,0.04899264635808016,3341623.394036395,15300.14215417915
havven,Synthetix,2018-12-18,0.05964762212357888,4058297.5465839733,18979.609267659434
havven,Synthetix,2018-12-19,0.059697770350821404,4061858.769900848,24395.488277786768
havven,Synthetix,2018-12-20,0.05545638673174528,3776319.7361887284,29817.507389003807
havven,Synthetix,2018-12-21,0.0591915797856292,4030668.857708081,33034.848629223765
havven,Synthetix,2018-12-22,0.05263554688319623,3616593.1139965006,44259.783124257054
havven,Synthetix,2018-12-23,0.05300969307587608,3631091.035271859,29291.43868989742
havven,Synthetix,2018-12-24,0.05188618484867444,4059858.3840387603,37496.13681017938
havven,Synthetix,2018-12-25,0.05702911165058826,3921245.6225789334,94813.82583923532
havven,Synthetix,2018-12-26,0.06091411461808314,4154774.2818362694,180240.51721502407
havven,Synthetix,2018-12-27,0.05595590844344528,3840000.6704806606,65607.52759748492
havven,Synthetix,2018-12-28,0.04802345024495033,3295631.9764835457,94334.81517109093
havven,Synthetix,2018-12-29,0.046166452675875304,3168194.640397112,43786.60065932222
havven,Synthetix,2018-12-30,0.04579221088765453,3142512.1207550243,14332.308432263602
havven,Synthetix,2018-12-31,0.04089022239783558,2806110.843191667,14730.916696839822
havven,Synthetix,2019-01-01,0.0375405194430106,2576348.0817384254,27388.57628320825
havven,Synthetix,2019-01-02,0.044948755952017694,3086458.8119412023,23301.964198092366
havven,Synthetix,2019-01-03,0.04298463193932174,2951589.943196491,18910.289304263482
havven,Synthetix,2019-01-04,0.03835990142561467,2634124.672284556,12156.254683063382
havven,Synthetix,2019-01-05,0.03735776909089117,2567821.5742756086,19688.587632303
havven,Synthetix,2019-01-06,0.03478639730692328,2389718.394688303,17588.5720237861
havven,Synthetix,2019-01-07,0.03605503693487938,2446848.4865230713,15633.260390343808
havven,Synthetix,2019-01-08,0.03699794457152391,2541837.7063711295,19418.914419657827
havven,Synthetix,2019-01-09,0.03595301954893435,2470990.485349292,13506.675872682416
havven,Synthetix,2019-01-10,0.046566613007944346,3158786.122474149,22163.121372100606
havven,Synthetix,2019-01-11,0.03505318796098985,2402956.649394521,32692.27795955836
havven,Synthetix,2019-01-12,0.0428068059633911,2941027.558664874,29705.52044633506
havven,Synthetix,2019-01-13,0.04179957166501506,2872224.053289781,33726.56066334479
havven,Synthetix,2019-01-14,0.039058585081634956,2683879.357855542,20969.929205871318
havven,Synthetix,2019-01-15,0.04083307465697899,2809757.009231042,15306.262039147652
havven,Synthetix,2019-01-16,0.038925027879929006,2674705.210046245,34234.47328618947
havven,Synthetix,2019-01-17,0.040153991729056475,2761665.9213365903,59812.47207662661
havven,Synthetix,2019-01-18,0.03996584386907723,2746234.8773052534,41723.265438049246
havven,Synthetix,2019-01-19,0.041880193358200556,2878268.5984263527,24206.884999350485
havven,Synthetix,2019-01-20,0.03965737316383974,2724976.9992854795,30264.027235581863
havven,Synthetix,2019-01-21,0.03802742310671836,2613047.3384313853,20248.317758972044
havven,Synthetix,2019-01-22,0.03652250152790941,2509636.930762717,22104.87976398324
havven,Synthetix,2019-01-23,0.037156998978164504,2553241.7514278954,45013.670654068
havven,Synthetix,2019-01-24,0.04222584368386927,2901547.2198462435,56854.959404530375
havven,Synthetix,2019-01-25,0.06357742985595852,4370578.729690918,200475.11868312262
havven,Synthetix,2019-01-26,0.04702289136369279,3236529.203626301,77644.46294825891
havven,Synthetix,2019-01-27,0.044394765403039584,3051849.012502807,44838.93337560552
havven,Synthetix,2019-01-28,0.04375382896877038,3007313.8438846036,20280.159744441968
havven,Synthetix,2019-01-29,0.043800795485552664,3008307.6228356413,17186.53965493149
havven,Synthetix,2019-01-30,0.039663421741356585,2669494.967358526,21989.031541303797
havven,Synthetix,2019-01-31,0.04261012374717159,2929462.6746452996,20880.96137923988
havven,Synthetix,2019-02-01,0.0405517817921163,2783533.8332139174,24078.68355044202
havven,Synthetix,2019-02-02,0.038818633749743044,2668796.2542738914,1181.357918765504
havven,Synthetix,2019-02-03,0.0400953399661659,2756570.306038917,1139.7500368852159
havven,Synthetix,2019-02-04,0.03993253224180306,2745377.211306435,10276.43716407209
havven,Synthetix,2019-02-05,0.04252449829458561,2923575.891287462,15764.072573817424
havven,Synthetix,2019-02-06,0.04007477741771901,2755554.767147859,8962.685343714278
havven,Synthetix,2019-02-07,0.039864709115029935,2740755.902973602,11122.134785980232
havven,Synthetix,2019-02-08,0.03859256950491955,2653294.4809986944,2121.7379937673477
havven,Synthetix,2019-02-09,0.04228800856274007,2907374.5015467824,2763.251475859366
havven,Synthetix,2019-02-10,0.042263584691444,2902571.757823154,727.9422319767922
havven,Synthetix,2019-02-11,0.0437331172350405,3006728.2485925183,2713.3376828995383
havven,Synthetix,2019-02-12,0.040508848701939534,2882744.8256364563,6308.432471291437
havven,Synthetix,2019-02-13,0.039745988610400025,2743528.5823960076,3958.9415358695833
havven,Synthetix,2019-02-14,0.03923831634741622,2697910.5811340483,1943.1247984459153
havven,Synthetix,2019-02-15,0.03823445113418542,2630094.5554223317,4459.794564098753
havven,Synthetix,2019-02-16,0.03818475720636072,2625139.6970860944,3266.712838712374
havven,Synthetix,2019-02-17,0.04285923674485262,2947081.272321637,11715.484457704404
havven,Synthetix,2019-02-18,0.05656623590019605,3741895.494029238,33780.73903177657
havven,Synthetix,2019-02-19,0.04912959148197633,3377420.2149829683,526.266859628146
havven,Synthetix,2019-02-20,0.048649008459981165,3349139.307842861,4026.4754159403883
havven,Synthetix,2019-02-21,0.04712116353306204,3244323.2677763496,1527.1967421733375
havven,Synthetix,2019-02-22,0.0462524335761785,3184650.9543552063,1217.2139410371296
havven,Synthetix,2019-02-23,0.049945250015600275,3440163.642408006,6218.798485327007
havven,Synthetix,2019-02-24,0.04897452185185138,3375058.5403854903,12404.58706915558
havven,Synthetix,2019-02-25,0.050245312448139345,3466902.541357023,3914.8130551915365
havven,Synthetix,2019-02-26,0.05125841578682167,3528781.6502734516,4370.864166257283
havven,Synthetix,2019-02-27,0.04447050861681489,3063349.984157276,17675.566202631126
havven,Synthetix,2019-02-28,0.043955479134145846,3027872.1898471345,3572.6148521212726
havven,Synthetix,2019-03-01,0.04411265381604494,3038699.164268638,381.9182622501805
havven,Synthetix,2019-03-02,0.04632802697214842,3220914.5129846795,15354.369613510456
havven,Synthetix,2019-03-03,0.044785810038541554,3113693.2642444433,11634.048198574745
havven,Synthetix,2019-03-04,0.042720607015062625,2928706.3650774504,12329.717841813805
havven,Synthetix,2019-03-05,0.041177836882879466,2862858.1728344616,9685.587997905623
havven,Synthetix,2019-03-06,0.05248787200964633,3649179.8679201882,24632.317310014245
havven,Synthetix,2019-03-07,0.04470252914852757,3079007.823388063,23787.411628366972
havven,Synthetix,2019-03-08,0.05772248329762205,4024884.2949823686,37434.41901190479
havven,Synthetix,2019-03-09,0.0524986207928322,3657488.3832038664,48307.002612178476
havven,Synthetix,2019-03-10,0.053134565735306706,3694193.423151362,29506.293116583183
havven,Synthetix,2019-03-11,0.05245082664058625,3679164.160975205,19619.65881379306
havven,Synthetix,2019-03-12,0.052396756223630915,3643238.7278357423,28614.659768523925
havven,Synthetix,2019-03-13,0.05072909562094563,3522561.6503403587,28246.22757953701
havven,Synthetix,2019-03-14,0.051008141700050115,3556081.1984723993,30872.859459973894
havven,Synthetix,2019-03-15,0.04954356247552531,3451398.57969236,15720.60132359051
havven,Synthetix,2019-03-16,0.05146416716682123,3589502.386283904,19315.844816414257
havven,Synthetix,2019-03-17,0.051929719296545634,3618012.36357353,14393.65968503538
havven,Synthetix,2019-03-18,0.05153249592611502,3625701.1793295573,11938.519069271328
havven,Synthetix,2019-03-19,0.050513177170084925,3518950.334552088,31186.859802384697
havven,Synthetix,2019-03-20,0.04967578380248825,3481298.8519091774,17774.77473457818
havven,Synthetix,2019-03-21,0.05184273704262272,3584203.9849427314,13476.250945777287
havven,Synthetix,2019-03-22,0.045314148669525496,3176469.8128150557,32315.825506135385
havven,Synthetix,2019-03-23,0.0486524340245875,3410479.7847170187,48977.66877987527
havven,Synthetix,2019-03-24,0.04770385089984048,3326719.8816340584,8461.866372233631
havven,Synthetix,2019-03-25,0.04790271672106313,3362575.6226859665,13053.91383840642
havven,Synthetix,2019-03-26,0.044027951722109986,3090279.1463515367,23882.478448175276
havven,Synthetix,2019-03-27,0.04561273940809811,3221078.7424068446,13665.849147546385
havven,Synthetix,2019-03-28,0.04534174201769304,3185529.8832886782,13985.085007456079
havven,Synthetix,2019-03-29,0.04342180317572098,3104982.3982599513,25151.65959591736
havven,Synthetix,2019-03-30,0.04506526133207632,3256607.4769447115,10738.484819307243
havven,Synthetix,2019-03-31,0.04585733728516442,3317090.4206887754,17290.586405456397
havven,Synthetix,2019-04-01,0.04717583150493498,3413570.6666199393,13252.855893546897
havven,Synthetix,2019-04-02,0.05008179178194359,3619950.5672899983,27433.484043077697
havven,Synthetix,2019-04-03,0.05864392627164143,4243622.14549707,143314.66223626924
havven,Synthetix,2019-04-04,0.05590712970660111,4047533.0485641486,66710.79227788186
havven,Synthetix,2019-04-05,0.055932443476419735,4045909.6855502455,23821.60938553373
havven,Synthetix,2019-04-06,0.062364155985779234,4522139.5410960475,37021.541121907474
havven,Synthetix,2019-04-07,0.06596539761071951,4798913.760985918,88501.00354564394
havven,Synthetix,2019-04-08,0.07010346651479198,5077384.479227831,64016.40159837882
havven,Synthetix,2019-04-09,0.06828889663749753,5113326.025601602,38034.802127207055
havven,Synthetix,2019-04-10,0.06617232514758424,4992558.938284247,25601.307066287834
havven,Synthetix,2019-04-11,0.06828666273593367,5159445.251482756,29987.86208449181
havven,Synthetix,2019-04-12,0.06539840234826838,4943875.029302332,17974.290837500208
havven,Synthetix,2019-04-13,0.0679402943957489,5134103.2931775,17607.920257383455
havven,Synthetix,2019-04-14,0.07032170106217824,5319895.513460492,30590.871857010967
havven,Synthetix,2019-04-15,0.08138641167483456,6148846.991251705,60489.34659051459
havven,Synthetix,2019-04-16,0.07623111942692773,5765793.128506296,71249.7012345009
havven,Synthetix,2019-04-17,0.07231053271457048,5475601.7451790515,39886.38628012812
havven,Synthetix,2019-04-18,0.07041119425862233,5323440.971863217,42620.387328095036
havven,Synthetix,2019-04-19,0.07469741687389551,5669212.797892377,41152.44734116688
havven,Synthetix,2019-04-20,0.08142853843561994,6184618.502471244,39502.720527376674
havven,Synthetix,2019-04-21,0.07524246251395844,5712046.926846696,47403.808122325456
havven,Synthetix,2019-04-22,0.07974406999967569,5918612.913895576,36740.64143438048
havven,Synthetix,2019-04-23,0.07694136400450587,5823068.04619467,40128.816219676744
havven,Synthetix,2019-04-24,0.0732256560704248,5608276.01054534,45284.04578138231
havven,Synthetix,2019-04-25,0.07609980938777244,5776419.2953662975,55558.14555076704
havven,Synthetix,2019-04-26,0.07221919372228203,5496577.87881512,51657.04456900669
havven,Synthetix,2019-04-27,0.0715550885548281,5438427.140128898,48428.04299184973
havven,Synthetix,2019-04-28,0.06971055961590156,5292535.175576546,50081.970990355905
havven,Synthetix,2019-04-29,0.07192706189126924,5459313.273327717,59357.17697973074
havven,Synthetix,2019-04-30,0.07228521691856317,5467508.539625064,58976.62382100526
havven,Synthetix,2019-05-01,0.07408118529389895,5611418.94191363,62418.85167910047
havven,Synthetix,2019-05-02,0.07055298222703454,5349798.542750046,64567.4663743252
havven,Synthetix,2019-05-03,0.07730979596942712,5883486.571561957,100214.07448112787
havven,Synthetix,2019-05-04,0.07412794871224124,5633006.850174048,135514.13530338832
havven,Synthetix,2019-05-05,0.07275493301204808,5520567.052869124,116776.67963288327
havven,Synthetix,2019-05-06,0.07519144102927668,5724460.445933157,125544.29013770889
havven,Synthetix,2019-05-07,0.08064860674096631,6189292.121522097,109349.43440075988
havven,Synthetix,2019-05-08,0.08392606973178056,6475029.749281307,151743.17926404878
havven,Synthetix,2019-05-09,0.0843852943760869,6455487.0695183715,96786.88655698711
havven,Synthetix,2019-05-10,0.08405248566463246,6444769.8108310625,75039.89196882378
havven,Synthetix,2019-05-11,0.0849104976729823,6522982.945449082,148497.9281317334
havven,Synthetix,2019-05-12,0.08729355394424497,6698056.471527021,167137.86713766004
havven,Synthetix,2019-05-13,0.08032257294485971,7156996.04377834,138304.48425181833
havven,Synthetix,2019-05-14,0.0854841446947327,7771723.000812782,65446.33704699561
havven,Synthetix,2019-05-15,0.09857372797949565,8854501.627529599,132366.43468979982
havven,Synthetix,2019-05-16,0.10260719494570794,9238465.491827078,163800.6797379448
havven,Synthetix,2019-05-17,0.1023072916533934,9311207.34237574,113098.71618929837
havven,Synthetix,2019-05-18,0.09879409073887568,9020205.606004452,51073.86845607333
havven,Synthetix,2019-05-19,0.10393254299764246,9483972.267630916,63615.06617507829
havven,Synthetix,2019-05-20,0.11363094891322299,10458604.229910607,69705.13105304007
havven,Synthetix,2019-05-21,0.12775926904821253,11667392.2435768,102120.3710081138
havven,Synthetix,2019-05-22,0.12347924474384954,11317493.35851598,93647.19761923217
havven,Synthetix,2019-05-23,0.1219849074595713,11186773.10872571,89724.06870156767
havven,Synthetix,2019-05-24,0.12960716041633927,12014907.157639807,58919.65549512971
havven,Synthetix,2019-05-25,0.1352061986856503,12549851.172126802,70208.19343267853
havven,Synthetix,2019-05-26,0.14764639789687134,13698144.145822776,90776.60824329377
havven,Synthetix,2019-05-27,0.16875060180049012,15579017.582624028,130674.63231152805
havven,Synthetix,2019-05-28,0.17781557436246065,16617206.693688732,89650.12847409226
havven,Synthetix,2019-05-29,0.27835777420235125,21489286.72376072,438556.0783984909
havven,Synthetix,2019-05-30,0.24595631468368434,25260801.574915018,394477.9617168275
havven,Synthetix,2019-05-31,0.2612931705585996,22657255.013915073,278779.2745178997
havven,Synthetix,2019-06-01,0.30356905921622374,26282479.53998728,163666.0279017731
havven,Synthetix,2019-06-02,0.30903107779692274,26856637.292004976,176920.3177745042
havven,Synthetix,2019-06-03,0.32630716619534783,28088735.285784,82694.64312917882
havven,Synthetix,2019-06-04,0.2983875794950059,26041764.064772915,100219.57085386467
havven,Synthetix,2019-06-05,0.2641273668797049,22999550.959046718,57031.157943181555
havven,Synthetix,2019-06-06,0.29987172822201824,26063435.079448335,90191.8784414467
havven,Synthetix,2019-06-07,0.35792679724769433,31585391.197370373,102667.65792203134
havven,Synthetix,2019-06-08,0.33702384606043617,29680221.16546234,116852.04851720006
havven,Synthetix,2019-06-09,0.31917870492595163,27640418.93017446,93430.54219963995
havven,Synthetix,2019-06-10,0.31886853672356846,27906812.337747507,40634.88157754564
havven,Synthetix,2019-06-11,0.3254805704221176,29061355.10658313,55539.21654086986
havven,Synthetix,2019-06-12,0.33360137064633333,29845262.35711888,54818.983621727995
havven,Synthetix,2019-06-13,0.31817110766127493,28163882.535294306,168118.1962732342
havven,Synthetix,2019-06-14,0.24501121593320793,21933968.259650484,388114.9702413071
havven,Synthetix,2019-06-15,0.25028254783362114,22345236.786619425,262598.6826822166
havven,Synthetix,2019-06-16,0.25463708004320357,22787004.353215437,65997.06943188608
havven,Synthetix,2019-06-17,0.268148100695864,24064476.433418192,95244.16768973514
havven,Synthetix,2019-06-18,0.2347852635461275,21214988.28998916,103993.95106476032
havven,Synthetix,2019-06-19,0.23591679449070796,21294974.057665203,22901.861796382665
havven,Synthetix,2019-06-20,0.2530567630544066,22805296.92492585,74367.35646806748
havven,Synthetix,2019-06-21,0.30181551932877865,27292205.103579372,113815.60310694107
havven,Synthetix,2019-06-22,0.30019806501280566,27108761.908499774,89756.74655452998
havven,Synthetix,2019-06-23,0.29537483094480627,26689844.14337786,86084.32778627747
havven,Synthetix,2019-06-24,0.35916656918361856,32186982.15379579,269398.0237774492
havven,Synthetix,2019-06-25,0.35988420877778105,32496050.26362334,144513.02143941988
havven,Synthetix,2019-06-26,0.35341785162280515,31917421.358037125,162268.04736044919
havven,Synthetix,2019-06-27,0.3319297300340803,29664502.668708127,312279.93848378153
havven,Synthetix,2019-06-28,0.2886884226654509,25901348.462017395,105599.97775694747
havven,Synthetix,2019-06-29,0.30918423366595554,27927650.147985626,110386.52175329714
havven,Synthetix,2019-06-30,0.3043699125404716,27462424.98042445,148573.64991078633
havven,Synthetix,2019-07-01,0.26899929372503745,24344408.869290758,109483.56730447614
havven,Synthetix,2019-07-02,0.27971567076451187,25256932.944378685,130508.7755225845
havven,Synthetix,2019-07-03,0.29692522887803097,26774381.079768535,149784.51911681972
havven,Synthetix,2019-07-04,0.37023694106057514,33506929.789428953,216266.4270570942
havven,Synthetix,2019-07-05,0.3361984956932604,30560480.076994263,115576.60560395302
havven,Synthetix,2019-07-06,0.3429440221413214,30777874.72566109,225931.1041118947
havven,Synthetix,2019-07-07,0.33299248382613106,30379200.28318771,199154.5752431068
havven,Synthetix,2019-07-08,0.323307571879545,29426757.244009633,147179.8099801852
havven,Synthetix,2019-07-09,0.30315307729053687,27357842.733829413,111160.462072428
havven,Synthetix,2019-07-10,0.3074792100448585,27020509.065174785,133021.90080428464
havven,Synthetix,2019-07-11,0.31481635669911623,28670308.3694489,118997.93129324834
havven,Synthetix,2019-07-12,0.2694896364196744,24486951.999335118,139321.0314395691
havven,Synthetix,2019-07-13,0.28005300773411335,25512178.506368108,128148.65933890398
havven,Synthetix,2019-07-14,0.26839846017719793,24712602.963591825,157603.6763980296
havven,Synthetix,2019-07-15,0.2293842110998672,21159455.251038544,117694.1496518242
havven,Synthetix,2019-07-16,0.25716408085147413,23481969.27174049,159694.08346121316
havven,Synthetix,2019-07-17,0.221304587166278,20228489.47976986,99029.38960626519
havven,Synthetix,2019-07-18,0.23563843498056283,21405777.83519999,55600.761714100234
havven,Synthetix,2019-07-19,0.26235257953663965,24106348.430241104,54913.601106997834
havven,Synthetix,2019-07-20,0.25654852314880905,23349379.347686402,38548.66248697321
havven,Synthetix,2019-07-21,0.2530767759307352,23029157.39719981,53686.736550234986
havven,Synthetix,2019-07-22,0.2563394551928134,23444039.520939216,85521.36230140807
havven,Synthetix,2019-07-23,0.2346243874574777,21430949.80737964,97583.66110443157
havven,Synthetix,2019-07-24,0.22719986766950045,20736096.44488923,45415.97684807939
havven,Synthetix,2019-07-25,0.23796167087372322,21733530.715028357,32155.55449249191
havven,Synthetix,2019-07-26,0.26301233557224596,24096579.792075425,41206.8513952996
havven,Synthetix,2019-07-27,0.2759820300139951,25083112.335689567,53599.810012482405
havven,Synthetix,2019-07-28,0.24048260523204265,21946124.592088006,47732.68061034448
havven,Synthetix,2019-07-29,0.24995954494263878,22850904.645019278,56096.14394242109
havven,Synthetix,2019-07-30,0.26078608216133414,23798993.051795807,62134.84223360744
havven,Synthetix,2019-07-31,0.256638085063295,23421825.91194013,68159.65095288017
havven,Synthetix,2019-08-01,0.26101311200656574,23910990.911824822,48176.84849343255
havven,Synthetix,2019-08-02,0.25868806770180874,23608790.568831597,62528.95435585414
havven,Synthetix,2019-08-03,0.2617765876115689,23914217.02585262,82275.53197408137
havven,Synthetix,2019-08-04,0.27281158386515403,24911055.09787887,51083.64031213761
havven,Synthetix,2019-08-05,0.27945834478875875,25597451.242732663,46179.68455667249
havven,Synthetix,2019-08-06,0.2697665923559383,24641100.540626794,118824.47183584534
havven,Synthetix,2019-08-07,0.258766210344835,23548641.796293624,40842.7529617693
havven,Synthetix,2019-08-08,0.3008724832648104,27508177.547680594,63042.945247441414
havven,Synthetix,2019-08-09,0.2948913025544577,26817256.49673679,46896.98370646113
havven,Synthetix,2019-08-10,0.29836554910388335,27255232.338649854,99375.9183340438
havven,Synthetix,2019-08-11,0.2735898816350348,25017734.74962881,104915.36843291385
havven,Synthetix,2019-08-12,0.30482973606610886,27857688.49557717,80304.11319411907
havven,Synthetix,2019-08-13,0.29896183976217766,27502123.752470873,39787.22828155389
havven,Synthetix,2019-08-14,0.28992131384335657,26495921.014526483,50832.97835575724
havven,Synthetix,2019-08-15,0.26261494378186107,24000411.941177815,31839.97455821261
havven,Synthetix,2019-08-16,0.2643687494804768,24160745.149932377,39377.78705658767
havven,Synthetix,2019-08-17,0.2745519316426623,25084697.457275573,89968.28063307496
havven,Synthetix,2019-08-18,0.2741888708722993,25058209.206313763,30835.4295120572
havven,Synthetix,2019-08-19,0.296062691623903,27045560.60360365,43842.52619641595
havven,Synthetix,2019-08-20,0.30887356006472805,28259897.473025743,45306.00613286435
havven,Synthetix,2019-08-21,0.3073669841648621,28090581.711821828,60407.07251618605
havven,Synthetix,2019-08-22,0.3114888432392093,28467282.610414308,46745.05932726135
havven,Synthetix,2019-08-23,0.28787202748108354,26308975.42939929,41062.72040455487
havven,Synthetix,2019-08-24,0.29651826142100896,27002060.48725614,5450.96969623631
havven,Synthetix,2019-08-25,0.2870104541493806,26230368.428969264,4766.559081780745
havven,Synthetix,2019-08-26,0.305820134295425,27949416.75326835,57765.092403366245
havven,Synthetix,2019-08-27,0.32923627548422624,30097847.03614817,79331.82214436542
havven,Synthetix,2019-08-28,0.3629571167621368,33188882.646850046,65849.42289678432
havven,Synthetix,2019-08-29,0.35533624802554997,32667522.2216474,121989.37232151332
havven,Synthetix,2019-08-30,0.38042032338648324,34796038.821696386,57763.21361204209
havven,Synthetix,2019-08-31,0.37852337326453583,34622529.82118212,96734.00393533004
havven,Synthetix,2019-09-01,0.3563079527302832,32590544.17838344,11529.61619599211
havven,Synthetix,2019-09-02,0.39452942748779474,36086561.18306304,66120.39129274707
havven,Synthetix,2019-09-03,0.42299722222596087,38716117.493423656,91708.95729269666
havven,Synthetix,2019-09-04,0.45648966259605,41753899.686526634,39549.75041560782
havven,Synthetix,2019-09-05,0.4221420662495677,38590605.04674273,109784.62989214306
havven,Synthetix,2019-09-06,0.40508006704431165,37081432.10852189,64311.05915267434
havven,Synthetix,2019-09-07,0.3666986058805166,33622959.78176676,95823.67744482748
havven,Synthetix,2019-09-08,0.3700963229801564,33934499.84098431,11492.380588812426
havven,Synthetix,2019-09-09,0.3782772927818812,34691784.1169215,15889.956870501266
havven,Synthetix,2019-09-10,0.3914696395971459,35838197.48669244,26288.808450647906
havven,Synthetix,2019-09-11,0.40195310911265436,36792649.21730083,25602.24321222156
havven,Synthetix,2019-09-12,0.40063291847411486,36734430.64437545,44333.63039963323
havven,Synthetix,2019-09-13,0.43572068893679655,39983121.937972516,70523.36932366871
havven,Synthetix,2019-09-14,0.43009158325615043,39298735.48900763,47924.47372032912
havven,Synthetix,2019-09-15,0.44225940261371477,38523785.52312916,28632.68296007079
havven,Synthetix,2019-09-16,0.41581453462891904,36220488.73541101,27904.055667242435
havven,Synthetix,2019-09-17,0.4544465472732419,39572999.535445966,57807.886189006735
havven,Synthetix,2019-09-18,0.4755813619600918,41748775.54196755,25499.27953463091
havven,Synthetix,2019-09-19,0.48666248902935366,42792687.92169351,223037.26444589059
havven,Synthetix,2019-09-20,0.4987762727324783,43881317.52729533,133718.44370523404
havven,Synthetix,2019-09-21,0.48536301750120736,42704328.01957554,88986.28899750525
havven,Synthetix,2019-09-22,0.48289160519755986,41570476.75984254,56244.63237924746
havven,Synthetix,2019-09-23,0.48602825928233845,41796524.09184772,47299.689421024974
havven,Synthetix,2019-09-24,0.4497428297118512,38732337.31422338,54545.37489363137
havven,Synthetix,2019-09-25,0.4044836794249254,34884928.720573,47073.54424003722
havven,Synthetix,2019-09-26,0.42949864197146487,37042581.715478614,40626.30151414878
havven,Synthetix,2019-09-27,0.5034174497000724,43532167.00717869,160140.03572180934
havven,Synthetix,2019-09-28,0.4825745563781026,41729813.28752639,189997.94695240541
havven,Synthetix,2019-09-29,0.48438772161401783,41887356.59787559,54156.523595311905
havven,Synthetix,2019-09-30,0.47644012096664534,41246607.332244925,33983.762502098696
havven,Synthetix,2019-10-01,0.46670374272350396,40361523.51735377,98035.62644315608
havven,Synthetix,2019-10-02,0.47944853555368866,41463720.06829092,204592.25363362354
havven,Synthetix,2019-10-03,0.47944853555368866,41463720.06829092,204592.25363362354
havven,Synthetix,2019-10-04,0.4897650376747555,42428925.44729185,234519.30797093612
havven,Synthetix,2019-10-05,0.4878599162969355,42282860.878467396,230922.05244382846
havven,Synthetix,2019-10-06,0.4788092276009868,41453736.97547962,32109.85951545444
havven,Synthetix,2019-10-07,0.445056361668541,38573073.119731516,91271.71261595507
havven,Synthetix,2019-10-08,0.4688512544716624,40636034.4338408,194298.21639724527
havven,Synthetix,2019-10-09,0.4656086101633746,40355891.197233684,76336.9710635411
havven,Synthetix,2019-10-10,0.49660937863361126,43042833.86132343,167953.26550586818
havven,Synthetix,2019-10-11,0.5090471899005707,44171868.201507896,75642.57178415981
havven,Synthetix,2019-10-12,0.49198656335200264,42691455.85017817,38228.46787545626
havven,Synthetix,2019-10-13,0.48767327435223995,42342402.46741863,19060.789859353376
havven,Synthetix,2019-10-14,0.5354553732871894,46463401.91220929,178846.418767646
havven,Synthetix,2019-10-15,0.5268905529366639,45721060.42750762,97156.31546875987
havven,Synthetix,2019-10-16,0.505257614364437,43843856.73468634,69362.970445721
havven,Synthetix,2019-10-17,0.5645947180943975,49000188.228153795,210254.8112028141
havven,Synthetix,2019-10-18,0.6635748900321823,57648368.610831335,1199314.107707703
havven,Synthetix,2019-10-19,0.6517148786609113,56618081.61782048,162269.4657194021
havven,Synthetix,2019-10-20,0.6533605440095476,56760992.681638375,147836.41421566193
havven,Synthetix,2019-10-21,0.6958620043084833,60460743.34415942,413363.0107979948
havven,Synthetix,2019-10-22,0.7461376934754069,64838329.17467933,330328.57534165314
havven,Synthetix,2019-10-23,0.7096098711234222,61891313.66029411,247177.74810003315
havven,Synthetix,2019-10-24,0.6825386741312464,59400284.00489668,255224.08642807804
havven,Synthetix,2019-10-25,0.8185533319800508,71319447.55715546,490019.6914025854
havven,Synthetix,2019-10-26,0.8665226638225731,75499317.10842992,1163487.5939804097
havven,Synthetix,2019-10-27,0.7230927532008143,63002401.84357631,1066916.042319158
havven,Synthetix,2019-10-28,0.7582934501841221,66069858.51233423,311571.0804980577
havven,Synthetix,2019-10-29,0.7256446422121237,63256761.712313406,640033.8161822447
havven,Synthetix,2019-10-30,0.7673889519765866,66896057.3839161,291636.0545513515
havven,Synthetix,2019-10-31,0.7438116182441984,64933712.78126215,297314.7132580163
havven,Synthetix,2019-11-01,0.7353861500673549,64271867.12534648,239312.27177745258
havven,Synthetix,2019-11-02,0.7475474681259092,65334751.73128703,94556.36582601038
havven,Synthetix,2019-11-03,0.7327592475412069,64077107.912451625,55305.368557678485
havven,Synthetix,2019-11-04,0.7274768948045166,63567862.70328194,42094.62938463682
havven,Synthetix,2019-11-05,0.7435748343275091,64982363.44293803,106590.93402575709
havven,Synthetix,2019-11-06,0.7652352456649493,66881110.48887665,117151.70371623522
havven,Synthetix,2019-11-07,0.8100472655219492,71039527.8043113,353937.0292516453
havven,Synthetix,2019-11-08,0.8383681755511413,73356890.30563113,479093.2834237106
havven,Synthetix,2019-11-09,0.8649549311575571,75801719.93844956,211883.9284998353
havven,Synthetix,2019-11-10,0.8337724807607124,73254611.38886344,180152.44824668462
havven,Synthetix,2019-11-11,0.7491874684104943,65668716.931027114,293976.258695602
havven,Synthetix,2019-11-12,0.7987286168287123,70049598.14071737,113770.8080815404
havven,Synthetix,2019-11-13,0.8339871909771884,73101688.26579413,79627.17948057712
havven,Synthetix,2019-11-14,0.838091786072298,73470660.31658895,150928.14703658439
havven,Synthetix,2019-11-15,0.8551145560151112,75076877.4154088,483161.4507405772
havven,Synthetix,2019-11-16,0.8475085766361901,74257036.2105621,333315.30280360463
havven,Synthetix,2019-11-17,0.9500877192754026,83170658.68406264,424068.24334530876
havven,Synthetix,2019-11-18,1.0966486333482492,96275651.09023006,1211004.8730707911
havven,Synthetix,2019-11-19,1.047538347749284,91927647.59150442,600045.3008893968
havven,Synthetix,2019-11-20,1.1357263985983046,99856964.94258647,1346219.4755207938
havven,Synthetix,2019-11-21,1.2095659836900021,106555341.13575122,1228817.6151126076
havven,Synthetix,2019-11-22,1.0980856929622425,96724718.63497686,1673456.5604115427
havven,Synthetix,2019-11-23,1.1553349403383741,101925798.63050434,1495702.6049083835
havven,Synthetix,2019-11-24,1.2556875492834947,110938339.30649985,733056.6093562882
havven,Synthetix,2019-11-25,1.5221693686426927,135139507.75753206,2000401.9899803936
havven,Synthetix,2019-11-26,1.400323408585936,123525547.82816106,1625204.1012412976
havven,Synthetix,2019-11-27,1.369358740834258,120806973.06228416,1090013.9440987606
havven,Synthetix,2019-11-28,1.4279823785510233,126473164.55731787,875505.3504958702
havven,Synthetix,2019-11-29,1.414131049780085,125141768.9182161,982027.3776704337
havven,Synthetix,2019-11-30,1.3373054655283794,118027899.23112084,620686.1007236772
havven,Synthetix,2019-12-01,1.3552885986764855,119849397.86857866,654483.9555890618
havven,Synthetix,2019-12-02,1.2561810727002485,110934839.30911747,550240.8951493996
havven,Synthetix,2019-12-03,1.3107872473199715,115831997.05132216,1108243.3848336127
havven,Synthetix,2019-12-04,1.3674036589915786,120892553.73562822,726026.8389553276
havven,Synthetix,2019-12-05,1.2725669288390324,112679666.83828856,823906.2581320911
havven,Synthetix,2019-12-06,1.227156146541057,108501833.99152559,834748.7075756014
havven,Synthetix,2019-12-07,1.2551665312940907,111077452.91029167,307987.4139772135
havven,Synthetix,2019-12-08,1.2730497920412833,112697552.26639345,170862.90898551806
havven,Synthetix,2019-12-09,1.2627963925803152,111636801.5658025,661418.640016042
havven,Synthetix,2019-12-10,1.3098190517343817,115874416.90949161,427063.2951846031
havven,Synthetix,2019-12-11,1.23396923342237,109312387.7766982,394768.18753277
havven,Synthetix,2019-12-12,1.2965063189995791,114777529.07050528,646986.8678361074
havven,Synthetix,2019-12-13,1.3699035061200044,122351057.796134,336061.1540321673
havven,Synthetix,2019-12-14,1.368784148818032,121954997.5057875,225059.37358348892
havven,Synthetix,2019-12-15,1.4014389982189064,125906472.31041384,487444.8721101919
havven,Synthetix,2019-12-16,1.3800474858317198,123512048.63555807,301643.4029611422
havven,Synthetix,2019-12-17,1.3165601511113159,117364550.78311084,300635.8962139258
havven,Synthetix,2019-12-18,1.2628546848327076,112935444.95977467,1426341.4237895545
havven,Synthetix,2019-12-19,1.3628812392313443,120741990.80545934,708685.6165414113
havven,Synthetix,2019-12-20,1.3166867595204277,117954008.60661742,476119.6967604416
havven,Synthetix,2019-12-21,1.3092244114947929,117587924.55345866,223391.4122866774
havven,Synthetix,2019-12-22,1.295567713514845,116245729.97665879,180896.41260862822
havven,Synthetix,2019-12-23,1.367230984632065,122641894.71789561,145038.94114695166
havven,Synthetix,2019-12-24,1.288887202873417,115730785.91242185,188836.07651032304
havven,Synthetix,2019-12-25,1.292727385592917,116011117.4984572,200455.17264084454
havven,Synthetix,2019-12-26,1.2575864360168834,112750029.60797143,259183.64374116063
havven,Synthetix,2019-12-27,1.247650411746375,111705348.35623781,342548.15092767664
havven,Synthetix,2019-12-28,1.2443528786825477,111868377.36624075,123194.24238676418
havven,Synthetix,2019-12-29,1.2396156432238103,111549321.11627004,133868.8549867261
havven,Synthetix,2019-12-30,1.2807212259928502,115552618.85297069,126006.7193888024
havven,Synthetix,2019-12-31,1.2241086251761633,110010405.08308268,365118.9864191065
havven,Synthetix,2020-01-01,1.2055779246679448,108373843.26993868,599454.906767054
havven,Synthetix,2020-01-02,1.2099176625504902,108816647.96911971,1437380.3060498356
havven,Synthetix,2020-01-03,1.1142600000427163,100469587.55543442,570114.4186237823
havven,Synthetix,2020-01-04,1.1612367382390736,105639814.18449612,1619361.7823963312
havven,Synthetix,2020-01-05,1.1400311921487125,102697424.26821274,2449783.1082435995
havven,Synthetix,2020-01-06,1.126774404548109,100606119.28986277,2263166.3044646773
havven,Synthetix,2020-01-07,0.9406522711213927,84677813.11310388,4386874.237439336
havven,Synthetix,2020-01-08,1.0189765525606713,91860440.00186342,3469766.7594141555
havven,Synthetix,2020-01-09,0.9118015683418036,82241965.22532977,3325730.6731128353
havven,Synthetix,2020-01-10,0.8497700785790507,76647070.0410615,4185045.6548786736
havven,Synthetix,2020-01-11,0.8817173827229169,79139162.53939542,2114287.766813749
havven,Synthetix,2020-01-12,0.7766240333858988,70194435.07900812,2674392.141698508
havven,Synthetix,2020-01-13,0.7975780817085335,71850776.3144816,2112129.6254316815
havven,Synthetix,2020-01-14,1.0203239889117843,92169329.82786356,2755746.182689262
havven,Synthetix,2020-01-15,1.1004698761813574,98594267.17606162,2454494.748993731
havven,Synthetix,2020-01-16,0.9459128184047926,85129659.42523532,1584728.0490198452
havven,Synthetix,2020-01-17,0.9930379985308979,89807268.49150738,2114174.578570439
havven,Synthetix,2020-01-18,0.9943191986529263,89986057.1580188,2408918.385060214
havven,Synthetix,2020-01-19,1.0101553917423227,91276712.68978141,1618232.7054086009
havven,Synthetix,2020-01-20,0.9601542762906652,86913225.79280347,1514623.8231625925
havven,Synthetix,2020-01-21,1.0066759128452623,91010296.25354849,2018031.9982315586
havven,Synthetix,2020-01-22,1.0842760210727407,98143778.2421628,2381184.18701877
havven,Synthetix,2020-01-23,1.083656567399749,96086831.41936046,1394693.1464910319
havven,Synthetix,2020-01-24,1.014922267887627,91979349.08678527,1103128.8387626424
havven,Synthetix,2020-01-25,0.9543502365219949,87036410.59112473,1017217.4759791382
havven,Synthetix,2020-01-26,0.9924429417433522,90051546.90524001,1459486.8138385604
havven,Synthetix,2020-01-27,1.0319458121007263,93512702.0786749,1107792.9785369611
havven,Synthetix,2020-01-28,1.1274771025717147,102050380.21656905,1151510.8621544042
havven,Synthetix,2020-01-29,1.1855458597938213,109537568.45464785,1703911.6424830146
havven,Synthetix,2020-01-30,1.0921329120785477,99853200.78504372,1642398.4031589823
havven,Synthetix,2020-01-31,1.2116492414965083,109891679.7395065,1071797.4627812076
havven,Synthetix,2020-02-01,1.1863339450585535,108203182.77814826,1098491.4477814557
havven,Synthetix,2020-02-02,1.1781598855786313,107595536.18587564,859405.6200144498
havven,Synthetix,2020-02-03,1.1787257629011496,107490087.78354315,691293.6137438503
havven,Synthetix,2020-02-04,1.1401837544037288,103924186.4184077,1306391.46996188
havven,Synthetix,2020-02-05,1.1790778328837759,107312335.77490218,854346.4210091879
havven,Synthetix,2020-02-06,1.1141851603464672,101686347.09418817,1528026.045874627
havven,Synthetix,2020-02-07,1.0982874921214625,99333358.90090065,1380995.004249168
havven,Synthetix,2020-02-08,1.035712611883546,94542623.77107406,1573654.4289694342
havven,Synthetix,2020-02-09,1.0186379756989496,93110855.31574394,1135216.219891405
havven,Synthetix,2020-02-10,0.8971575924707025,81019911.43888375,1521587.8449049674
havven,Synthetix,2020-02-11,0.9902290748601199,90250659.24991971,1717759.4895539423
havven,Synthetix,2020-02-12,1.0154864185292767,92845395.49312837,1317978.2479810328
havven,Synthetix,2020-02-13,1.0208163940923123,92832091.27569625,2790723.3367879083
havven,Synthetix,2020-02-14,0.9325028695386058,85270069.33596613,1234527.7923333165
havven,Synthetix,2020-02-15,0.9943067996563968,90773420.56025863,1750564.6868633064
havven,Synthetix,2020-02-16,0.9507241326951366,86926912.97797279,1027811.7168368583
havven,Synthetix,2020-02-17,0.9437903713162042,86161769.367523,1752967.1396191078
havven,Synthetix,2020-02-18,1.0206292732364914,94060056.85401276,1633613.9863596163
havven,Synthetix,2020-02-19,0.999551033539072,91411684.81107832,1197016.2455307783
havven,Synthetix,2020-02-20,0.9078814472474864,83176714.47087625,671218.7029847316
havven,Synthetix,2020-02-21,0.9671062213693784,89303701.38559934,1487976.6205214795
havven,Synthetix,2020-02-22,1.0096752632103565,92324109.36727315,1131045.6333627824
havven,Synthetix,2020-02-23,0.9842136049663173,90251002.46502201,1095733.713336769
havven,Synthetix,2020-02-24,1.0020179129498838,91784658.54148659,930608.4762941267
havven,Synthetix,2020-02-25,0.9537953954620513,87118549.12724274,768595.3675445226
havven,Synthetix,2020-02-26,0.8672745776578225,80264901.66085155,1556650.6215911256
havven,Synthetix,2020-02-27,0.7892073337819248,72495903.91567135,1943800.6008861132
havven,Synthetix,2020-02-28,0.9413451938304196,86831238.99686657,1521870.2823578757
havven,Synthetix,2020-02-29,0.8843539215741887,81278284.848921,1339133.766451758
havven,Synthetix,2020-03-01,0.8741792930701764,80201303.13442037,836522.2146953628
havven,Synthetix,2020-03-02,0.8058862144131667,73938200.84941795,979823.6234159112
havven,Synthetix,2020-03-03,0.8844895626579281,81144438.23352154,1099628.7354140554
havven,Synthetix,2020-03-04,0.7842091092455638,72001280.3376647,1987378.1289054214
havven,Synthetix,2020-03-05,0.7866072171156249,72215523.82994148,1613332.864874534
havven,Synthetix,2020-03-06,0.7508393269438295,69030208.63933429,1804801.548656418
havven,Synthetix,2020-03-07,0.7311431528832053,67241953.82804446,3435893.0100471587
havven,Synthetix,2020-03-08,0.7153592120502906,65108603.08133532,1499226.5749234643
havven,Synthetix,2020-03-09,0.6051364249506435,56306828.463265695,872508.0351509771
havven,Synthetix,2020-03-10,0.752002715883026,67604263.22056054,2338920.0510774436
havven,Synthetix,2020-03-11,0.7591871412293558,69474338.2542922,1537170.4349833177
havven,Synthetix,2020-03-12,0.7203925747315589,66446674.10744164,2384467.275564209
havven,Synthetix,2020-03-13,0.38791378069429405,35049555.73929368,1611504.15514123
havven,Synthetix,2020-03-14,0.5771485504512907,53448764.57604401,1766458.3791242666
havven,Synthetix,2020-03-15,0.4842505320959366,45270957.95004596,1726241.0741655678
havven,Synthetix,2020-03-16,0.44967543481463235,42526456.4852613,441410.1119327577
havven,Synthetix,2020-03-17,0.44566045343570604,42327431.24453009,1779439.6322893961
havven,Synthetix,2020-03-18,0.4615854692538123,44120013.18295576,1706824.7119784807
havven,Synthetix,2020-03-19,0.4380923837353309,41804071.23158478,1217628.7652923793
havven,Synthetix,2020-03-20,0.4813016960285178,45535010.01652099,2982860.3793783374
havven,Synthetix,2020-03-21,0.5280986535826103,50098551.760903195,2970826.8117411183
havven,Synthetix,2020-03-22,0.49567565927712637,47022976.421808206,2634625.338665421
havven,Synthetix,2020-03-23,0.4649782056387592,44353296.87734748,631305.3956077773
havven,Synthetix,2020-03-24,0.46965600125702495,44567942.42408951,751042.3047332565
havven,Synthetix,2020-03-25,0.502605631722384,47767876.46732203,3264337.2482253797
havven,Synthetix,2020-03-26,0.5206786861694468,49545220.72122872,2342556.824498511
havven,Synthetix,2020-03-27,0.5868983202552605,55962730.88347997,2210546.878630405
havven,Synthetix,2020-03-28,0.5834819943851484,55025485.78963238,1624078.5940679784
havven,Synthetix,2020-03-29,0.5676028245449394,54825554.313686356,1929635.4752193356
havven,Synthetix,2020-03-30,0.5608250248035104,52578535.10062565,1173948.45717123
havven,Synthetix,2020-03-31,0.601834217407228,56030232.89562946,1702365.1568160914
havven,Synthetix,2020-04-01,0.6055829693772783,56467051.00695262,2880076.5240071323
havven,Synthetix,2020-04-02,0.6152556353775942,57594660.41398007,1660488.5052559823
havven,Synthetix,2020-04-03,0.671505285732433,62119207.32536791,2249268.2399816476
havven,Synthetix,2020-04-04,0.6636319021288947,61979190.810409136,1513133.983703451
havven,Synthetix,2020-04-05,0.6570834870974127,61411890.41330672,1563594.4779511944
havven,Synthetix,2020-04-06,0.6600753974949832,61656883.32389783,2492938.6896555633
havven,Synthetix,2020-04-07,0.7715959907507423,72295702.49472056,2626950.898817362
havven,Synthetix,2020-04-08,0.7720419462641077,71931695.70950145,1935215.9990062555
havven,Synthetix,2020-04-09,0.7440254938520676,69656683.61119394,2955921.364456472
havven,Synthetix,2020-04-10,0.6861833704639676,64027968.417004354,6567091.550655234
havven,Synthetix,2020-04-11,0.6754864974415978,62828693.06723127,1487203.5748991217
havven,Synthetix,2020-04-12,0.6745981920953392,63003677.9337316,881377.0854197855
havven,Synthetix,2020-04-13,0.7131098694339615,67279016.13306573,1988104.5707338606
havven,Synthetix,2020-04-14,0.6910258497376651,64576112.22785464,1597822.0364364593
havven,Synthetix,2020-04-15,0.6884782037235524,64318211.62241435,2658004.4208757547
havven,Synthetix,2020-04-16,0.6401301366870774,59902410.592316665,1771676.280773406
havven,Synthetix,2020-04-17,0.7389635850537484,68631687.73519497,2806409.201602949
havven,Synthetix,2020-04-18,0.7380089113396943,69761083.68205668,1177720.2502199132
havven,Synthetix,2020-04-19,0.766337388335415,72124798.40341511,2372709.6835890478
havven,Synthetix,2020-04-20,0.7402286972246892,69166372.59803924,1990202.6615964922
havven,Synthetix,2020-04-21,0.7190451641050518,67281252.93656945,2600657.407814261
havven,Synthetix,2020-04-22,0.7055462837856884,65819743.65141105,3110240.7001184467
havven,Synthetix,2020-04-23,0.722138895651814,67532696.19962011,3818413.2266570055
havven,Synthetix,2020-04-24,0.686655330655074,64612934.22258528,2204655.162269271
havven,Synthetix,2020-04-25,0.6698506327604269,63321218.79006727,2273149.335403442
havven,Synthetix,2020-04-26,0.6464532638338168,60667749.51894436,1493921.637123424
havven,Synthetix,2020-04-27,0.6881873874557967,64495679.54286443,3520269.960386206
havven,Synthetix,2020-04-28,0.7635639187358833,71566996.86230141,2849499.937828959
havven,Synthetix,2020-04-29,0.7769508698935473,72864307.51394995,1531327.3535895282
havven,Synthetix,2020-04-30,0.8390288350055477,78626857.30882423,2882089.203393103
havven,Synthetix,2020-05-01,0.7604593476001301,71725367.34310733,2653805.3966202065
havven,Synthetix,2020-05-02,0.7739529973978873,73748046.40226063,3745805.0146609102
havven,Synthetix,2020-05-03,0.8194170854212711,77734082.82220325,1419804.4297509512
havven,Synthetix,2020-05-04,0.7797011659568919,72904980.48330638,1492492.6794705119
havven,Synthetix,2020-05-05,0.7655451968986534,72571701.9260244,1578584.450997748
havven,Synthetix,2020-05-06,0.8444720759118809,80249182.27260862,2936930.346631622
havven,Synthetix,2020-05-07,0.8393810188692472,79916615.70915854,2885017.7467235574
havven,Synthetix,2020-05-08,0.8807678976098442,84195956.61922824,3117502.0513308076
havven,Synthetix,2020-05-09,0.8936295840620156,85066120.32950817,4468414.942977871
havven,Synthetix,2020-05-10,0.908338450810415,86559587.4439887,1605983.2570490295
havven,Synthetix,2020-05-11,0.7964861958825766,75764361.56303482,3042524.102363736
havven,Synthetix,2020-05-12,0.7754318191436342,74300276.46839215,3744493.5632842495
havven,Synthetix,2020-05-13,0.7787099532322475,75277048.55202992,2612528.5390735785
havven,Synthetix,2020-05-14,0.7632814898601584,74442720.80628453,1940884.430890507
havven,Synthetix,2020-05-15,0.8172193177609316,80119583.87804367,1246672.9285553654
havven,Synthetix,2020-05-16,0.8238326340611432,80430799.0685128,1664766.864694378
havven,Synthetix,2020-05-17,0.8444777710742181,82227292.83382292,1458491.2665435264
havven,Synthetix,2020-05-18,0.8164936487640583,79772633.68341593,1067970.3895547942
havven,Synthetix,2020-05-19,0.8455843690558131,83694698.15858965,1459345.3131946102
havven,Synthetix,2020-05-20,0.832026351346527,81289278.03426123,1548479.743064162
havven,Synthetix,2020-05-21,0.8177747818509271,80090485.24163567,1459485.0829701594
havven,Synthetix,2020-05-22,0.7557155340319524,74224109.28669865,1037575.4770003302
havven,Synthetix,2020-05-23,0.8068611304292104,79163615.22407684,2935169.1560381516
havven,Synthetix,2020-05-24,0.8190198337760273,80339534.23369627,1201384.9662498874
havven,Synthetix,2020-05-25,0.7839416843688629,76906322.42614615,1180484.2089686892
havven,Synthetix,2020-05-26,0.7853340396087377,77092903.30105703,1243205.494301628
havven,Synthetix,2020-05-27,0.7920106137540378,77740725.50167051,1613058.6409704676
havven,Synthetix,2020-05-28,0.7464632393901576,77177364.79086845,2613488.2833980788
havven,Synthetix,2020-05-29,0.7454449597455395,77011700.94322506,2626224.1462062383
havven,Synthetix,2020-05-30,0.7457574464813689,77283519.12291867,3407513.597633538
havven,Synthetix,2020-05-31,0.8017370080753818,83146769.18928325,2628968.037318436
havven,Synthetix,2020-06-01,0.7945904696304452,82340842.54293278,1591364.9660914901
havven,Synthetix,2020-06-02,0.8060047029023039,83287399.72881025,1933017.574270255
havven,Synthetix,2020-06-03,0.7802133903389551,80907569.08624697,1701049.2348947076
havven,Synthetix,2020-06-04,0.8287646458155956,85945669.42905252,2337897.9279987076
havven,Synthetix,2020-06-05,0.9015777389458577,93274107.451156,1389053.9702507707
havven,Synthetix,2020-06-06,0.9009115762362101,93874928.47471732,3097846.9577903477
havven,Synthetix,2020-06-07,0.8765300042018184,91165420.52958135,1360292.580057412
havven,Synthetix,2020-06-08,0.8977237309436459,93141975.20993559,1065663.967517886
havven,Synthetix,2020-06-09,0.9246022094420572,96197040.64165248,1213721.1966570315
havven,Synthetix,2020-06-10,0.9367218230076989,97965760.87191424,1513064.4584435397
havven,Synthetix,2020-06-11,1.075089480003157,112070880.57360724,2646501.183685568
havven,Synthetix,2020-06-12,0.9998740182136087,104641337.70030338,3928926.278425777
havven,Synthetix,2020-06-13,1.0742499512440367,112558086.82418446,2625158.0621966864
havven,Synthetix,2020-06-14,1.1521910359365735,120709624.2560975,2022183.0327413282
havven,Synthetix,2020-06-15,1.1407993516928325,119333470.8542954,3864980.1002594875
havven,Synthetix,2020-06-16,1.0917183839761329,114491382.23214325,2403456.373746721
havven,Synthetix,2020-06-17,1.1221875180589989,117559323.97851227,2341697.956201111
havven,Synthetix,2020-06-18,1.0986750390009499,115696847.30164525,2426817.794531937
havven,Synthetix,2020-06-19,1.1583726405227883,121864798.56604679,2382274.7667360404
havven,Synthetix,2020-06-20,1.3791174760088183,144164825.9466166,7165559.615380533
havven,Synthetix,2020-06-21,1.3823670516176183,145307698.23502156,8109637.827937291
havven,Synthetix,2020-06-22,1.4014444895306122,147679545.66919437,6271104.691267629
havven,Synthetix,2020-06-23,1.500107589326885,158024378.61884633,7630369.284594434
havven,Synthetix,2020-06-24,1.5736014586969573,165397055.72401175,5069443.094147682
havven,Synthetix,2020-06-25,1.9180630753285688,201852073.95702472,11166775.900338035
havven,Synthetix,2020-06-26,1.8716093548861843,197927164.77642113,8812458.604055513
havven,Synthetix,2020-06-27,1.8943574310810825,200121044.53994974,7934359.906701354
havven,Synthetix,2020-06-28,1.6839278140019505,177668512.66790384,5201176.530265879
havven,Synthetix,2020-06-29,1.811348995402222,190980005.03075272,6340809.165003292
havven,Synthetix,2020-06-30,1.8098054179115606,191436879.03883907,8170249.549034036
havven,Synthetix,2020-07-01,1.9512126107151075,206767471.68345407,9200766.36561392
havven,Synthetix,2020-07-02,2.314022163149712,248577492.6277018,21976849.525847707
havven,Synthetix,2020-07-03,2.4590780919278217,264482338.84275377,21882014.65435965
havven,Synthetix,2020-07-04,2.4981283816859943,268811180.65608865,17124442.335758343
havven,Synthetix,2020-07-05,2.409476647389749,262545914.9264603,15095321.148941727
havven,Synthetix,2020-07-06,2.491544311040076,268371103.80132353,13333253.234115638
havven,Synthetix,2020-07-07,2.447981815786545,264522596.80016127,18183077.44760253
havven,Synthetix,2020-07-08,2.549901612850071,274904875.4966131,14043554.161525879
havven,Synthetix,2020-07-09,2.8150386699941947,308670451.2074969,20054485.937147908
havven,Synthetix,2020-07-10,2.930806749914365,321669625.5413341,42281377.3258401
havven,Synthetix,2020-07-11,2.9079985778931796,319541656.1208289,25819534.406777196
havven,Synthetix,2020-07-12,2.8040016405388606,308061872.50286907,23866980.633999735
havven,Synthetix,2020-07-13,2.769366571155657,303675545.3894468,21521075.45417535
havven,Synthetix,2020-07-14,2.543763633156139,278900125.5684303,28807201.17186554
havven,Synthetix,2020-07-15,2.718212517204828,297290382.433884,17885429.01589645
havven,Synthetix,2020-07-16,3.0662134406004387,323090711.9601004,19911316.455826823
havven,Synthetix,2020-07-17,3.0804294517426345,337311020.9606425,40323683.762317516
havven,Synthetix,2020-07-18,3.326473660651024,366600235.044784,28053311.96592876
havven,Synthetix,2020-07-19,3.3955895425579197,373328909.94999534,22267563.6068149
havven,Synthetix,2020-07-20,3.3564181969606564,369204357.55787945,27393026.44639221
havven,Synthetix,2020-07-21,3.866928071967651,425106117.6643207,40783182.093553655
havven,Synthetix,2020-07-22,3.4856752868028678,385446408.65805864,31012471.16066269
havven,Synthetix,2020-07-23,3.4977621639421876,383586491.5563622,23398640.10976664
havven,Synthetix,2020-07-24,3.3162059692732653,364501385.9944183,22718933.88067587
havven,Synthetix,2020-07-25,3.3367034842749272,366672039.08789253,27580864.257387318
havven,Synthetix,2020-07-26,3.6175290288607114,396080580.84103894,27386116.75951055
havven,Synthetix,2020-07-27,3.1344524098441715,343458929.2842795,32829658.934675995
havven,Synthetix,2020-07-28,2.8703721285592487,315826469.2574543,35881607.14416124
havven,Synthetix,2020-07-29,3.35922530979608,370114092.40101844,38630158.823412985
havven,Synthetix,2020-07-30,3.2753011889973807,361894874.8170717,25728153.533590633
havven,Synthetix,2020-07-31,3.5869313650354067,396686000.68944865,29942210.60598689
havven,Synthetix,2020-08-01,3.900548156955116,431238561.9039061,36672615.46664685
havven,Synthetix,2020-08-02,3.7853430437797684,418554467.43661255,38050594.34818942
havven,Synthetix,2020-08-03,4.254418780038427,474707612.5052481,47559201.29440013
havven,Synthetix,2020-08-04,4.152349282736372,465556169.6509919,28659175.280670524
havven,Synthetix,2020-08-05,4.488576057761604,508346333.23852515,32560816.58644643
havven,Synthetix,2020-08-06,4.328010582631744,496089303.95415246,25040763.592835166
havven,Synthetix,2020-08-07,4.46521871047826,510551031.52577287,29315622.51473375
havven,Synthetix,2020-08-08,4.296875523582661,492869929.5019599,23784333.374676928
havven,Synthetix,2020-08-09,4.343494822469874,498243136.30113834,23274244.15292429
havven,Synthetix,2020-08-10,4.256788594133799,487785443.85277736,25103103.295337815
havven,Synthetix,2020-08-11,4.832320134103381,554548207.4806606,43769083.35186425
havven,Synthetix,2020-08-12,4.843582401618564,554312387.0987782,45048404.22765522
havven,Synthetix,2020-08-13,5.633778909507832,645494673.357939,83287995.67742658
havven,Synthetix,2020-08-14,5.08344624281723,586102750.5050986,73365121.31077793
havven,Synthetix,2020-08-15,6.157527265029167,713242633.2144672,90273905.0665111
havven,Synthetix,2020-08-16,6.774159493898456,785390141.7845509,142926811.91718557
havven,Synthetix,2020-08-17,6.459643509244945,756903567.1751912,63479492.9600733
havven,Synthetix,2020-08-18,6.1601964652364645,715281027.1318824,75294972.43624431
havven,Synthetix,2020-08-19,6.026850788595371,691957215.2703092,77086584.02871506
havven,Synthetix,2020-08-20,6.104623977070537,706655824.488322,84920561.13234524
havven,Synthetix,2020-08-21,6.197062367126378,718148611.2907906,74886581.98897639
havven,Synthetix,2020-08-22,5.2857382951488505,617128406.5172695,59288289.47878786
havven,Synthetix,2020-08-23,5.827611156187834,685314536.3896083,55310609.41589158
havven,Synthetix,2020-08-24,5.676361763630427,662860569.3008876,43504965.9931455
havven,Synthetix,2020-08-25,6.225548642041273,730313145.7404289,62216252.136624135
havven,Synthetix,2020-08-26,5.865981494857034,688926426.4677142,87452909.67175148
havven,Synthetix,2020-08-27,6.111519241026647,717226613.2835253,93702956.46234871
havven,Synthetix,2020-08-28,6.110256925685751,713562914.1320878,100200921.48674856
havven,Synthetix,2020-08-29,6.8024890721000695,799145803.5894663,145226808.13767388
havven,Synthetix,2020-08-30,6.517967866649039,766576279.9215505,106292012.27894273
havven,Synthetix,2020-08-31,7.279373078429659,858056716.487501,158868970.9308298
havven,Synthetix,2020-09-01,7.428943475591807,879055266.8093773,158339223.4201953
havven,Synthetix,2020-09-02,7.138723779886846,848412554.3998508,160937808.6596376
havven,Synthetix,2020-09-03,6.399614458506681,754674730.7830755,99050035.96245015
havven,Synthetix,2020-09-04,5.209013241689153,615997564.514086,90066434.43933426
havven,Synthetix,2020-09-05,5.356073276610288,634170066.3175371,104756601.16096626
havven,Synthetix,2020-09-06,4.441556505428665,524682504.7232293,112962375.85452065
havven,Synthetix,2020-09-07,4.979858495762155,589110382.3550776,92580828.69768476
havven,Synthetix,2020-09-08,4.599811254406502,543799412.2095572,59484786.25142203
havven,Synthetix,2020-09-09,4.248773252387013,502451232.2281923,53651959.08419131
havven,Synthetix,2020-09-10,4.997132950124555,591027778.1598822,60117760.17044576
havven,Synthetix,2020-09-11,5.676883649128353,661933114.7487097,79192177.47678556
havven,Synthetix,2020-09-12,5.98892486455043,706644464.2053245,71622302.17089435
havven,Synthetix,2020-09-13,6.116901059103935,721392215.2321461,54035751.07923664
havven,Synthetix,2020-09-14,5.379018169862908,639623936.5663615,68649258.39691289
havven,Synthetix,2020-09-15,5.1837046688883435,614022528.528379,51426344.82617855
havven,Synthetix,2020-09-16,4.49958508177785,534171811.1910177,59530994.95232841
havven,Synthetix,2020-09-17,4.791453764672919,571884604.2767509,76879904.70430622
havven,Synthetix,2020-09-18,4.4642051533548655,536145275.48435616,62479235.59765763
havven,Synthetix,2020-09-19,4.548482774111184,538749128.7490774,81146573.46583487
havven,Synthetix,2020-09-20,4.296521201058423,525519825.761159,73929457.82803787
havven,Synthetix,2020-09-21,4.1816711571116185,509122343.63043004,59075997.14371145
havven,Synthetix,2020-09-22,3.6302878424240577,447344838.04048187,96788429.82602933
havven,Synthetix,2020-09-23,4.280478240465157,518623447.8419379,64837566.634242006
havven,Synthetix,2020-09-24,3.7000998792588,451566335.10401654,47936521.94542619
havven,Synthetix,2020-09-25,4.399868015088843,540868698.0738544,59798624.58148967
havven,Synthetix,2020-09-26,4.936657688489176,614629469.9759718,82607949.05468586
havven,Synthetix,2020-09-27,5.250733603533498,656519823.472522,52232191.51039611
havven,Synthetix,2020-09-28,5.164860933778513,642364085.209619,80664041.2460347
havven,Synthetix,2020-09-29,4.848461941579518,599285791.7292976,67068492.20676536
havven,Synthetix,2020-09-30,4.96334945189235,616023891.7066753,49892366.99673855
havven,Synthetix,2020-10-01,4.732347527381407,590681780.8567655,51120783.46869708
havven,Synthetix,2020-10-02,4.696904964147432,581619351.0334089,51673372.28649663
havven,Synthetix,2020-10-03,4.410854029992573,550456509.4702591,59968936.98018046
havven,Synthetix,2020-10-04,4.396652572680969,549249356.124526,29093627.846056018
havven,Synthetix,2020-10-05,4.376970846985205,553959915.1634387,25273476.670012604
havven,Synthetix,2020-10-06,4.185133796835286,523521462.2730869,20074576.9350811
havven,Synthetix,2020-10-07,3.620360079971971,450440035.80675906,49406346.240221724
havven,Synthetix,2020-10-08,3.932794610685789,489482057.8686647,46511987.39807387
havven,Synthetix,2020-10-09,3.959108219480092,493377866.3741034,53608919.82801585
havven,Synthetix,2020-10-10,4.308379204400245,537920152.6300975,55426286.27706864
havven,Synthetix,2020-10-11,4.297844738360019,534504385.1162805,40086317.453704186
havven,Synthetix,2020-10-12,4.168361432816251,517936659.8665155,33152460.51471347
havven,Synthetix,2020-10-13,4.649339575786383,578410123.3337399,46569427.70902445
havven,Synthetix,2020-10-14,4.502522402250391,562356182.2914399,34079253.10454097
havven,Synthetix,2020-10-15,4.290905143070108,536190092.56743133,34198596.488806665
havven,Synthetix,2020-10-16,3.9106101353411598,488030309.3052341,34231076.93422879
havven,Synthetix,2020-10-17,3.898103141557111,488222696.4930288,42228735.46694642
havven,Synthetix,2020-10-18,3.9559417397445262,496267209.31276304,22541932.396617167
havven,Synthetix,2020-10-19,3.955061986331451,496952913.2666523,19591847.26149089
havven,Synthetix,2020-10-20,3.720443786963841,466871531.84650594,26052595.177501034
havven,Synthetix,2020-10-21,3.705761953301242,462535828.01612,52059931.30073591
havven,Synthetix,2020-10-22,3.5133662734625877,446457878.1284229,42439335.67241329
havven,Synthetix,2020-10-23,3.879669879589401,492984619.7692963,50314945.63666999
havven,Synthetix,2020-10-24,3.7946360077478394,479924434.56035435,35776559.26733445
havven,Synthetix,2020-10-25,3.7687841804016395,478664863.5780538,22807422.869466964
havven,Synthetix,2020-10-26,3.6590032364320377,477257950.47536874,27110010.29056396
havven,Synthetix,2020-10-27,3.5790881801975467,466808593.42712164,27357230.82269095
havven,Synthetix,2020-10-28,3.5491640007694367,459942314.50806314,28390528.4061801
havven,Synthetix,2020-10-29,3.605702137936535,469444104.19120556,32323988.84357695
havven,Synthetix,2020-10-30,3.273770701097381,428425756.2430674,37727014.30994675
havven,Synthetix,2020-10-31,3.108808234839551,406921279.9026416,35646140.547418505
havven,Synthetix,2020-11-01,3.012754419555087,395423176.50119925,16164590.44860003
havven,Synthetix,2020-11-02,2.9007724435963858,379356748.7527838,25160824.470106162
havven,Synthetix,2020-11-03,2.619170086838435,344957447.0637906,32265466.15918691
havven,Synthetix,2020-11-04,2.5730975544352943,334580858.9496555,21345165.212238155
havven,Synthetix,2020-11-05,2.728483410783855,356651893.6699613,22255775.043898143
havven,Synthetix,2020-11-06,3.1641166934287948,413595162.9209857,48900494.52034461
havven,Synthetix,2020-11-07,3.513819309409538,460301541.31762695,65438086.122073926
havven,Synthetix,2020-11-08,3.770019693962749,497912169.48304933,97979831.79205504
havven,Synthetix,2020-11-09,4.442533653551439,587823220.2107198,95588501.59187856
havven,Synthetix,2020-11-10,4.168411321251941,546426639.2414147,69804992.56038319
havven,Synthetix,2020-11-11,4.657793260629933,625302942.3495004,56539576.57871923
havven,Synthetix,2020-11-12,4.000775471686317,527381227.8313773,55060779.81177701
havven,Synthetix,2020-11-13,3.753767265026945,494849706.0463319,55930079.738769606
havven,Synthetix,2020-11-14,4.207070124914699,552627402.0000297,76553381.68437128
havven,Synthetix,2020-11-15,4.310384350585232,568152883.515555,66794377.3058671
havven,Synthetix,2020-11-16,4.14401049978634,546162671.9966172,78514125.81445447
havven,Synthetix,2020-11-17,4.418405287795633,581606353.0438445,65776834.645083204
havven,Synthetix,2020-11-18,5.104742692139442,674195247.38925,103082693.16134714
havven,Synthetix,2020-11-19,4.8965835635071295,644972300.7820787,94108762.37606268
havven,Synthetix,2020-11-20,4.943215206861465,648783475.123522,83766018.97653508
havven,Synthetix,2020-11-21,5.119174102926014,679339734.0096174,92981454.56794499
havven,Synthetix,2020-11-22,5.230489001407553,693070756.1101413,73299009.24484687
havven,Synthetix,2020-11-23,4.996757288501479,670593416.8671072,85721818.48232311
havven,Synthetix,2020-11-24,5.40265387918705,712049834.6196597,74028107.6112861
havven,Synthetix,2020-11-25,5.194251643311853,686270614.0093542,92243408.37742688
havven,Synthetix,2020-11-26,4.7910659584729265,630862400.7246674,61519161.310032636
havven,Synthetix,2020-11-27,4.303593285558183,572654660.7924387,152051906.41615143
havven,Synthetix,2020-11-28,4.1112099916319425,551470942.2957407,69370520.45920825
havven,Synthetix,2020-11-29,4.262374957628183,571430727.2340115,42019228.648228146
havven,Synthetix,2020-11-30,4.557062296715334,610605656.9987774,44967515.85823131
havven,Synthetix,2020-12-01,4.720383685058119,635149044.0182846,70956893.99097745
havven,Synthetix,2020-12-02,4.75872167584226,642794435.9883444,81761742.80132626
havven,Synthetix,2020-12-03,5.233097004036339,715995014.0322521,82641264.78861548
havven,Synthetix,2020-12-04,5.22465337889231,710691067.0701715,55744200.58475277
havven,Synthetix,2020-12-05,5.001602827544057,683292189.6861387,83250505.01597472
havven,Synthetix,2020-12-06,5.2466584347350755,716662773.8691827,81279667.08888675
havven,Synthetix,2020-12-07,5.157633238967443,703167696.5461901,58196628.22484341
havven,Synthetix,2020-12-08,5.18756904703264,705048463.8603721,54666413.99369014
havven,Synthetix,2020-12-09,4.658544035839348,640153309.4840862,87437567.1486671
havven,Synthetix,2020-12-10,4.870601881104525,666527320.4412768,87804376.2325817
havven,Synthetix,2020-12-11,4.661228244989012,628119589.6917359,51557332.19034158
havven,Synthetix,2020-12-12,4.385845154485554,608525629.4792339,50052835.59328912
havven,Synthetix,2020-12-13,4.471295943457493,619184864.7905473,28289688.670371022
havven,Synthetix,2020-12-14,4.726068964542707,650889821.7498711,33088266.30732576
havven,Synthetix,2020-12-15,5.243743820815552,724055840.2835763,78200529.67915708
havven,Synthetix,2020-12-16,5.439188245253674,749224018.1045632,109952827.31942685
havven,Synthetix,2020-12-17,5.260587334449558,729261493.687697,91172190.2497605
havven,Synthetix,2020-12-18,5.297391180368427,735172012.1282156,98156476.12358692
havven,Synthetix,2020-12-19,6.116683488896352,852988864.5640609,198212567.75098673
havven,Synthetix,2020-12-20,6.120260436757476,834663410.825719,105395209.78231533
havven,Synthetix,2020-12-21,5.938069735290522,806134637.8936219,87865615.90085994
havven,Synthetix,2020-12-22,6.261719144779824,852993549.2302063,103659811.23456398
havven,Synthetix,2020-12-23,7.291425702640982,994028662.2128656,312238199.1664769
havven,Synthetix,2020-12-24,7.0956482290826575,1002101192.6844257,398105916.38605404
havven,Synthetix,2020-12-25,7.485686170594032,1015319477.5168393,189627609.28425223
havven,Synthetix,2020-12-26,7.388930042302713,1006916120.4968101,139236091.32918873
havven,Synthetix,2020-12-27,8.068384766604105,1101510905.2123353,256625206.4122203
havven,Synthetix,2020-12-28,8.029596066911019,1100142509.6186357,248076382.52323994
havven,Synthetix,2020-12-29,8.015738747909522,1093384314.419011,176058097.57867515
havven,Synthetix,2020-12-30,7.823491282595408,1065884735.2558664,143621279.94548252
havven,Synthetix,2020-12-31,7.344198931986216,996709227.3942112,117819847.28852822
havven,Synthetix,2021-01-01,7.215907666586151,986674214.209973,114477886.13134551
havven,Synthetix,2021-01-02,8.434666806520625,1155831397.243664,147352808.35036075
havven,Synthetix,2021-01-03,8.200089907703024,1113973307.361885,135647328.4627039
havven,Synthetix,2021-01-04,9.46556405416894,1315344592.8771667,163299534.7059528
havven,Synthetix,2021-01-05,11.006095009263746,1516718253.9667122,335410550.38586426
havven,Synthetix,2021-01-06,12.499801640790428,1716074997.4000404,406880297.6459649
havven,Synthetix,2021-01-07,12.144661616447634,1667527289.3202493,278018847.5650447
havven,Synthetix,2021-01-08,11.63523714159861,1590596665.966124,235594071.94741815
havven,Synthetix,2021-01-09,11.79152563315406,1618091878.592265,276318329.47711915
havven,Synthetix,2021-01-10,13.300001860091788,1847479564.4082458,259276756.43149257
havven,Synthetix,2021-01-11,14.256831706623853,1976601021.1654656,341382602.43641585
havven,Synthetix,2021-01-12,12.848142035327442,1770514066.8110359,392621466.0399164
havven,Synthetix,2021-01-13,14.613019837226537,1992684111.5651948,446068298.5086959
havven,Synthetix,2021-01-14,15.808479390097489,2176296913.5357637,450933653.8538671
havven,Synthetix,2021-01-15,14.647709246118007,2035309493.3503041,269622278.06181496
havven,Synthetix,2021-01-16,14.926279112669189,2096849276.6652486,344306543.10677636
havven,Synthetix,2021-01-17,15.679547900725368,2185947869.5509086,315529679.184665
havven,Synthetix,2021-01-18,15.669453116862304,2212219820.9650083,283080303.5761715
havven,Synthetix,2021-01-19,15.521005066477251,2170607736.2539763,214949651.87598395
havven,Synthetix,2021-01-20,15.309505788152501,2160544331.395683,289526638.2104138
havven,Synthetix,2021-01-21,15.767371789678581,2186334542.5997963,251646540.61871445
havven,Synthetix,2021-01-22,12.31823588307561,1772702373.1793787,236078012.66574773
havven,Synthetix,2021-01-23,14.302978643609514,2016685526.4695916,283668625.28281707
havven,Synthetix,2021-01-24,14.547681305384412,2075729115.2463787,213638271.95835975
havven,Synthetix,2021-01-25,17.438946052813726,2467391902.3444095,386093462.08028746
havven,Synthetix,2021-01-26,15.617711900820872,2227020827.699014,323287924.9379701
havven,Synthetix,2021-01-27,16.76910121326559,2387238047.547003,289039324.2818108
havven,Synthetix,2021-01-28,15.315334784088252,2172311269.55334,308972325.7392938
havven,Synthetix,2021-01-29,16.983210282103773,2442316144.6772385,303443239.70527995
havven,Synthetix,2021-01-30,16.99352271642002,2435442471.7030334,278058860.7856454
havven,Synthetix,2021-01-31,17.69052762948579,2532771659.436748,240399059.03993678
havven,Synthetix,2021-02-01,17.332637119672267,2478951354.0695524,308158384.1876301
havven,Synthetix,2021-02-02,17.50168458858949,2490889776.0691133,236177821.63052416
havven,Synthetix,2021-02-03,17.06397892622284,2471848855.4047475,271772443.14361763
havven,Synthetix,2021-02-04,17.191507116196977,2462985024.4763045,218429434.38420433
havven,Synthetix,2021-02-05,19.463135707920962,2841577599.1967273,489201187.4948097
havven,Synthetix,2021-02-06,23.442443548208804,3334055876.0675864,596334303.723902
havven,Synthetix,2021-02-07,20.907146749907774,2998291479.615384,459037439.08589566
havven,Synthetix,2021-02-08,20.031768291758553,2889689510.396207,343149346.5474517
havven,Synthetix,2021-02-09,21.3743399177382,3063727985.2840943,406419948.21958447
havven,Synthetix,2021-02-10,24.72834063380009,3570318027.9916205,599585639.2456654
havven,Synthetix,2021-02-11,25.018208870989824,3621087524.0506787,619268176.275246
havven,Synthetix,2021-02-12,26.158820442426215,3772130893.4226117,421447566.4447721
havven,Synthetix,2021-02-13,27.057114557161317,3921508916.842341,408419549.0487731
havven,Synthetix,2021-02-14,26.41958491335158,3841647918.9345636,375510864.56432295
havven,Synthetix,2021-02-15,25.166534442586695,3669128686.837174,385703901.07928276
havven,Synthetix,2021-02-16,24.492227087447354,3515538391.2021236,414382390.50241655
havven,Synthetix,2021-02-17,24.079024483408322,3478658705.9129696,364156461.9417673
havven,Synthetix,2021-02-18,24.250260036156025,3516781922.905978,332011530.5504268
havven,Synthetix,2021-02-19,23.177227845715425,3361275127.417773,239341580.5857135
havven,Synthetix,2021-02-20,22.308399671593737,3238712748.9955087,301350826.11617935
havven,Synthetix,2021-02-21,23.315611044372318,3350856814.4033175,507209263.1063494
havven,Synthetix,2021-02-22,22.90815588414866,3343358164.407382,269222003.6397672
havven,Synthetix,2021-02-23,21.099923549644036,3081258654.0233316,406281022.63100857
havven,Synthetix,2021-02-24,18.09872960821021,2635512311.026666,543864442.3479913
havven,Synthetix,2021-02-25,19.222045788588527,2815902510.7824583,336077211.96688175
havven,Synthetix,2021-02-26,18.26579985215352,2723645673.184116,312167797.4352836
havven,Synthetix,2021-02-27,18.07503578399904,2671024082.865453,345975928.96060145
havven,Synthetix,2021-02-28,19.049240055843217,2783728029.4409156,262714700.03307137
havven,Synthetix,2021-03-01,18.630633733569,2771073983.1816936,280956511.23569274
havven,Synthetix,2021-03-02,20.72640473844707,3045019436.4937115,271274559.75090647
havven,Synthetix,2021-03-03,22.449280233075626,3286295601.2558985,361716617.31621647
havven,Synthetix,2021-03-04,22.67558909242126,3363008857.936484,262215656.20587867
havven,Synthetix,2021-03-05,21.617172629641352,3186953134.4910827,314882409.71937835
havven,Synthetix,2021-03-06,20.894635846220016,3074539720.7652793,225015004.66831657
havven,Synthetix,2021-03-07,21.324999550353716,3144024461.051114,174538059.99485785
havven,Synthetix,2021-03-08,21.661625156778392,3190443320.4123397,156943229.60685855
havven,Synthetix,2021-03-09,21.85717776501615,3229534091.6612735,168765317.0032354
havven,Synthetix,2021-03-10,22.732991366962548,3327379109.0267434,178648872.29788557
havven,Synthetix,2021-03-11,21.698936982039932,3213241101.3033357,198403078.7431061
havven,Synthetix,2021-03-12,20.764761440700322,3060470555.864529,184445784.9446369
havven,Synthetix,2021-03-13,19.457871815826152,2859227955.9955,215205159.93910983
havven,Synthetix,2021-03-14,20.523484263637688,3033757357.6107855,152336308.43283433
havven,Synthetix,2021-03-15,19.62264706594611,2907939491.172261,141296212.67084333
havven,Synthetix,2021-03-16,18.85409401072449,2803678740.2668023,169022902.62876385
havven,Synthetix,2021-03-17,18.793790747811073,2762524068.294447,142659009.85555154
havven,Synthetix,2021-03-18,19.270851224851004,2839122880.3488407,141903210.97598702
havven,Synthetix,2021-03-19,18.596193296693787,2758169721.7829165,133488675.52838959
havven,Synthetix,2021-03-20,19.935493411385167,2952552243.030174,147472799.9806813
havven,Synthetix,2021-03-21,19.954214819436928,2952938033.2842727,180631708.72366506
havven,Synthetix,2021-03-22,19.571740751658492,2900242066.0901427,139699739.31730062
havven,Synthetix,2021-03-23,18.126166947596268,2699927986.2253065,159665667.8110819
havven,Synthetix,2021-03-24,17.550040229926562,2585746179.4190626,151434958.6017291
havven,Synthetix,2021-03-25,16.06551146856814,2388744120.6267757,176910009.590672
havven,Synthetix,2021-03-26,16.07633315563768,2378105855.1242623,165200337.52684507
havven,Synthetix,2021-03-27,17.558292414716835,2600665234.621041,128756050.51252013
havven,Synthetix,2021-03-28,17.12100946113375,2540182765.2879977,115711575.12939641
havven,Synthetix,2021-03-29,16.453610333283116,2442374140.950172,110417186.86787175
havven,Synthetix,2021-03-30,17.734603006893593,2626223440.3144526,131266837.46331987
havven,Synthetix,2021-03-31,17.55599459001163,2607041323.682819,115917080.71294364
havven,Synthetix,2021-04-01,17.64601009255684,2632972264.5857096,145321217.23412696
havven,Synthetix,2021-04-02,19.11193460639087,2832507309.286313,208531588.14649516
havven,Synthetix,2021-04-03,21.28491452813407,3158354037.093135,270569774.29000676
havven,Synthetix,2021-04-04,19.311142042581956,2900644432.9959545,196378812.3237083
havven,Synthetix,2021-04-05,20.705773617428413,3085661748.686764,165595836.59222972
havven,Synthetix,2021-04-06,20.63394543396545,3073432073.31891,152201738.80747655
havven,Synthetix,2021-04-07,22.096973441574,3297228738.0393786,257674143.97821608
havven,Synthetix,2021-04-08,19.448098383463705,2952667390.190738,259804877.4956378
havven,Synthetix,2021-04-09,19.935247856406807,3020122102.3732595,144001127.49303135
havven,Synthetix,2021-04-10,19.40323216268889,2937159458.8978753,111114515.81627558
havven,Synthetix,2021-04-11,19.001583618890425,2875541260.745931,133873677.41517028
havven,Synthetix,2021-04-12,19.039407819338233,2888547409.0060744,134703061.9794582
havven,Synthetix,2021-04-13,19.59622603615706,2966322564.518354,172217992.30881107
havven,Synthetix,2021-04-14,19.179740958776726,2904224386.1487694,160549902.85908702
havven,Synthetix,2021-04-15,19.981260507815023,3032981177.332689,307170217.36663175
havven,Synthetix,2021-04-16,22.135841122910204,3352493091.136055,292532665.68847364
havven,Synthetix,2021-04-17,20.884372443277428,3164524459.6550126,283311217.7921869
havven,Synthetix,2021-04-18,20.334791165606823,3099599977.387879,169539054.7811102
havven,Synthetix,2021-04-19,18.037248553445004,2746367812.9201875,329895194.67680967
havven,Synthetix,2021-04-20,16.050273777527604,2439968229.176189,216095997.38503018
havven,Synthetix,2021-04-21,16.75071549292297,2545008273.1767316,234212655.07740524
havven,Synthetix,2021-04-22,16.031950041193554,2436661218.7642794,205249912.3836357
havven,Synthetix,2021-04-23,15.497485585767791,2363897589.26106,244597093.2290666
havven,Synthetix,2021-04-24,14.91701132953335,2256159050.0391154,332211067.47249293
havven,Synthetix,2021-04-25,13.674325362615502,2105323678.8651853,180042171.50232267
havven,Synthetix,2021-04-26,14.080553782097113,2133590985.2396007,146885271.61533728
havven,Synthetix,2021-04-27,16.127703462346165,2447855846.282344,193009284.41069165
havven,Synthetix,2021-04-28,17.025306309086393,2587701930.2142887,180191722.0989172
havven,Synthetix,2021-04-29,16.863948651933786,2559599585.5535884,175701402.409381
havven,Synthetix,2021-04-30,17.70300581668589,2700664984.592473,192977552.60786632
havven,Synthetix,2021-05-01,18.19636199364908,2772461528.9876156,129573667.85923012
havven,Synthetix,2021-05-02,18.14111830969881,2765078700.478933,109123033.0623185
havven,Synthetix,2021-05-03,17.306439526784786,2640257927.8478603,121024354.75258127
havven,Synthetix,2021-05-04,18.83566284705479,2880046063.893576,210763138.48000687
havven,Synthetix,2021-05-05,16.532129656968902,2554432428.212848,199476536.0365029
havven,Synthetix,2021-05-06,17.68039871780759,2700234028.211643,154747360.73758084
havven,Synthetix,2021-05-07,18.438543006811805,2822606102.9107294,248049196.5921421
havven,Synthetix,2021-05-08,18.718660848033263,2857871910.0640154,389531728.3385031
havven,Synthetix,2021-05-09,18.434218462332474,2805098371.6803617,154956667.72623515
havven,Synthetix,2021-05-10,17.77945902056775,2719097157.8341503,129077441.36474381
havven,Synthetix,2021-05-11,16.31070679893843,2503659388.14057,171841990.5525839
havven,Synthetix,2021-05-12,18.411665558142975,2800398181.7559886,162914141.1367993
havven,Synthetix,2021-05-13,18.216825512926466,2913007750.3614163,841940920.6871669
havven,Synthetix,2021-05-14,18.49164500772662,2810420009.1636424,872306507.567033
havven,Synthetix,2021-05-15,21.28133506325647,3264720616.551147,619926158.3458455
havven,Synthetix,2021-05-16,19.3012190282298,2952550415.520293,511990789.70977783
havven,Synthetix,2021-05-17,18.82717167045832,2879974184.0467973,251178179.06592107
havven,Synthetix,2021-05-18,20.292527896383504,3145563104.0098677,499115032.43818617
havven,Synthetix,2021-05-19,23.00835310261203,3496254664.184229,758464717.4459629
havven,Synthetix,2021-05-20,14.671101592708592,2293085942.3575177,616760001.5391716
havven,Synthetix,2021-05-21,16.142179867461735,2475523778.7765527,337851313.7522003
havven,Synthetix,2021-05-22,16.24472162800477,2465605403.078033,561758184.0896572
havven,Synthetix,2021-05-23,14.919646509096712,2308341540.635058,360994890.54950994
havven,Synthetix,2021-05-24,11.883609383139309,1810501470.2321792,287193700.4081714
havven,Synthetix,2021-05-25,13.875200179409928,2136874717.6323395,221918506.53806528
havven,Synthetix,2021-05-26,13.57955242011303,2101831344.9896867,170523551.79464674
havven,Synthetix,2021-05-27,14.449887559240596,2218192076.6343694,148443536.22562942
havven,Synthetix,2021-05-28,13.32825084394249,2066740161.334237,104868359.02957045
havven,Synthetix,2021-05-29,11.955431757433571,1845652340.331793,124316730.19570619
havven,Synthetix,2021-05-30,10.952627771985838,1706801511.4184542,89289867.8759407
havven,Synthetix,2021-05-31,11.756363381668578,1816058626.6262674,84246170.39321633
havven,Synthetix,2021-06-01,13.294869338516278,2048438873.6126592,96549113.8013019
havven,Synthetix,2021-06-02,12.715867203907239,1973133137.1122804,75107075.9849325
havven,Synthetix,2021-06-03,12.87375777669891,1992941771.2411308,64433694.44177698
havven,Synthetix,2021-06-04,13.470357816098742,2090024859.0352168,90091630.07997337
havven,Synthetix,2021-06-05,12.213936220370785,1896577641.8267016,88314833.87234905
havven,Synthetix,2021-06-06,11.621267684688501,1789461732.3305142,64051254.91915694
havven,Synthetix,2021-06-07,11.894004265212498,1840365969.0399702,46320542.3658864
havven,Synthetix,2021-06-08,10.790968641741665,1690024655.2227619,59738222.52623409
havven,Synthetix,2021-06-09,10.482852677515663,1633022739.3218608,97215713.76360443
havven,Synthetix,2021-06-10,10.901016818737341,1697770880.02933,75387217.22762021
havven,Synthetix,2021-06-11,9.928708837328697,1551108428.3978918,62878817.81408464
havven,Synthetix,2021-06-12,8.648420020982396,1349931221.6431506,250636078.29609478
havven,Synthetix,2021-06-13,8.48327867071867,1335856518.8142114,85654689.2229782
havven,Synthetix,2021-06-14,9.16416996454966,1428051767.3252156,66439220.70570612
havven,Synthetix,2021-06-15,10.007689398090678,1566513286.728446,101421169.10051152
havven,Synthetix,2021-06-16,9.771544399759465,1533447860.1164868,87752145.85066243
havven,Synthetix,2021-06-17,8.985451809704324,1413525800.5286102,62720407.305616125
havven,Synthetix,2021-06-18,9.028041295635864,1414521067.5127575,47441387.47249206
havven,Synthetix,2021-06-19,8.339018133919565,1315188806.7295458,58362405.79339828
havven,Synthetix,2021-06-20,8.127865662991393,1280747858.7616553,39544417.598744616
havven,Synthetix,2021-06-21,8.497459038951117,1340419559.7477665,57009882.715569176
havven,Synthetix,2021-06-22,6.642096094427087,1055774663.6183747,79177821.21067223
havven,Synthetix,2021-06-23,6.31612357147171,992030254.2795254,92990113.93642324
havven,Synthetix,2021-06-24,6.645370112382595,1046094269.780462,54976357.76529037
havven,Synthetix,2021-06-25,6.599150561831314,1042006840.8688911,51410153.730924174
havven,Synthetix,2021-06-26,5.921795940159291,938203552.9941443,59019729.3082061
havven,Synthetix,2021-06-27,5.913820648154095,932314432.4266208,41717427.68039339
havven,Synthetix,2021-06-28,6.360649231205318,1003813481.9129428,38718255.799378015
havven,Synthetix,2021-06-29,7.0670446427403455,1120599799.5687258,60255413.36719201
havven,Synthetix,2021-06-30,7.213605263594389,1143629147.7536666,59704030.800941
havven,Synthetix,2021-07-01,7.332139341222016,1161274422.0494773,50985115.141787544
havven,Synthetix,2021-07-02,6.894710790466355,1087712604.0779421,39668251.65349056
havven,Synthetix,2021-07-03,6.908779301200554,1087107635.4584925,27509972.53245977
havven,Synthetix,2021-07-04,7.294116066742054,1151808184.3227801,40270559.32134503
havven,Synthetix,2021-07-05,8.57400633669183,1356840180.0354347,114250980.29784688
havven,Synthetix,2021-07-06,10.736369026702882,1698438182.0752127,484106073.86973625
havven,Synthetix,2021-07-07,11.322639347070318,1802318980.1780112,485039030.0598991
havven,Synthetix,2021-07-08,10.747917162962587,1703501726.6213787,173875334.86809114
havven,Synthetix,2021-07-09,9.672826652577305,1534509696.6198375,126000760.53135382
havven,Synthetix,2021-07-10,11.619600036625084,1841846192.8420765,370675741.0217474
havven,Synthetix,2021-07-11,11.158438396400497,1773187897.6704366,155323688.21075734
havven,Synthetix,2021-07-12,12.449943063453109,1983046168.4113033,261558028.88023823
havven,Synthetix,2021-07-13,12.192593322759887,1934535344.3331335,311816397.8239868
havven,Synthetix,2021-07-14,10.957943281611271,1835680378.2079813,212841774.6571295
havven,Synthetix,2021-07-15,10.475085786031341,1751612337.2946403,202480316.2452831
havven,Synthetix,2021-07-16,9.488442095723748,1596077754.8734243,153219711.79753396
havven,Synthetix,2021-07-17,8.905106587475464,1484279579.3506544,119413083.49101996
havven,Synthetix,2021-07-18,8.839618731249686,1480167413.6823301,71400476.9408571
havven,Synthetix,2021-07-19,8.996939966612224,1504925179.2877145,69723504.46571888
havven,Synthetix,2021-07-20,8.286738841270125,1387261876.9750884,75683091.3601912
havven,Synthetix,2021-07-21,7.638401643462087,1282251279.4752653,78264815.37375018
havven,Synthetix,2021-07-22,8.4364376181849,1411654185.4299595,163456099.42689434
havven,Synthetix,2021-07-23,8.548984748653309,1439076223.6184974,108869427.88562088
havven,Synthetix,2021-07-24,8.740925989985758,1466248917.7718625,96996637.63833016
havven,Synthetix,2021-07-25,8.579621684470567,1444843691.7299225,92273035.00383079
havven,Synthetix,2021-07-26,8.45272980045847,1422790000.2562144,61470687.233902164
havven,Synthetix,2021-07-27,9.365087705957048,1583842667.5595002,239405911.5031287
havven,Synthetix,2021-07-28,9.255977715970252,1556016934.631882,141347216.01141298
havven,Synthetix,2021-07-29,9.099680729555981,1530568676.0531294,88087963.09997153
havven,Synthetix,2021-07-30,9.917787994207321,1669766179.2660966,113780628.20323484
havven,Synthetix,2021-07-31,9.598786414556084,1614917529.7806754,138894249.48820156
havven,Synthetix,2021-08-01,10.180970400345673,1718862035.249243,132467530.59176013
havven,Synthetix,2021-08-02,9.447449722850374,1592466015.5745075,104479141.15713342
havven,Synthetix,2021-08-03,9.551874348743935,1617701251.7524061,82799016.26929626
havven,Synthetix,2021-08-04,9.05816764040169,1532205453.5112016,90012829.41577874
havven,Synthetix,2021-08-05,9.663952053036972,1633707720.7307189,93052097.51422395
havven,Synthetix,2021-08-06,10.559124978226759,1780851973.9777186,259813928.0676135
havven,Synthetix,2021-08-07,10.192259007691035,1724019198.6538463,161518425.92158112
havven,Synthetix,2021-08-08,10.598963386445446,1793429592.6659377,173152772.45130056
havven,Synthetix,2021-08-09,9.672835948174063,1636349435.5001893,143483779.96546206
havven,Synthetix,2021-08-10,10.163731975119807,1690978613.2291303,108040681.85954575
havven,Synthetix,2021-08-11,10.250658037774155,1730066704.6675994,120050802.56553473
havven,Synthetix,2021-08-12,10.74438930168252,1818115921.1766937,212006420.23988804
havven,Synthetix,2021-08-13,10.393610113397791,1754054502.8817353,155086112.51441225
havven,Synthetix,2021-08-14,12.082056897444302,2048922500.4324665,219833681.18343988
havven,Synthetix,2021-08-15,12.934733739172174,2201499763.2473407,225506606.99121335
havven,Synthetix,2021-08-16,12.839752151997727,2179493214.198378,147379320.0148415
havven,Synthetix,2021-08-17,12.152014424119717,2102283371.9060338,145823302.05100673
havven,Synthetix,2021-08-18,11.245334741988321,1938480628.1887064,153052985.5020301
havven,Synthetix,2021-08-19,11.496631126884036,1977637526.692136,148803577.61855114
havven,Synthetix,2021-08-20,12.38118963180117,2073509411.545036,165478248.43232852
havven,Synthetix,2021-08-21,12.570015275246043,2140933180.19902,148746017.24403042
havven,Synthetix,2021-08-22,13.080644561169068,2233195034.019888,307993958.63116264
havven,Synthetix,2021-08-23,13.493909045051318,2305906044.8318515,161077911.53527898
havven,Synthetix,2021-08-24,13.603276651104244,2325858017.3671174,160659265.30506107
havven,Synthetix,2021-08-25,12.271800188122263,2125319227.6039934,176123029.6934795
havven,Synthetix,2021-08-26,12.482077360524316,2158388111.6440988,134322864.86676756
havven,Synthetix,2021-08-27,11.669915554617585,2016738605.8034925,122130054.96209355
havven,Synthetix,2021-08-28,12.214505382421596,2107996196.9534676,115283953.78022951
havven,Synthetix,2021-08-29,11.955759107800787,2055879022.4501767,81724025.76152422
havven,Synthetix,2021-08-30,11.666062073186572,2008664436.9844868,196638249.44496876
havven,Synthetix,2021-08-31,11.13138507257215,1918219527.6170807,154299181.97514734
havven,Synthetix,2021-09-01,11.627038481694383,2005871556.642134,133785170.12587051
havven,Synthetix,2021-09-02,12.471846076988276,2154873699.0665154,162762754.89311397
havven,Synthetix,2021-09-03,12.553694740003495,2171705304.2358975,170822113.57627207
havven,Synthetix,2021-09-04,12.424726455404278,2139601763.873727,139251113.35197097
havven,Synthetix,2021-09-05,12.409142501595651,2146096842.1248348,112095637.55454543
havven,Synthetix,2021-09-06,12.918217326151195,2230925910.7429414,138661384.90409568
havven,Synthetix,2021-09-07,13.635760925839365,2359405455.155494,248277948.8913803
havven,Synthetix,2021-09-08,10.78921832983979,1866819680.3996236,354996000.41951597
havven,Synthetix,2021-09-09,10.994365324733096,1901191351.766489,194047012.95069578
havven,Synthetix,2021-09-10,11.269699500722949,1952309195.855981,111005203.03642233
havven,Synthetix,2021-09-11,10.528537783486449,1816450233.2644482,107882371.41375163
havven,Synthetix,2021-09-12,10.778388774051857,1862645287.7945535,57888138.93562997
havven,Synthetix,2021-09-13,10.962476436847494,1901905986.3765595,69244153.96183541
havven,Synthetix,2021-09-14,12.785453882528254,2200582490.7061725,249699077.19174922
havven,Synthetix,2021-09-15,13.601694785287727,2351677262.1023283,369408793.1049663
havven,Synthetix,2021-09-16,15.033570256369243,2611388071.8031597,369982232.21190876
havven,Synthetix,2021-09-17,14.585652276916177,2530935677.7385583,333077828.9755965
havven,Synthetix,2021-09-18,12.77432662552579,2225206346.052157,264084468.9107144
havven,Synthetix,2021-09-19,12.57616199526813,2186099909.0297523,155339251.68517336
havven,Synthetix,2021-09-20,12.807417134861602,2233457017.220243,168412190.81499565
havven,Synthetix,2021-09-21,10.60216085423021,1841035027.8738515,209980752.74141085
havven,Synthetix,2021-09-22,9.416991797950757,1637896504.7734923,132334977.92394955
havven,Synthetix,2021-09-23,10.896190324145406,1896539718.848799,121838119.25368391
havven,Synthetix,2021-09-24,11.73544135981658,2047581854.988573,146597001.12447914
havven,Synthetix,2021-09-25,10.518173089945757,1840871105.754076,131345551.71795669
havven,Synthetix,2021-09-26,10.262574539420035,1794506267.8744674,75496394.66736671
havven,Synthetix,2021-09-27,10.43436185083678,1820141555.5771472,130884679.26252343
havven,Synthetix,2021-09-28,9.834586902967658,1726901024.3434522,103121034.51218954
havven,Synthetix,2021-09-29,9.317679329943067,1637673686.719113,83157003.88587025
havven,Synthetix,2021-09-30,9.290242191087438,1622364492.8125231,69943950.42753373
havven,Synthetix,2021-10-01,9.574120505325604,1674534929.5806162,88015282.53720783
havven,Synthetix,2021-10-02,10.467315089930352,1830788549.557539,97392728.51398613
havven,Synthetix,2021-10-03,10.918829384207084,1912127421.393643,127524375.20817944
havven,Synthetix,2021-10-04,10.725997276495876,1882082647.684123,86751143.40682401
havven,Synthetix,2021-10-05,10.283115045541859,1808887912.592939,84451669.25162628
havven,Synthetix,2021-10-06,10.484706392174598,1837209922.605811,131617244.22055243
havven,Synthetix,2021-10-07,10.264092298772006,1798694971.1049795,100788732.21348311
havven,Synthetix,2021-10-08,10.291968334326706,1802272411.13341,106273663.59302805
havven,Synthetix,2021-10-09,10.04363888958041,1759707442.760341,102737850.43246828
havven,Synthetix,2021-10-10,10.183963048660134,1782769618.7583277,90679420.10091408
havven,Synthetix,2021-10-11,9.627105344564747,1687114004.7265885,74791009.47545403
havven,Synthetix,2021-10-12,9.550874455064632,1669362875.0950117,74903972.01081333
havven,Synthetix,2021-10-13,9.206582903417635,1615302951.4704018,85141720.30558723
havven,Synthetix,2021-10-14,9.397219152831672,1650160206.4599147,70698810.65569943
havven,Synthetix,2021-10-15,9.896580784887876,1734759294.066726,81421944.9929308
havven,Synthetix,2021-10-16,9.802954478849065,1721529650.0179996,112552097.45397817
havven,Synthetix,2021-10-17,9.800535954840647,1718116207.937028,62881501.08392776
havven,Synthetix,2021-10-18,9.578996963892347,1679454589.7452354,51949332.62485442
havven,Synthetix,2021-10-19,9.396956440484445,1664463876.9567988,59056641.56651987
havven,Synthetix,2021-10-20,9.4205899302634,1659279145.2867622,52720831.7158409
havven,Synthetix,2021-10-21,9.959939142492168,1750989909.5447948,78620716.89408398
havven,Synthetix,2021-10-22,9.48679533677334,1668569114.14078,87492074.65796521
havven,Synthetix,2021-10-23,9.677386524597228,1704854996.000219,73950224.58070363
havven,Synthetix,2021-10-24,9.94092807517099,1748543395.7068465,106592208.4446358
havven,Synthetix,2021-10-25,9.475333103282765,1666227350.2424154,69931987.71497975
havven,Synthetix,2021-10-26,9.845678342504742,1730607971.8144927,59232871.559876576
havven,Synthetix,2021-10-27,10.354576575060358,1817863491.9801219,221458042.9555736
havven,Synthetix,2021-10-28,9.335503218345123,1646801276.1739304,257338644.777905
havven,Synthetix,2021-10-29,9.700316695580987,1708777451.9472764,114092473.02900754
havven,Synthetix,2021-10-30,10.326330962703471,1949483079.971819,123813535.08259436
havven,Synthetix,2021-10-31,9.866647193656737,1873157772.5455334,90754354.23221666
havven,Synthetix,2021-11-01,10.07034356683055,1916143114.523552,128358081.58409208
havven,Synthetix,2021-11-02,10.373737618914424,1970771887.217068,145970095.44996327
havven,Synthetix,2021-11-03,10.416126500431519,1964726778.2133257,88138501.3780668
havven,Synthetix,2021-11-04,11.22791504137478,2130529826.416807,258043754.45290613
havven,Synthetix,2021-11-05,10.658259633382462,2019389808.8357618,109634260.60117525
havven,Synthetix,2021-11-06,10.409941333897224,1973555014.630525,74700463.85090862
havven,Synthetix,2021-11-07,10.15856110184439,1934853695.4230614,74738853.69955486
havven,Synthetix,2021-11-08,10.448936132941116,1979244403.8657708,79611687.6683154
havven,Synthetix,2021-11-09,10.485611654770512,1996833164.8349319,91708480.9563053
havven,Synthetix,2021-11-10,10.652600781490985,2030947331.0192153,100621864.21656679
havven,Synthetix,2021-11-11,9.61564877853057,1827183230.7313404,143605156.51003164
havven,Synthetix,2021-11-12,9.948244090082339,1906224003.3154242,97194155.33549234
havven,Synthetix,2021-11-13,9.61357677327181,1830301331.4367974,97513917.47136563
havven,Synthetix,2021-11-14,9.879224445897353,1887908508.880855,77167101.35531038
havven,Synthetix,2021-11-15,10.080007496143336,1918075875.3339646,130708752.80034733
havven,Synthetix,2021-11-16,9.610910882369724,1839730694.0473666,98376512.41253822
havven,Synthetix,2021-11-17,8.892853876059112,1704556379.3210065,114798383.87597871
havven,Synthetix,2021-11-18,8.97708943367167,1709564981.4296887,71239140.99451578
havven,Synthetix,2021-11-19,8.184494843325703,1563356057.5492065,74054009.47458237
havven,Synthetix,2021-11-20,8.695757100605409,1659362395.9597826,52785556.974396646
havven,Synthetix,2021-11-21,8.883397304647472,1700049370.8122215,57977739.69706182
havven,Synthetix,2021-11-22,8.702205840396703,1675070182.6386244,51241381.86348888
havven,Synthetix,2021-11-23,8.18038907326924,1568056867.32668,61904248.23654713
havven,Synthetix,2021-11-24,8.229749220720503,1571748621.4254901,105642252.92928492
havven,Synthetix,2021-11-25,7.885615958669575,1512376751.7070656,82003982.51254293
havven,Synthetix,2021-11-26,8.08402046299979,1556376758.9747431,83911975.50756136
havven,Synthetix,2021-11-27,7.4275277024927915,1425624033.0011058,100462373.73965572
havven,Synthetix,2021-11-28,7.637578642707898,1463434845.339467,55724623.515630186
havven,Synthetix,2021-11-29,7.6304670393240475,1466572859.5261152,56202900.44856839
havven,Synthetix,2021-11-30,7.88850252108297,1519472203.0813053,68160344.14033638
havven,Synthetix,2021-12-01,7.659366426366683,1471141990.6520627,70689128.56532998
havven,Synthetix,2021-12-02,7.388238065244951,1416688988.6495976,61931865.466186054
havven,Synthetix,2021-12-03,7.244802011833282,1392267352.2412856,68662755.34779789
havven,Synthetix,2021-12-04,6.9862752190606665,1339685304.6012578,91351427.51518655
havven,Synthetix,2021-12-05,6.213914505730617,1191826600.002283,168128718.86114573
havven,Synthetix,2021-12-06,5.835090115159082,1120603787.7844827,71985596.39100067
havven,Synthetix,2021-12-07,6.04810441030957,1162395474.6395779,81768456.7507039
havven,Synthetix,2021-12-08,5.880434899777314,1131118680.8054833,54569649.88189894
havven,Synthetix,2021-12-09,6.231704329715973,1196532377.1282098,74463686.56236614
havven,Synthetix,2021-12-10,5.6068063292208254,1085398531.4677954,66992424.67156765
havven,Synthetix,2021-12-11,5.320403061905914,1035091120.1103797,52283200.59428042
havven,Synthetix,2021-12-12,5.649301383803948,1089379689.5569978,39042281.70327121
havven,Synthetix,2021-12-13,5.542686395427216,1068867589.6797937,74137660.22896951
havven,Synthetix,2021-12-14,4.911565177387622,948435709.1728654,60579524.078084655
havven,Synthetix,2021-12-15,5.061048812075142,974825781.5287219,54150473.88923553
havven,Synthetix,2021-12-16,5.208225463171507,1002907668.3299495,60081607.32937731
havven,Synthetix,2021-12-17,5.039408926815591,971618359.1114862,45895516.9247325
havven,Synthetix,2021-12-18,5.013563962731446,967624693.2135732,61080492.95090241
havven,Synthetix,2021-12-19,5.19239914295555,1003644592.3110954,93448389.51677722
havven,Synthetix,2021-12-20,5.230263859857785,1026306191.7071593,51573686.4149293
havven,Synthetix,2021-12-21,5.126645760786421,994680250.1238593,52060366.2955414
havven,Synthetix,2021-12-22,5.361510713423742,1050887731.4832217,42524223.04612515
havven,Synthetix,2021-12-23,5.504625000102258,1076250347.5762444,73551732.76603258
havven,Synthetix,2021-12-24,6.072794238172063,1185849316.857635,113334437.97685301
havven,Synthetix,2021-12-25,5.732891297379773,1122578825.4863117,86417993.8236146
havven,Synthetix,2021-12-26,5.902728534972826,1156023276.1833029,51270018.73771471
havven,Synthetix,2021-12-27,6.25149578033568,1229476259.2740407,109285841.89805411
havven,Synthetix,2021-12-28,6.466904360145258,1274878271.8754807,126431479.69859625
havven,Synthetix,2021-12-29,5.893690636408351,1159865809.5168347,130023326.50919595
havven,Synthetix,2021-12-30,5.433601968998118,1057827816.7880377,110492732.80810125
havven,Synthetix,2021-12-31,5.526243435433416,1082565244.496971,66755702.19809263
havven,Synthetix,2022-01-01,5.49906314215631,1082204545.7286267,76866082.03809373
havven,Synthetix,2022-01-02,5.987116098336839,1166958471.9725482,73816133.64230442
havven,Synthetix,2022-01-03,6.239371543720822,1228616036.2175343,86282195.11039571
havven,Synthetix,2022-01-04,7.133412458617878,1397138010.201024,247143228.90653095
havven,Synthetix,2022-01-05,6.666635827323302,1336245259.8546734,259169963.68756837
havven,Synthetix,2022-01-06,6.427580040084844,1280653007.2881103,279057423.1473423
havven,Synthetix,2022-01-07,5.980011312651558,1196135327.467374,147348941.95383775
havven,Synthetix,2022-01-08,5.395838520074507,1073534808.1211706,112562740.9201926
havven,Synthetix,2022-01-09,5.038274488392658,1006309694.4425845,80909737.00532712
havven,Synthetix,2022-01-10,5.101481318744665,1011853806.5308986,64690745.73721639
havven,Synthetix,2022-01-11,4.8832511277661705,972159701.5104624,72835980.36240771
havven,Synthetix,2022-01-12,5.074626695003866,1011546482.5032912,46548325.22142639
havven,Synthetix,2022-01-13,5.429640456435386,1083282894.4860036,46218923.49267796
havven,Synthetix,2022-01-14,5.085805036958103,1019106837.8600748,56125414.763296425
havven,Synthetix,2022-01-15,5.246503021934335,1037839775.9052585,38023404.57635699
havven,Synthetix,2022-01-16,5.282202937318034,1053535139.309484,36103368.52845109
havven,Synthetix,2022-01-17,5.3859919897938315,1073660162.8259923,33765201.48723753
havven,Synthetix,2022-01-18,4.989263234112463,995604271.680104,44846336.22670528
havven,Synthetix,2022-01-19,5.0110443068511845,999482725.1862526,66725962.94237967
havven,Synthetix,2022-01-20,4.912870980350684,983799873.7612438,60160277.90947783
havven,Synthetix,2022-01-21,4.750459609516651,953521243.1990169,47343202.23463703
havven,Synthetix,2022-01-22,4.1721633951056765,835904231.8305509,105579997.50168262
havven,Synthetix,2022-01-23,3.775092462851962,750202747.9949868,95611953.86000133
havven,Synthetix,2022-01-24,3.9257396689697464,782514633.7262677,39063982.123994164
havven,Synthetix,2022-01-25,4.210930541962282,841659573.3711281,104375744.54494277
havven,Synthetix,2022-01-26,4.317715903083033,863068019.456832,58788561.54888101
havven,Synthetix,2022-01-27,4.657649000240312,939294226.4638231,89309178.30372538
havven,Synthetix,2022-01-28,4.571073928548865,914456192.8512487,83460481.51859887
havven,Synthetix,2022-01-29,4.574194153083759,921594779.17631,48949552.60009523
havven,Synthetix,2022-01-30,5.401836941211896,1083900005.677059,85689684.4863265
havven,Synthetix,2022-01-31,5.270905879171634,1065585006.0635942,85062611.50493808
havven,Synthetix,2022-02-01,5.738505295418108,1154422795.0076568,109994507.43306881
havven,Synthetix,2022-02-02,5.38305653178311,1087657995.1564562,61364771.22344554
havven,Synthetix,2022-02-03,5.329957846889967,1071939491.8871415,135696396.2534568
havven,Synthetix,2022-02-04,5.066824832473178,1016988743.3366461,84502725.55701861
havven,Synthetix,2022-02-05,5.536987720796225,1105738936.582538,86687724.10032153
havven,Synthetix,2022-02-06,5.788802713010861,1169499161.9410748,87259186.64046024
havven,Synthetix,2022-02-07,5.801327555830743,1169347773.2040596,49195864.958225146
havven,Synthetix,2022-02-08,5.894876036846566,1188228156.9532726,65184755.14469261
havven,Synthetix,2022-02-09,5.536798161992509,1117400499.2605722,74558396.80828531
havven,Synthetix,2022-02-10,5.84626905361467,1182164461.7469401,49341739.16250179
havven,Synthetix,2022-02-11,5.2546478717735905,1066803441.8719885,61144250.021101594
havven,Synthetix,2022-02-12,4.884315151683455,984709374.2937621,49802995.8532227
havven,Synthetix,2022-02-13,4.875097722200153,983897810.0157701,39777267.02161703
havven,Synthetix,2022-02-14,4.487570998484938,907482355.8036427,46222563.478926234
havven,Synthetix,2022-02-15,4.588932989115221,955696174.3824332,40068378.04627066
havven,Synthetix,2022-02-16,5.065310203459335,1056980182.5450041,55731408.38711555
havven,Synthetix,2022-02-17,4.921126924937734,1043619475.1437342,52792733.203801535
havven,Synthetix,2022-02-18,4.582362618637231,969678962.3164698,53253352.42928764
havven,Synthetix,2022-02-19,4.386699454904668,926519915.8285148,29836164.249019098
havven,Synthetix,2022-02-20,4.377673619812144,923390664.587603,21821602.84711072
havven,Synthetix,2022-02-21,4.070182139868462,865481106.2097884,36422904.781787306
havven,Synthetix,2022-02-22,3.734705733326182,794184263.5559943,50552668.58247204
havven,Synthetix,2022-02-23,3.9980975190645056,843321929.4775122,53314170.028076
havven,Synthetix,2022-02-24,3.763081714309946,798453849.4048156,38642105.25349589
havven,Synthetix,2022-02-25,3.923749146092677,830242366.8669009,92889890.25794828
havven,Synthetix,2022-02-26,4.0266076897870775,853649267.0464696,56826877.599751055
havven,Synthetix,2022-02-27,3.8747511354597326,818484473.4321576,36850792.384958036
havven,Synthetix,2022-02-28,3.7482888358063264,794123875.3390965,47065431.46462449
havven,Synthetix,2022-03-01,4.15046733229909,878300806.7777205,40726996.409374505
havven,Synthetix,2022-03-02,4.1698550021903955,882538785.7038223,50028161.92073307
havven,Synthetix,2022-03-03,3.9784617216033746,843909827.4071448,52107927.18113617
havven,Synthetix,2022-03-04,3.8082627814033225,811962715.9489512,37938973.479558796
havven,Synthetix,2022-03-05,3.623883675244162,772164834.2868801,34826891.875204906
havven,Synthetix,2022-03-06,3.8656719521687912,818274037.492092,67122009.10103531
havven,Synthetix,2022-03-07,3.560505696185692,758940059.123182,38760815.130248845
havven,Synthetix,2022-03-08,3.624755468891935,766616106.4056646,54072404.056830116
havven,Synthetix,2022-03-09,3.9113611198943854,831504447.0160526,89968809.26502287
havven,Synthetix,2022-03-10,4.75908827279812,1014581726.4567857,175788946.0576175
havven,Synthetix,2022-03-11,4.484629939934563,956821337.0515362,163794158.90550658
havven,Synthetix,2022-03-12,4.175583068569798,896921214.8123639,104350068.1346277
havven,Synthetix,2022-03-13,4.195928163250751,901081182.4574336,56620904.91420776
havven,Synthetix,2022-03-14,3.8822839816050077,831318395.6307502,47619061.45934055
havven,Synthetix,2022-03-15,3.965611139935961,849927280.1121849,53512450.727452904
havven,Synthetix,2022-03-16,3.9388293966979995,847281380.9317129,67573363.14577045
havven,Synthetix,2022-03-17,4.202058267668305,915407692.1683466,71307566.41509245
havven,Synthetix,2022-03-18,4.375368050992214,938906563.8262937,102000504.23799759
havven,Synthetix,2022-03-19,5.050968738939664,1083480871.1981902,194809934.9085391
havven,Synthetix,2022-03-20,5.168563159309501,1113483863.4328716,223111221.65002984
havven,Synthetix,2022-03-21,5.218338180145298,1128263451.2629528,143102605.51956847
havven,Synthetix,2022-03-22,4.958594039013071,1068789467.0539145,111036327.81428884
havven,Synthetix,2022-03-23,5.18217026408523,1115676459.623864,97723461.01186205
havven,Synthetix,2022-03-24,5.34208505506421,1147109742.7818465,112587920.47128597
havven,Synthetix,2022-03-25,5.271237977245749,1137744505.586415,118572982.67575707
havven,Synthetix,2022-03-26,5.0422290737702795,1086742950.2335184,92343652.71893813
havven,Synthetix,2022-03-27,5.119181619192208,1103762464.8731923,61064448.85248462
havven,Synthetix,2022-03-28,5.39335176932713,1163537445.1835825,79410982.91881856
havven,Synthetix,2022-03-29,5.414784177603109,1179412909.7727203,125800970.88942754
havven,Synthetix,2022-03-30,5.694729640885739,1228012742.7938626,140229143.0668095
havven,Synthetix,2022-03-31,6.648798895468631,1427806180.3654358,259686646.70561814
havven,Synthetix,2022-04-01,6.835635895737244,1491577018.751119,249213524.65308532
havven,Synthetix,2022-04-02,7.723321919374276,1677805530.1933095,404278109.61099833
havven,Synthetix,2022-04-03,7.154624701916947,1549845280.430239,218572829.45983514
havven,Synthetix,2022-04-04,7.300458043248006,1579571733.8430598,132907050.62198687
havven,Synthetix,2022-04-05,6.952513706976049,1505660862.1805582,153344498.31077367
havven,Synthetix,2022-04-06,6.151358373865235,1339085170.1634207,130127216.82759058
havven,Synthetix,2022-04-07,5.413931923262036,1180895169.6388943,145365713.16731402
havven,Synthetix,2022-04-08,5.687478401011208,1239739889.3861122,92164580.90414219
havven,Synthetix,2022-04-09,5.21638773532353,1129375318.7650347,87327632.69530332
havven,Synthetix,2022-04-10,5.404094950597189,1172914906.4259305,58602277.99715108
havven,Synthetix,2022-04-11,5.124277882124978,1117232823.1368442,46603412.59502574
havven,Synthetix,2022-04-12,4.49275209086867,979544757.7654715,61799710.745505534
havven,Synthetix,2022-04-13,4.965414552266863,1078661821.4469585,98226917.775656
havven,Synthetix,2022-04-14,5.151778438213353,1122615508.4700437,83906534.85461967
havven,Synthetix,2022-04-15,5.205819049856335,1137239153.699744,109642313.89585614
havven,Synthetix,2022-04-16,5.36961005176951,1173330255.2063966,107438395.6158334
havven,Synthetix,2022-04-17,5.233124699626497,1145330183.5175683,52576369.2708126
havven,Synthetix,2022-04-18,5.020856516599675,1097088511.0523713,45130556.69154719
havven,Synthetix,2022-04-19,5.180072850254597,1131033831.8166597,53703784.81039044
havven,Synthetix,2022-04-20,6.123796102228271,1341163990.3811073,164474513.87552232
havven,Synthetix,2022-04-21,6.63851312530348,1451489599.13856,352653774.24518114
havven,Synthetix,2022-04-22,5.890362328805189,1292544880.4705846,166602510.77644682
havven,Synthetix,2022-04-23,5.449537991102937,1196185709.5494294,103041397.66419081
havven,Synthetix,2022-04-24,5.83473439920732,1267615883.8328924,119844239.97230043
havven,Synthetix,2022-04-25,5.883031112142332,1295573133.6038642,171600229.99744168
havven,Synthetix,2022-04-26,6.118316899333893,1338646588.26475,146577452.15994594
havven,Synthetix,2022-04-27,5.420441737832116,1191199090.0970702,294651785.44240874
havven,Synthetix,2022-04-28,5.850899878728141,1284849202.9016488,167082866.46954414
havven,Synthetix,2022-04-29,5.535592643491699,1217882175.0055285,96310663.15190408
havven,Synthetix,2022-04-30,4.994469803148243,1103653145.2888198,92124701.95170821
havven,Synthetix,2022-05-01,4.397419190738984,965453374.3613564,88107945.80219018
havven,Synthetix,2022-05-02,4.827092768744104,1066371318.4029995,91098776.08122773
havven,Synthetix,2022-05-03,4.741279273194715,1046245276.2151883,73568490.80699548
havven,Synthetix,2022-05-04,4.645285466134819,1027628975.9183906,64590832.31713585
havven,Synthetix,2022-05-05,5.075609984896758,1121084206.3244696,77904195.56111018
havven,Synthetix,2022-05-06,4.544851958589791,1004797824.4947114,91681905.51961668
havven,Synthetix,2022-05-07,4.61286981535513,1024682361.3143389,93287829.55995373
havven,Synthetix,2022-05-08,4.3360473822512455,964694800.4478445,82007127.6207054
havven,Synthetix,2022-05-09,4.204468067562254,934326522.1983174,61536882.38494911
havven,Synthetix,2022-05-10,3.296090780318662,740535626.616069,132225435.07516916
havven,Synthetix,2022-05-11,3.288793438422633,725226716.9671755,139196500.67420068
havven,Synthetix,2022-05-12,2.4824131227293567,544431310.5938256,144939717.2670536
havven,Synthetix,2022-05-13,2.506808844483367,564533686.2660866,122013636.03753282
havven,Synthetix,2022-05-14,2.60784771927522,581589325.6014749,68792915.6772553
havven,Synthetix,2022-05-15,2.758461602789772,612090444.4287523,43981522.368653625
havven,Synthetix,2022-05-16,3.0509922049021325,676915490.5800298,53498096.1210926
havven,Synthetix,2022-05-17,2.7042867777143185,598533078.3623663,60760135.19167379
havven,Synthetix,2022-05-18,2.890172893740576,644256360.6728851,59881464.15143952
havven,Synthetix,2022-05-19,2.4896257101082346,557698832.9099196,53078409.979859136
havven,Synthetix,2022-05-20,2.7007041140912738,605355700.3361028,50521822.47960564
havven,Synthetix,2022-05-21,2.5477340857442754,570590671.8580265,42958681.16189855
havven,Synthetix,2022-05-22,2.601968093366269,582316017.7038721,36682833.008911625
havven,Synthetix,2022-05-23,2.738600644717638,611546735.2066886,44287732.875884816
havven,Synthetix,2022-05-24,2.6095905921993334,582561396.2365967,86116521.57240652
havven,Synthetix,2022-05-25,2.6095575349013886,569974030.6561114,80930061.75689113
havven,Synthetix,2022-05-26,2.5495976037143575,557123222.4646875,48569336.687661536
havven,Synthetix,2022-05-27,2.3885644744488026,518993477.0479924,55369699.82033809
havven,Synthetix,2022-05-28,2.4515603612725743,534698682.79422855,69985545.14744343
havven,Synthetix,2022-05-29,2.4947827572658907,544165658.8709353,41957591.3155777
havven,Synthetix,2022-05-30,2.599650811685699,566188748.9005783,42085877.81610523
havven,Synthetix,2022-05-31,3.360461029002242,734347806.9723934,99265181.75406413
havven,Synthetix,2022-06-01,3.152872161654343,686980647.7052628,113840673.27730334
havven,Synthetix,2022-06-02,2.8721481145675627,628409689.3618838,71613351.27261542
havven,Synthetix,2022-06-03,3.025558281404253,676151004.5746604,48856588.750760034
havven,Synthetix,2022-06-04,2.7219795689618276,596048977.8749174,59415159.61169105
havven,Synthetix,2022-06-05,2.6900295635273057,590214040.1579655,38515810.572648145
havven,Synthetix,2022-06-06,2.602001838820441,573919814.0054722,55918123.839256324
havven,Synthetix,2022-06-07,2.765902096812268,609563647.0280883,58474753.85297572
havven,Synthetix,2022-06-08,2.7410265754708676,603884229.3078897,72559968.43365976
havven,Synthetix,2022-06-09,2.648034946918397,581692530.727513,44505646.25186114
havven,Synthetix,2022-06-10,2.6957671903057645,595693811.4241667,35228488.07928587
havven,Synthetix,2022-06-11,2.4552919842463288,542814184.136691,29796006.77072689
havven,Synthetix,2022-06-12,2.3156674105867716,512003618.1959222,29996114.813310552
havven,Synthetix,2022-06-13,2.206038975322426,491153613.7205695,43556596.6036973
havven,Synthetix,2022-06-14,1.8653120828979852,409169944.4748311,68846013.05908014
havven,Synthetix,2022-06-15,1.861084850486546,409994246.32762283,38848552.32401105
havven,Synthetix,2022-06-16,1.9534702137797686,430508715.90516037,33673037.24495381
havven,Synthetix,2022-06-17,1.7437641798129135,387163908.3259671,24567313.816099226
havven,Synthetix,2022-06-18,1.7279120768372305,385902494.3671016,19708360.63210167
havven,Synthetix,2022-06-19,1.558356477692659,345820701.7151755,21511890.002217785
havven,Synthetix,2022-06-20,2.0691995649920827,460249890.9190422,83809809.13282515
havven,Synthetix,2022-06-21,3.27812581050925,727346133.6356431,431874517.1800406
havven,Synthetix,2022-06-22,3.10920277286447,692251385.211309,304764358.92770416
havven,Synthetix,2022-06-23,2.9824179795975065,669732467.5763327,317256938.6024545
havven,Synthetix,2022-06-24,3.1210318759470908,706895475.8362129,122999915.24850734
havven,Synthetix,2022-06-25,3.054655433395703,691256303.8352368,122916829.84911172
havven,Synthetix,2022-06-26,2.8599256996492586,645026572.0792013,78517404.21248929
havven,Synthetix,2022-06-27,2.6830221069244757,606556188.3058759,54806451.14026329
havven,Synthetix,2022-06-28,2.4322942487497317,549193707.487389,63711879.70495474
havven,Synthetix,2022-06-29,2.504289518287744,566815945.7286757,117515494.96284164
havven,Synthetix,2022-06-30,2.384292770194408,540607372.1168737,119045009.40941796
havven,Synthetix,2022-07-01,2.2378028783200383,505686742.58669263,77533445.32600029
havven,Synthetix,2022-07-02,2.2346428152683617,509429558.70218086,55598852.05917479
havven,Synthetix,2022-07-03,2.6374538282314997,599724879.5742413,139247564.98113343
havven,Synthetix,2022-07-04,2.59809386688499,589783551.637195,125383056.73206314
havven,Synthetix,2022-07-05,2.8048482886054167,636341737.6308008,147931067.8863569
havven,Synthetix,2022-07-06,2.641145065520917,600153269.4919711,87912481.27657254
havven,Synthetix,2022-07-07,2.617187936534065,595004875.0488112,66727567.4386663
havven,Synthetix,2022-07-08,2.6817695242514907,612974911.663224,77462198.87011304
havven,Synthetix,2022-07-09,2.5249625801887494,580154569.9577447,67243195.55616248
havven,Synthetix,2022-07-10,2.600230870702769,593217841.6041367,43204755.508626126
havven,Synthetix,2022-07-11,2.4474167681898096,557961552.9504822,51111789.86120245
havven,Synthetix,2022-07-12,2.3096659896860308,526562743.62381417,52596537.289288506
havven,Synthetix,2022-07-13,2.3352137566657043,535234503.708734,90502369.2071569
havven,Synthetix,2022-07-14,2.5183407354362823,574548037.4258915,78288518.2682154
havven,Synthetix,2022-07-15,2.7159523986983474,623668026.5219895,114444327.23597401
havven,Synthetix,2022-07-16,2.550670140533515,584346812.5561422,60527688.42343886
havven,Synthetix,2022-07-17,2.807472971774377,643863169.8809314,84344861.41302131
havven,Synthetix,2022-07-18,2.6786788151303034,615376176.786039,54262898.6068577
havven,Synthetix,2022-07-19,2.9401913134652697,670947930.2482827,122028751.64229657
havven,Synthetix,2022-07-20,2.958193139267445,677213234.0229732,95255052.53111902
havven,Synthetix,2022-07-21,2.8642616674803767,657829296.8020062,127213547.78853966
havven,Synthetix,2022-07-22,3.2998331906538483,761383001.656049,147387037.6196705
havven,Synthetix,2022-07-23,3.0223917364484234,695039125.1912397,108465181.93204477
havven,Synthetix,2022-07-24,3.243601723510033,743866313.2630707,91837110.33323814
havven,Synthetix,2022-07-25,3.4432304886895313,795540347.2748872,142355930.607058
havven,Synthetix,2022-07-26,3.0199071665538675,703242545.2228186,113832209.42482993
havven,Synthetix,2022-07-27,2.9582597966255024,680543604.3051462,88636468.35012105
havven,Synthetix,2022-07-28,3.7200462091931934,843591486.4573283,158963807.1715327
havven,Synthetix,2022-07-29,4.141502038637394,957373223.5800133,315671989.9285887
havven,Synthetix,2022-07-30,4.089481347301491,960822833.0998428,181952694.62847528
havven,Synthetix,2022-07-31,3.6401904788218724,839192719.9343742,141730449.41620693
havven,Synthetix,2022-08-01,3.579318538315931,827089505.2502165,119104335.7075268
havven,Synthetix,2022-08-02,3.6244021852014154,834902757.4267644,134412996.13696957
havven,Synthetix,2022-08-03,3.8852948325642678,901895260.9074731,218306780.80289555
havven,Synthetix,2022-08-04,3.7092316037933557,854575253.5104094,160720231.63042137
havven,Synthetix,2022-08-05,3.783265039774725,875263768.1162231,126511986.95252822
havven,Synthetix,2022-08-06,4.041722020173552,936519520.8823524,142917994.06139177
havven,Synthetix,2022-08-07,4.291562783535144,994637105.0127772,137202641.94641778
havven,Synthetix,2022-08-08,4.076492282278421,946914413.1062765,85873469.7431892
havven,Synthetix,2022-08-09,4.099238965192055,952201729.7595688,87825025.86340433
havven,Synthetix,2022-08-10,3.819274465554607,886784755.340196,87487706.55059846
havven,Synthetix,2022-08-11,4.198557360743088,974321632.1223804,117311483.8771378
havven,Synthetix,2022-08-12,4.018659187303267,934447223.3564963,123047675.5922263
havven,Synthetix,2022-08-13,4.125002403668949,959316885.8169664,96061716.00451078
havven,Synthetix,2022-08-14,3.9730607997169427,928005167.5588766,52902700.32028639
havven,Synthetix,2022-08-15,3.817885680583087,890397359.4870462,60987948.02995285
havven,Synthetix,2022-08-16,3.6906670005007887,857386985.9226128,60462180.46120123
havven,Synthetix,2022-08-17,3.6924525423280388,859288804.6942371,55573890.02102714
havven,Synthetix,2022-08-18,3.4940487820711783,814636791.592309,67360113.24201185
havven,Synthetix,2022-08-19,3.2611636542454705,764653965.7846628,48519302.82524794
havven,Synthetix,2022-08-20,2.807968405171517,656759195.9408361,104783566.16015883
havven,Synthetix,2022-08-21,2.7516300914306138,643466558.8324287,47313253.00053699
havven,Synthetix,2022-08-22,3.093296858964392,721622057.4575297,57273100.99689418
havven,Synthetix,2022-08-23,3.001070648384927,700150130.9292068,85179285.31934907
havven,Synthetix,2022-08-24,3.063415333928867,715745099.0644878,96495247.79796791
havven,Synthetix,2022-08-25,3.0377228383354176,709936902.2218823,57476855.955039814
havven,Synthetix,2022-08-26,3.017901183039133,708293800.9603193,50802761.65146597
havven,Synthetix,2022-08-27,2.6916074482903065,631674479.5205313,156272121.7571767
havven,Synthetix,2022-08-28,2.902859471447189,681585367.1700813,79232847.50180025
havven,Synthetix,2022-08-29,2.9906185403833354,701475846.2676936,97140971.11844198
havven,Synthetix,2022-08-30,3.4727063729004826,812648220.9338751,183300064.90282232
havven,Synthetix,2022-08-31,2.984133041280135,703105543.0550328,133569429.86595179
havven,Synthetix,2022-09-01,2.951388080783856,691426691.1697643,103160859.24616325
havven,Synthetix,2022-09-02,2.930593531208841,691812808.9748777,108845248.10392118
havven,Synthetix,2022-09-03,3.0166039424515754,716223392.8167591,113357385.53325917
havven,Synthetix,2022-09-04,2.9312571789329547,694408330.5421511,66105894.21048061
havven,Synthetix,2022-09-05,2.980851942328409,705026312.7827498,38672369.391096964
havven,Synthetix,2022-09-06,2.9995463116070633,707412912.644997,39676419.74020931
havven,Synthetix,2022-09-07,2.796835515045039,667389915.2528933,75889097.46344829
havven,Synthetix,2022-09-08,2.9868215367467057,708225290.2699122,54360590.977973975
havven,Synthetix,2022-09-09,2.9292632790214483,697416792.2978812,48803134.96914954
havven,Synthetix,2022-09-10,3.0050445181170855,715638863.4205738,66692770.811995976
havven,Synthetix,2022-09-11,3.0327407755962397,721720666.1114064,61633093.56190267
havven,Synthetix,2022-09-12,2.957081855883363,703281304.6823397,42591423.00072665
havven,Synthetix,2022-09-13,2.934313356825653,697718641.9326272,60192246.16397316
havven,Synthetix,2022-09-14,2.720113033739743,647897462.2407106,53282128.80728363
havven,Synthetix,2022-09-15,2.723248540749832,646064167.78839,47605702.990882844
havven,Synthetix,2022-09-16,2.586228750786223,616637425.8305703,48308599.210306995
havven,Synthetix,2022-09-17,2.5863055902492422,616583865.1166334,35297600.685969755
havven,Synthetix,2022-09-18,2.739637197563108,651200819.2756855,26122964.87931415
havven,Synthetix,2022-09-19,2.4485590079370394,585569185.731937,36386228.616629474
havven,Synthetix,2022-09-20,2.5129114134506154,600149341.5943027,36882992.24191578
havven,Synthetix,2022-09-21,2.3530998769518114,561762086.7906556,33190892.282520697
havven,Synthetix,2022-09-22,2.297066551702311,547439751.9450628,53017586.03660708
havven,Synthetix,2022-09-23,2.5161694148867517,599579169.8886341,42809685.99387761
havven,Synthetix,2022-09-24,2.4844693495426227,595993977.6874119,44095934.26783749
havven,Synthetix,2022-09-25,2.413584124050213,576757917.0026165,29172357.27070455
havven,Synthetix,2022-09-26,2.324714564213949,555412447.5544888,28632253.377057627
havven,Synthetix,2022-09-27,2.321366365843579,553384748.3479735,44581043.395687714
havven,Synthetix,2022-09-28,2.2672535062120756,542314347.3830619,46264978.270850524
havven,Synthetix,2022-09-29,2.4522292000288695,586133414.2385501,80744588.71370551
havven,Synthetix,2022-09-30,2.423218111959549,580510222.4798899,43042660.37026768
havven,Synthetix,2022-10-01,2.376606388960047,568855621.5320616,38631384.5092899
havven,Synthetix,2022-10-02,2.3162718027643345,553535425.0362449,29343145.50057568
havven,Synthetix,2022-10-03,2.219176793071191,529374216.20093673,33111794.41889147
havven,Synthetix,2022-10-04,2.3031927756629935,553083384.5920366,36003353.123153426
havven,Synthetix,2022-10-05,2.339932862040992,559635353.4009453,39488123.68005127
havven,Synthetix,2022-10-06,2.3282554904515815,557025622.2017771,35779729.49395929
havven,Synthetix,2022-10-07,2.2553546922766583,540371616.8117101,44687400.872265846
havven,Synthetix,2022-10-08,2.2431545710371164,536955298.8141809,28280794.109052993
havven,Synthetix,2022-10-09,2.2136937472452396,530284649.83591366,13970401.036461048
havven,Synthetix,2022-10-10,2.2507386769229494,538130086.5365883,14091607.619108565
havven,Synthetix,2022-10-11,2.1268557538875705,509480752.6319273,32083857.560819402
havven,Synthetix,2022-10-12,2.0581573653742136,492032318.6975762,29133545.433907103
havven,Synthetix,2022-10-13,2.0633458908698055,494480472.840505,18216488.342826735
havven,Synthetix,2022-10-14,2.191263050908503,526913145.908635,67168424.78131138
havven,Synthetix,2022-10-15,2.0676615383163055,495721068.51784825,38380468.95411973
havven,Synthetix,2022-10-16,2.058933078262056,495716291.4047,20737373.951531168
havven,Synthetix,2022-10-17,2.285921410383581,549135516.3820314,58091841.176072575
havven,Synthetix,2022-10-18,2.3339802435981123,559840614.8793324,68249077.18088274
havven,Synthetix,2022-10-19,2.3725844198348685,569042948.3806765,65133993.45428221
havven,Synthetix,2022-10-20,2.283503734718141,545535750.7008907,76978468.50673842
havven,Synthetix,2022-10-21,2.2445530840019594,539890312.7498796,58345718.916305274
havven,Synthetix,2022-10-22,2.204118947488403,529807675.40454584,39275061.988678224
havven,Synthetix,2022-10-23,2.207750519522506,530707754.0057136,21600571.844292037
havven,Synthetix,2022-10-24,2.266063682977724,544556201.3390701,30403051.761317223
havven,Synthetix,2022-10-25,2.190890708035809,526665441.6457471,41610015.37652323
havven,Synthetix,2022-10-26,2.3063486893547753,554369038.1214942,48257185.2743751
havven,Synthetix,2022-10-27,2.4387046750620014,585901453.422046,73273315.50307809
havven,Synthetix,2022-10-28,2.403036859638466,578019925.671524,71106993.05555983
havven,Synthetix,2022-10-29,2.421560375617351,582652360.4222268,69548425.74478184
havven,Synthetix,2022-10-30,2.52576609659483,606842099.0393718,73146559.68855527
havven,Synthetix,2022-10-31,2.447074813120411,587646968.2021188,50330514.42258378
havven,Synthetix,2022-11-01,2.5095332387189324,604698234.4608388,56361697.11398407
havven,Synthetix,2022-11-02,2.5106898155374298,603778923.7719476,71434562.90506291
havven,Synthetix,2022-11-03,2.3680186365949187,569006300.0177926,68817974.59461482
havven,Synthetix,2022-11-04,2.4265051307893755,582998169.4160018,73342293.03342049
havven,Synthetix,2022-11-05,2.7007468535166463,649162058.3892053,92972192.85464317
havven,Synthetix,2022-11-06,2.6520298194076912,638987944.4730057,72163730.04498298
havven,Synthetix,2022-11-07,2.5250089980950285,607961475.9696875,55744993.97654723
havven,Synthetix,2022-11-08,2.6039652208867743,626996327.8155298,101461818.48528844
havven,Synthetix,2022-11-09,2.1135085143267927,511571099.7262715,134003585.10528974
havven,Synthetix,2022-11-10,1.6955325861876378,406996967.37003255,63689904.95361334
havven,Synthetix,2022-11-11,1.949197551050759,468480782.7070562,68076319.95811352
havven,Synthetix,2022-11-12,1.867892456361545,447456137.7332989,39280127.36014952
havven,Synthetix,2022-11-13,1.6059624532731722,385624399.2368609,63500559.53362262
havven,Synthetix,2022-11-14,1.575958771449138,376277478.2083625,47543907.96056708
havven,Synthetix,2022-11-15,1.8168832434814173,437057400.96174866,61623618.07628131
havven,Synthetix,2022-11-16,1.7908695105386974,430872886.3362629,47575739.57025172
havven,Synthetix,2022-11-17,1.8010248937395767,432918170.2261147,35168439.48809573
havven,Synthetix,2022-11-18,1.7242758250357715,414341787.47785467,27209230.83943576
havven,Synthetix,2022-11-19,1.757493751313658,422305531.1430187,19620141.048264872
havven,Synthetix,2022-11-20,1.7456556039427908,419876139.0798462,13677999.299344387
havven,Synthetix,2022-11-21,1.6703254924216269,402132637.72845227,18923315.306380477
havven,Synthetix,2022-11-22,1.5978702112961018,384054211.07107,28426630.66809219
havven,Synthetix,2022-11-23,1.682921419055076,405414261.1730398,20396827.598785616
havven,Synthetix,2022-11-24,1.7363151492900721,417782136.2304588,27867644.94789717
havven,Synthetix,2022-11-25,1.7284736895422539,415409991.8921161,25407957.060123418
havven,Synthetix,2022-11-26,1.7024933734773378,409257875.6732454,25599123.97606545
havven,Synthetix,2022-11-27,1.6559042843347855,397953097.5963979,24759515.70557249
havven,Synthetix,2022-11-28,1.6779187026332594,402072441.0028526,16485336.519956127
havven,Synthetix,2022-11-29,1.6610422505189675,399464686.4988439,21247062.474969048
havven,Synthetix,2022-11-30,1.6444083183785574,395472081.77827954,17250976.80220302
havven,Synthetix,2022-12-01,1.7380983407575072,418749630.8013349,21683435.349651393
havven,Synthetix,2022-12-02,1.7199137883925697,413815815.96009314,19936836.641496666
havven,Synthetix,2022-12-03,1.7919227046406359,430955716.1191537,26189115.24477719
havven,Synthetix,2022-12-04,1.7132310367808365,413146596.7835603,13321837.476758607
havven,Synthetix,2022-12-05,1.768794358748275,425144046.4677268,16734423.61766569
havven,Synthetix,2022-12-06,1.9222505266772365,460888982.8033438,52045258.43257125
havven,Synthetix,2022-12-07,1.8977063158602219,456764174.65618443,50100248.91304969
havven,Synthetix,2022-12-08,1.9669475973231585,473339134.727882,65412854.83021623
havven,Synthetix,2022-12-09,1.931288555738939,464883467.9634766,26132577.92905663
havven,Synthetix,2022-12-10,1.8939879691411448,455584956.9837628,28499685.919851694
havven,Synthetix,2022-12-11,1.916786789322002,460476099.0790681,15573696.949162468
havven,Synthetix,2022-12-12,1.9300201434875708,463718044.5873389,16581127.768059194
havven,Synthetix,2022-12-13,1.87976372590429,453085714.7209789,29011239.98120837
havven,Synthetix,2022-12-14,1.8540553956601247,446059052.47605383,31402929.23506669
havven,Synthetix,2022-12-15,1.8685551647880032,449925795.62164044,18243434.82743064
havven,Synthetix,2022-12-16,1.8036916129960423,434176269.22797656,14439105.55413187
havven,Synthetix,2022-12-17,1.5388371874312572,368905507.71116316,31798753.66149984
havven,Synthetix,2022-12-18,1.6089958154174275,386427632.05627626,19612220.52466724
havven,Synthetix,2022-12-19,1.6129576665579517,388086831.36565626,17452473.864452474
havven,Synthetix,2022-12-20,1.5332160540792763,369430161.21586466,20490807.480707932
havven,Synthetix,2022-12-21,1.6194453760787044,389505576.5649678,16195679.10703175
havven,Synthetix,2022-12-22,1.5464082341218932,372074028.81700027,17161999.60103805
havven,Synthetix,2022-12-23,1.5710995948424435,377669241.6401667,19212513.054837447
havven,Synthetix,2022-12-24,1.541283823035,370568108.568324,17629552.05921465
havven,Synthetix,2022-12-25,1.5207927702275923,365493717.4791975,16592529.352397498
havven,Synthetix,2022-12-26,1.4812925989870842,355767650.0184302,23176895.06136926
havven,Synthetix,2022-12-27,1.482417668472565,356522641.5985123,19919809.228948783
havven,Synthetix,2022-12-28,1.4883287055061745,357745058.554899,19323348.541971043
havven,Synthetix,2022-12-29,1.4383686064759704,345869123.30045736,17973238.547033835
havven,Synthetix,2022-12-30,1.4295240939743366,344079941.85588306,17257973.3743087
havven,Synthetix,2022-12-31,1.4513963254946076,349162198.7410787,16887329.155452248
havven,Synthetix,2023-01-01,1.4390458634838945,345920924.90151155,20590671.164287645
havven,Synthetix,2023-01-02,1.4742522308036965,354625364.2555571,14740414.716914613
havven,Synthetix,2023-01-03,1.5112466718635997,363415047.06307805,18607297.88007253
havven,Synthetix,2023-01-04,1.5303750163779108,367946624.5473423,15435064.38301182
havven,Synthetix,2023-01-05,1.6046078373699049,385302787.15915906,23356261.54709428
havven,Synthetix,2023-01-06,1.5402747461485848,370441810.47795105,25279168.397708092
havven,Synthetix,2023-01-07,1.638762211949983,393897448.37598056,25917230.079019178
havven,Synthetix,2023-01-08,1.6848407938884835,405155114.05151355,41329865.21455821
havven,Synthetix,2023-01-09,1.7604677519346912,421960485.37555677,22746007.057475373
havven,Synthetix,2023-01-10,1.7671933090068481,425762570.3821208,36385349.83340739
havven,Synthetix,2023-01-11,1.7790786682746782,427661616.51972455,21717420.3469404
havven,Synthetix,2023-01-12,1.8169710605310136,437890092.6188975,21540640.555488937
havven,Synthetix,2023-01-13,1.8291102551101044,440534960.96386695,30435222.356777705
havven,Synthetix,2023-01-14,1.9211295925007021,462480654.31161207,37055282.07521953
havven,Synthetix,2023-01-15,2.1079745869488873,506062365.72093827,92936725.72768888
havven,Synthetix,2023-01-16,2.1678025402163694,522067366.32843953,54941674.53713425
havven,Synthetix,2023-01-17,2.124156559366941,510800467.3210764,45339160.90845983
havven,Synthetix,2023-01-18,2.2305798402956296,535926280.52553,62974621.348829314
havven,Synthetix,2023-01-19,2.0627443913496375,494471703.46054834,59089801.18874478
havven,Synthetix,2023-01-20,2.265189819892094,545688013.8771869,52630316.33849045
havven,Synthetix,2023-01-21,2.5870407563935323,621827851.3512291,100787196.55043158
havven,Synthetix,2023-01-22,2.533891758357114,608448418.1576586,53316757.39633265
havven,Synthetix,2023-01-23,2.596572530030514,624002438.6579697,37187376.019614734
havven,Synthetix,2023-01-24,2.577504980418247,619284784.3639443,32172744.12642448
havven,Synthetix,2023-01-25,2.3389209174274566,562004151.6370713,34390658.08815835
havven,Synthetix,2023-01-26,2.493497419685552,776453791.707483,55591912.53515382
havven,Synthetix,2023-01-27,2.4079352114571098,752868312.9393508,35109716.794227265
havven,Synthetix,2023-01-28,2.548060387182932,797255088.0894197,43071805.82802075
havven,Synthetix,2023-01-29,2.4475793150459624,765540328.0173908,26699213.938025285
havven,Synthetix,2023-01-30,2.4898029582553103,776718923.3503404,30911428.288934577
havven,Synthetix,2023-01-31,2.291191624811178,715790257.4632267,34669415.35199562
havven,Synthetix,2023-02-01,2.3093681205641796,720928045.7190666,27346613.901390634
havven,Synthetix,2023-02-02,2.671325479870148,834432094.9114016,72248280.52048208
havven,Synthetix,2023-02-03,2.51661349110075,787859358.9635218,82079085.00023012
havven,Synthetix,2023-02-04,2.5623501961019386,802814834.6891023,56011164.57595481
havven,Synthetix,2023-02-05,2.710503642584291,848467227.373658,103723664.639171
havven,Synthetix,2023-02-06,2.5617944136011714,802132917.2941109,66363904.95425787
havven,Synthetix,2023-02-07,2.819578905762421,877799048.3970504,93410513.23190309
havven,Synthetix,2023-02-08,2.933401056054028,921640381.093659,123320338.77915627
havven,Synthetix,2023-02-09,2.686563848150318,837994963.3701615,91582561.94845118
havven,Synthetix,2023-02-10,2.372271102059435,743746051.4413596,64701664.69138152
havven,Synthetix,2023-02-11,2.3974972509490042,752665276.029078,54862947.4915142
havven,Synthetix,2023-02-12,2.445124413358452,765737225.2368487,23471729.381627332
havven,Synthetix,2023-02-13,2.3456205136593455,734291559.696262,41449424.34516387
havven,Synthetix,2023-02-14,2.398218967335937,750078735.0806047,59007970.229940616
havven,Synthetix,2023-02-15,2.491059553194,781837717.1085856,47387977.03459936
havven,Synthetix,2023-02-16,2.7323761019442534,853294989.0040451,62280615.06735334
havven,Synthetix,2023-02-17,2.4494509486214517,771335424.3902615,73177557.4989029
havven,Synthetix,2023-02-18,2.638432266703185,828197926.9707837,61311319.54744794
havven,Synthetix,2023-02-19,2.603572365738606,816250133.9988291,39352224.69559625
havven,Synthetix,2023-02-20,2.6136171706466587,823296820.3685173,64342826.30101246
havven,Synthetix,2023-02-21,2.7535554356203282,864444739.0609078,87172896.27938
havven,Synthetix,2023-02-22,2.607216397104952,814692853.6116545,62014586.1244242
havven,Synthetix,2023-02-23,2.49966074242527,785057598.6208339,53035949.98781256
havven,Synthetix,2023-02-24,2.6292656271973254,824865928.212726,94375843.25241934
havven,Synthetix,2023-02-25,2.6381681746782366,831888758.1927506,117156428.34498434
havven,Synthetix,2023-02-26,2.4654664454367436,773879719.6667514,69246252.53128241
havven,Synthetix,2023-02-27,2.6719629319488365,838954619.1931205,58017000.68115166
havven,Synthetix,2023-02-28,2.825314439610685,881902156.3369222,96281517.372726
havven,Synthetix,2023-03-01,2.7847306151230082,873813567.7529205,128954006.14552708
havven,Synthetix,2023-03-02,3.014708772258282,948868974.3080066,114428005.76566803
havven,Synthetix,2023-03-03,2.8878748162657,908974925.5716863,91120213.59929782
havven,Synthetix,2023-03-04,2.866696015406676,900130942.8286488,122024399.94745925
havven,Synthetix,2023-03-05,2.8756280930516622,906000644.4693953,116408540.27205719
havven,Synthetix,2023-03-06,3.0940635298397257,970695444.2880327,155510386.93840194
havven,Synthetix,2023-03-07,3.1211513812987,981644791.6946957,121795132.17453863
havven,Synthetix,2023-03-08,2.930327498441109,918016392.7690302,106908384.02610463
havven,Synthetix,2023-03-09,2.602857084923844,820897113.6456637,91257132.61977631
havven,Synthetix,2023-03-10,2.366088825468435,739333482.9698681,95588500.8096983
havven,Synthetix,2023-03-11,2.2366292528935077,708000180.9580675,94438117.66428809
havven,Synthetix,2023-03-12,2.1818836370199977,684383380.2473255,97145303.72049801
havven,Synthetix,2023-03-13,2.7578944434031762,857570684.0859253,89939944.61486469
havven,Synthetix,2023-03-14,3.143864608099323,990174158.1086434,315656760.5687414
havven,Synthetix,2023-03-15,3.164171310198696,995654309.911651,203340282.14682636
havven,Synthetix,2023-03-16,2.6560407519874745,835833936.084833,236062433.31411013
havven,Synthetix,2023-03-17,2.8548702219558675,903598512.2275063,731535507.9536879
havven,Synthetix,2023-03-18,3.030160972892526,953008003.2554795,234095234.54078358
havven,Synthetix,2023-03-19,2.8839252952650813,910625673.5590689,170472943.98070008
havven,Synthetix,2023-03-20,2.9275591671580763,928252287.3003764,116568883.72903201
havven,Synthetix,2023-03-21,3.0097924028601866,949758289.3505925,283099596.3583976
havven,Synthetix,2023-03-22,2.866635860940386,902576957.2833984,109000734.4638131
havven,Synthetix,2023-03-23,2.703164450576881,850869674.2116796,104705777.21146816
havven,Synthetix,2023-03-24,2.7168994724553093,854981773.9400766,54241133.12516014
havven,Synthetix,2023-03-25,2.5449543760233646,806519429.5052707,65435840.738124184
havven,Synthetix,2023-03-26,2.425573409489728,764691304.2431049,56086737.495699525
havven,Synthetix,2023-03-27,2.4791850658499976,784494911.4253091,44728737.5123412
havven,Synthetix,2023-03-28,2.350656639157534,739194810.144507,73640574.66375208
havven,Synthetix,2023-03-29,2.396429349915976,754962306.9602644,58379450.00798491
havven,Synthetix,2023-03-30,2.576024612373848,811554683.9266993,73762004.90737753
havven,Synthetix,2023-03-31,2.431403668973129,766389299.6904806,60938719.62100745
havven,Synthetix,2023-04-01,2.5652649527814546,811303092.3015406,60007631.08904471
havven,Synthetix,2023-04-02,2.5800454829961983,813658098.5212752,44788572.1624244
havven,Synthetix,2023-04-03,2.568026285919416,810197473.0211835,55840883.67184801
havven,Synthetix,2023-04-04,2.5491115284426753,807160597.4805332,77692214.71430367
havven,Synthetix,2023-04-05,2.763000444161759,869816082.1411501,69547011.5720981
havven,Synthetix,2023-04-06,2.7185287548587467,858891031.3463593,51549284.78798508
havven,Synthetix,2023-04-07,2.6797920821311405,846585986.6396006,41263468.91964654
havven,Synthetix,2023-04-08,2.6475756334508183,837940492.6135588,37560434.226865
havven,Synthetix,2023-04-09,2.6302577806432086,830275431.1836104,35356331.6014676
havven,Synthetix,2023-04-10,2.635422043980578,833891576.7593288,42951184.96118398
havven,Synthetix,2023-04-11,2.696379431425113,852894210.5770572,43265372.674364686
havven,Synthetix,2023-04-12,2.6292232401347597,830711911.8161085,42142780.679029204
havven,Synthetix,2023-04-13,2.580817254647787,815229835.0726242,47561102.685090125
havven,Synthetix,2023-04-14,2.6339005760296454,832618426.637646,42900497.642524585
havven,Synthetix,2023-04-15,2.7409383455279843,867838978.9473363,69397518.36339715
havven,Synthetix,2023-04-16,2.749998897787767,870725313.3855407,53283223.91482544
havven,Synthetix,2023-04-17,2.8405634326176457,897848457.1596582,57984795.65564133
havven,Synthetix,2023-04-18,2.7525174226571636,868378975.3520069,50071916.92040908
havven,Synthetix,2023-04-19,3.0137902962679144,953857267.0378033,95665297.01253214
havven,Synthetix,2023-04-20,2.83023714123868,898176821.3008773,140956272.40350923
havven,Synthetix,2023-04-21,2.7014880692268672,854636819.8078988,117362391.80833083
havven,Synthetix,2023-04-22,2.4872756512156453,787073614.0931095,60587062.14683746
havven,Synthetix,2023-04-23,2.5471848559459924,806753069.3153872,43727082.30178294
havven,Synthetix,2023-04-24,2.4813693072155156,782818518.6881068,31550760.311933734
havven,Synthetix,2023-04-25,2.4745347681349696,783189419.1322176,32868645.587766655
havven,Synthetix,2023-04-26,2.4765503421577444,783392236.8104832,38069157.842621915
havven,Synthetix,2023-04-27,2.4051779865454175,760843674.2501777,80142080.37151287
havven,Synthetix,2023-04-28,2.4543466328114665,776478570.8507386,44521177.87392503
havven,Synthetix,2023-04-29,2.4438539927600935,774236948.4816147,32146110.10852176
havven,Synthetix,2023-04-30,2.46678816568424,782772038.3948777,26534729.80011951
havven,Synthetix,2023-05-01,2.4404256446642085,773165222.1244631,27107573.143026844
havven,Synthetix,2023-05-02,2.3475367789948223,743493650.5004249,25576795.09018189
havven,Synthetix,2023-05-03,2.4450156544728174,774806299.6666771,28273199.186447855
havven,Synthetix,2023-05-04,2.502291953329606,793128610.0807381,40977282.690675244
havven,Synthetix,2023-05-05,2.489001675040304,789463242.5747226,25055980.625918638
havven,Synthetix,2023-05-06,2.5695796271460987,814145963.1135821,47204797.06269488
havven,Synthetix,2023-05-07,2.39649699620202,759665842.6573281,41069436.305507265
havven,Synthetix,2023-05-08,2.3788210838829227,753252212.0832483,32371871.541616432
havven,Synthetix,2023-05-09,2.1653333732873055,685732368.6870642,56654852.14583485
havven,Synthetix,2023-05-10,2.133457414180668,675653278.5471624,38167361.26570453
havven,Synthetix,2023-05-11,2.1820676741104066,691282680.788877,48235485.46820049
havven,Synthetix,2023-05-12,2.021584629402091,642370835.5310266,34387240.23225386
havven,Synthetix,2023-05-13,2.0756601096088176,658616284.4946502,25510769.67750503
havven,Synthetix,2023-05-14,2.014969535690354,642228835.0933292,15681962.109444637
havven,Synthetix,2023-05-15,2.060434131090015,654707998.9582678,16976071.006144322
havven,Synthetix,2023-05-16,2.0996937487594,666884312.2943327,17982722.098246828
havven,Synthetix,2023-05-17,2.150559092132746,683953024.1686835,26476834.44030194
havven,Synthetix,2023-05-18,2.4128408538242208,767047189.9366319,82135083.06476209
havven,Synthetix,2023-05-19,2.416204370964835,770399446.9130676,39190514.37935073
havven,Synthetix,2023-05-20,2.398244228436979,762730457.7015866,24829349.520293407
havven,Synthetix,2023-05-21,2.3928952884652737,761014244.5761478,16704562.806321584
havven,Synthetix,2023-05-22,2.3281252324604087,741150353.6801229,16941190.765620407
havven,Synthetix,2023-05-23,2.4170664179739085,768241226.6463614,28070146.68759069
havven,Synthetix,2023-05-24,2.464312313790043,781721796.3851361,30289811.181999486
havven,Synthetix,2023-05-25,2.4329399925223045,775450766.1621059,81180017.21083908
havven,Synthetix,2023-05-26,2.310697054568726,735025903.1216958,55076511.556152835
havven,Synthetix,2023-05-27,2.4086346997582284,765746503.1480542,45318982.70949295
havven,Synthetix,2023-05-28,2.4022069895796534,763718273.13392,37503048.955870956
havven,Synthetix,2023-05-29,2.4982500786895527,795643087.8691908,42783702.46362849
havven,Synthetix,2023-05-30,2.411388135480695,768162307.4300634,21151998.267281376
havven,Synthetix,2023-05-31,2.4051127397043377,766131364.3420435,23503022.01128019
havven,Synthetix,2023-06-01,2.3298933001800752,741564657.1484709,26721760.035945326
havven,Synthetix,2023-06-02,2.327137737943439,741898668.0060896,24872004.987442765
havven,Synthetix,2023-06-03,2.3801317052894624,758199239.7108402,20890094.180936757
havven,Synthetix,2023-06-04,2.3556371971059322,750288546.5146911,17590706.928492043
havven,Synthetix,2023-06-05,2.361992221022339,752196612.8758347,16042684.246435786
havven,Synthetix,2023-06-06,2.2431617952472966,715565732.3849202,52013425.91646893
havven,Synthetix,2023-06-07,2.29594640767245,731177489.4165118,35942715.33259362
havven,Synthetix,2023-06-08,2.1039136988978204,670043171.6323886,27483244.90303247
havven,Synthetix,2023-06-09,2.0643694017048917,658150936.8729792,24666729.93638812
havven,Synthetix,2023-06-10,2.0509888612455507,653347649.9815149,25900301.24262887
havven,Synthetix,2023-06-11,1.7383157198629189,553557664.0288287,54680261.23916303
havven,Synthetix,2023-06-12,1.7764706426389598,566413088.8654947,21873507.82130973
havven,Synthetix,2023-06-13,1.8046500199470927,575004232.2489355,34911680.03940384
havven,Synthetix,2023-06-14,1.8108930098116711,577026856.7140117,21295231.245932408
havven,Synthetix,2023-06-15,1.772788363892611,565281563.0614302,19101186.281306367
havven,Synthetix,2023-06-16,1.754172703578957,560054015.9132999,24097823.84218679
havven,Synthetix,2023-06-17,1.8266113210645007,583144764.7745352,17239427.928020053
havven,Synthetix,2023-06-18,1.8608931505977913,594179669.4939826,12937440.597842904
havven,Synthetix,2023-06-19,1.8031355586326598,576351010.2154498,16546395.448145375
havven,Synthetix,2023-06-20,1.8027523718446468,575412091.621649,12250952.75346484
havven,Synthetix,2023-06-21,1.9085885307794161,607338202.6657486,16081341.863244735
havven,Synthetix,2023-06-22,1.9657727720600573,627298853.4938759,20468595.597833425
havven,Synthetix,2023-06-23,1.9180432993170475,613391178.4261693,22359181.992308807
havven,Synthetix,2023-06-24,1.98070804794779,632102788.1072373,17772775.97232334
havven,Synthetix,2023-06-25,1.9267568795341345,615018129.5067111,16174153.686667824
havven,Synthetix,2023-06-26,2.1890671229755507,699774486.2862139,100202289.45093477
havven,Synthetix,2023-06-27,2.0766630279755405,662535590.832878,25511011.74749434
havven,Synthetix,2023-06-28,2.122139442724122,677552448.2130582,27419000.084200397
havven,Synthetix,2023-06-29,2.030443980913035,650188193.875654,28012616.943115987
havven,Synthetix,2023-06-30,2.2327416098513364,716211593.1727641,80906666.7019071
havven,Synthetix,2023-07-01,2.297381763590007,734133324.1433904,75825097.59562746
havven,Synthetix,2023-07-02,2.293093135873599,732096657.2771202,30811582.740371644
havven,Synthetix,2023-07-03,2.3370816080832126,747824518.387282,46021049.87492662
havven,Synthetix,2023-07-04,2.210661071933652,708124002.8493657,47481109.655202165
havven,Synthetix,2023-07-05,2.1860800554346236,700270400.0310483,41616049.0108633
havven,Synthetix,2023-07-06,2.1163631364868296,677406121.0403937,31111129.723096766
havven,Synthetix,2023-07-07,2.072130648473646,664342666.0516578,26699659.652418643
havven,Synthetix,2023-07-08,2.1025747309433873,672813515.4608151,20211863.554059055
havven,Synthetix,2023-07-09,2.0859017411642378,667541191.7096488,17698702.749618642
havven,Synthetix,2023-07-10,2.0720690904049417,663074707.2704936,16481755.428543724
havven,Synthetix,2023-07-11,2.0393759495249464,652406087.3612835,34043550.77429282
havven,Synthetix,2023-07-12,2.031308122863219,650456778.6992545,17423174.444379617
havven,Synthetix,2023-07-13,2.049895934064759,656540838.210752,20806631.946504213
havven,Synthetix,2023-07-14,2.1768166961400808,697270398.9174175,36774998.27398325
havven,Synthetix,2023-07-15,2.7352548412516344,877709107.8469423,408572309.9122202
havven,Synthetix,2023-07-16,2.8071450268313134,897264764.5183669,147276694.4653046
havven,Synthetix,2023-07-17,2.6373292797915644,843136964.3051234,68459015.98933987
havven,Synthetix,2023-07-18,2.656121498938811,850716063.2245277,75813115.77665111
havven,Synthetix,2023-07-19,2.606169832015155,834588796.9104584,63552413.09459697
havven,Synthetix,2023-07-20,2.7139539205951917,869136581.9076068,70028989.38575938
havven,Synthetix,2023-07-21,2.8940116910668343,929567840.4470439,143633474.91605663
havven,Synthetix,2023-07-22,2.993427065735612,960088394.4966794,117618805.65261738
havven,Synthetix,2023-07-23,2.981527947789254,956010219.754971,57591438.82595083
havven,Synthetix,2023-07-24,2.8960083117680018,929269260.9110519,69173850.68419075
havven,Synthetix,2023-07-25,2.7756956627393596,888540036.4804051,56333778.5572235
havven,Synthetix,2023-07-26,2.7502854442305855,881014832.0570525,39103839.17302274
havven,Synthetix,2023-07-27,2.828328072068073,906720963.1618443,90335451.64528023
havven,Synthetix,2023-07-28,2.859409138574364,919500553.5814307,57898886.31157222
havven,Synthetix,2023-07-29,2.8197256871253757,905326821.9859653,37681802.82062702
havven,Synthetix,2023-07-30,2.8471550894583593,914340403.4206078,38737470.89504407
havven,Synthetix,2023-07-31,2.7190519111820683,873116522.6851051,34989548.9954554
havven,Synthetix,2023-08-01,2.5668223125406535,825381648.7980517,54967106.9552091
havven,Synthetix,2023-08-02,2.473822240726778,792833318.7096001,67358755.1781889
havven,Synthetix,2023-08-03,2.473140605250092,795380356.2504166,64362211.47238701
havven,Synthetix,2023-08-04,2.4074356084267485,774477104.3030462,58394535.78642452
havven,Synthetix,2023-08-05,2.5144113457896804,808395129.4246538,71473881.61352986
havven,Synthetix,2023-08-06,2.5373019503714787,815078672.6100429,42398745.01336705
havven,Synthetix,2023-08-07,2.5400129723260854,816877485.312826,40059417.220084615
havven,Synthetix,2023-08-08,2.5197515586934003,811015133.9142132,43107850.302392855
havven,Synthetix,2023-08-09,2.578287633412649,828794825.7014439,48326732.15631572
havven,Synthetix,2023-08-10,2.5947562172980883,835533369.3675859,39740896.40095692
havven,Synthetix,2023-08-11,2.5802370836757875,829684998.3607589,37948670.49817296
havven,Synthetix,2023-08-12,2.5431364973600847,818200153.1987958,28208713.73557041
havven,Synthetix,2023-08-13,2.541508051403805,818118306.2843386,22162972.412241153
havven,Synthetix,2023-08-14,2.4986394401571155,803673205.2079387,21409550.479580626
havven,Synthetix,2023-08-15,2.4854245207035577,800656585.3377163,25060182.131166484
havven,Synthetix,2023-08-16,2.3468778594769444,755533951.3625134,37509323.07629102
havven,Synthetix,2023-08-17,2.3151043640881572,745075782.1455945,31497809.670519486
havven,Synthetix,2023-08-18,2.075680559953413,670910620.9287424,44568980.356929965
havven,Synthetix,2023-08-19,2.1821546463590633,702321229.194856,28694459.265150014
havven,Synthetix,2023-08-20,2.2413123794097607,721638501.0068983,15782131.021943245
havven,Synthetix,2023-08-21,2.14128347476196,689883427.5555735,21567641.335012536
havven,Synthetix,2023-08-22,2.0925476977425306,675527084.5042546,28122725.49872162
havven,Synthetix,2023-08-23,2.065092296615227,665108472.0790994,21818977.608118676
havven,Synthetix,2023-08-24,2.1348824877063577,687966873.096105,29648910.438654948
havven,Synthetix,2023-08-25,2.0745820519392337,668875931.8907586,23528658.33270331
havven,Synthetix,2023-08-26,2.0630153886699754,664525579.1678731,30094758.252296828
havven,Synthetix,2023-08-27,2.071809553210712,667052903.0924329,11847265.944289599
havven,Synthetix,2023-08-28,2.1064207167014835,679629697.23697,18881127.719768398
havven,Synthetix,2023-08-29,2.07741206612752,669771496.326397,22445439.938657347
havven,Synthetix,2023-08-30,2.058303612905236,663790207.1097546,44037988.33020245
havven,Synthetix,2023-08-31,1.9898242813810694,643202427.37725,30329727.34440627
havven,Synthetix,2023-09-01,1.9293432785111417,622842846.0478402,44237681.84841446
havven,Synthetix,2023-09-02,1.9349893765070953,625137201.7114309,22520585.071501564
havven,Synthetix,2023-09-03,1.969626284048821,636024223.4198,20430061.92615023
havven,Synthetix,2023-09-04,1.998640415899881,644880826.3404565,35713638.60352986
havven,Synthetix,2023-09-05,2.185939812640488,706181568.8239993,108022344.60828424
havven,Synthetix,2023-09-06,2.2614771631193533,730055812.5771374,49740154.33428757
havven,Synthetix,2023-09-07,2.282845044746673,737071324.5183275,140132261.0591428
havven,Synthetix,2023-09-08,2.290092796732647,742012156.6032898,49339374.14700205
havven,Synthetix,2023-09-09,2.1710687631740035,700530224.9532123,35424594.854833774
havven,Synthetix,2023-09-10,2.174390098311689,702286725.6494207,31929225.294445064
havven,Synthetix,2023-09-11,2.1417392335730847,692495549.3580319,28184305.393759213
havven,Synthetix,2023-09-12,2.039611514216393,658980322.9201015,24185143.81626619
havven,Synthetix,2023-09-13,2.0365122599828918,656725055.7533259,30005201.820005175
havven,Synthetix,2023-09-14,2.086110211483867,675175849.3122932,33388947.363678314
havven,Synthetix,2023-09-15,2.1138916510345496,683887945.5267375,22551736.61156022
havven,Synthetix,2023-09-16,2.1826781106309783,705282381.8611275,20683376.165510498
havven,Synthetix,2023-09-17,2.1925070444752914,708227523.7159945,18767117.622772563
havven,Synthetix,2023-09-18,2.1327241440698974,687682640.1408385,17936687.21240386
havven,Synthetix,2023-09-19,2.1670087680312076,701757100.371743,25504901.00163137
havven,Synthetix,2023-09-20,2.1578624113157656,697687463.2800944,19703613.278408866
havven,Synthetix,2023-09-21,2.106169839621992,681356487.4375225,31222988.033118818
havven,Synthetix,2023-09-22,2.0521329705502622,665015907.8412219,21092488.72729123
havven,Synthetix,2023-09-23,2.1253638286179855,688919940.4412152,16074066.49961944
havven,Synthetix,2023-09-24,2.001710681452116,647835659.3671265,39713379.0429491
havven,Synthetix,2023-09-25,1.9520533285313004,630502904.1337218,25130070.320448015
havven,Synthetix,2023-09-26,1.987165865924074,642204573.5949665,20240383.0574923
havven,Synthetix,2023-09-27,1.9892363970200304,643611059.5722345,14412751.247213412
havven,Synthetix,2023-09-28,2.025631823098388,656070195.2844094,34034295.140496954
havven,Synthetix,2023-09-29,2.0681853620769663,670554473.9842615,30121079.710098032
havven,Synthetix,2023-09-30,2.060600981673593,668566645.7521298,27127907.322148554
havven,Synthetix,2023-10-01,2.0824633676608464,675089831.6551164,20116418.96314406
havven,Synthetix,2023-10-02,2.171684185998857,703945657.6116414,24918534.21356342
havven,Synthetix,2023-10-03,2.0693433809534683,670308933.5018009,29990818.90270955
havven,Synthetix,2023-10-04,2.037293727534223,660789723.0343306,30022640.380954567
havven,Synthetix,2023-10-05,2.0425324872236157,661842204.5795472,23294268.016780652
havven,Synthetix,2023-10-06,1.978560265968577,641631949.4115465,28020835.346318293
havven,Synthetix,2023-10-07,2.0336807430253896,659823485.870856,25971262.5396966
havven,Synthetix,2023-10-08,2.006084440851858,650642623.1913698,15446191.334856648
havven,Synthetix,2023-10-09,2.023982319249453,655670306.7528797,13502167.356470669
havven,Synthetix,2023-10-10,1.9255824981837006,624769952.7921358,24884477.736548685
havven,Synthetix,2023-10-11,1.9228092952461076,623560723.9127427,16096282.88547894
havven,Synthetix,2023-10-12,1.9247723083267898,624057801.2278638,17873119.998989575
havven,Synthetix,2023-10-13,1.8445633990772317,598990629.5360758,26649947.90148929
havven,Synthetix,2023-10-14,1.8731682205701108,608159438.0215685,17151702.588350754
havven,Synthetix,2023-10-15,1.8501382108799445,601924800.7146671,9692359.684987495
havven,Synthetix,2023-10-16,1.8696224924701925,608000074.8427432,14071893.590505293
havven,Synthetix,2023-10-17,1.9269541192541644,627613443.1536107,21616430.693904355
havven,Synthetix,2023-10-18,1.9306674214232036,627057857.700276,23318628.78229454
havven,Synthetix,2023-10-19,1.9073675150111271,620638021.7881634,21598375.99806048
havven,Synthetix,2023-10-20,1.9024474574317305,618282836.1147214,25282890.751719017
havven,Synthetix,2023-10-21,1.9715386361481122,641011813.7038823,20297267.778069157
havven,Synthetix,2023-10-22,2.0677938875985107,672129897.2795898,28531597.18341498
havven,Synthetix,2023-10-23,2.1215145524697014,684455785.3712295,27532512.148869347
havven,Synthetix,2023-10-24,2.229495436409602,721241439.1399827,47690606.9200732
havven,Synthetix,2023-10-25,2.2886535758501854,744553346.8155731,60791788.34578135
havven,Synthetix,2023-10-26,2.3535658420024137,764289548.0318756,51858116.427895695
havven,Synthetix,2023-10-27,2.3154251316313514,755111978.770889,57710062.15410814
havven,Synthetix,2023-10-28,2.288411023467133,746228684.425925,37015679.90421021
havven,Synthetix,2023-10-29,2.314563172410615,753201231.2468088,30640549.874926426
havven,Synthetix,2023-10-30,2.3275162568013115,756138710.7272079,28367052.67392479
havven,Synthetix,2023-10-31,2.3273415603063805,757156808.6769493,34757358.5655588
havven,Synthetix,2023-11-01,2.2637172439035687,736448648.8343085,42148692.130713224
havven,Synthetix,2023-11-02,2.3402131090915352,762632858.2471917,43836184.04677042
havven,Synthetix,2023-11-03,2.3409832840347256,763972628.041437,68225023.4007873
havven,Synthetix,2023-11-04,2.404388977011196,782694771.3748081,45660443.855345316
havven,Synthetix,2023-11-05,2.4260704707992042,792061576.1418753,34622480.76381162
havven,Synthetix,2023-11-06,2.4859995794967547,808640005.9929447,50203666.98601189
havven,Synthetix,2023-11-07,2.5805654145001604,839027071.891084,54308528.945331186
havven,Synthetix,2023-11-08,2.481392510296405,807671459.8201264,42588416.46986062
havven,Synthetix,2023-11-09,2.649626443183877,860592841.2641654,47460097.228424914
havven,Synthetix,2023-11-10,2.645018700038736,863072918.8767035,85150834.93639426
havven,Synthetix,2023-11-11,2.707588633399968,885081506.6977609,60737797.0190589
havven,Synthetix,2023-11-12,2.670186547898234,871355012.2082857,51029661.73511739
havven,Synthetix,2023-11-13,2.8759248824503807,935985362.7735566,74317020.51282382
havven,Synthetix,2023-11-14,2.572925198430816,843469844.6368484,75827720.18604608
havven,Synthetix,2023-11-15,2.601951075957788,849326981.8319287,64029416.23842839
havven,Synthetix,2023-11-16,3.0293977992014205,985650718.1953937,96474076.09199923
havven,Synthetix,2023-11-17,2.8895024067847075,942231460.1124623,181405026.73758614
havven,Synthetix,2023-11-18,2.944381459423865,963790989.5928589,124625450.93939008
havven,Synthetix,2023-11-19,2.970497660702138,966587889.5346051,70266594.50843121
havven,Synthetix,2023-11-20,3.415932943314671,1115436292.756135,129850304.92597328
havven,Synthetix,2023-11-21,3.4860063705997324,1139847321.958087,173776598.81734353
havven,Synthetix,2023-11-22,3.2446449990733472,1060772413.8176516,147212228.54207778
havven,Synthetix,2023-11-23,3.425963976487349,1119916149.9240744,206156683.00003606
havven,Synthetix,2023-11-24,3.3611178467229577,1097299577.4597597,86376598.02199255
havven,Synthetix,2023-11-25,3.5925079413801813,1171977707.0115745,94590689.33575426
havven,Synthetix,2023-11-26,3.636544268076245,1187812526.6270294,70827179.72706203
havven,Synthetix,2023-11-27,3.44397201179584,1125120631.5819929,61034919.13160209
havven,Synthetix,2023-11-28,3.2966393126336,1075760704.5690322,61806052.04788593
havven,Synthetix,2023-11-29,3.400227597152223,1108222322.4032176,61293936.66951588
havven,Synthetix,2023-11-30,3.3447532842232506,1096386660.1955369,57851385.8157046
havven,Synthetix,2023-12-01,3.305523233059117,1081163855.9085805,47155401.8290445
havven,Synthetix,2023-12-02,3.4223372725821504,1113795529.01226,49251818.723924674
havven,Synthetix,2023-12-03,3.6510677605478823,1194853289.0554874,78619989.4097394
havven,Synthetix,2023-12-04,3.815155597428202,1250803155.4942222,103411978.19435206
havven,Synthetix,2023-12-05,3.7318815677647255,1221845980.0477214,87011518.55903292
havven,Synthetix,2023-12-06,4.026071657759396,1306951621.514193,114922463.00697893
havven,Synthetix,2023-12-07,3.655237184877301,1198639946.1532168,87543701.32322174
havven,Synthetix,2023-12-08,3.7304606959255513,1222653716.6444182,86209674.96124181
havven,Synthetix,2023-12-09,3.8717965176703877,1267908788.733425,63191459.79128333
havven,Synthetix,2023-12-10,3.85902087997286,1262555295.932026,74383858.81827874
havven,Synthetix,2023-12-11,4.369792118142812,1431492641.990359,194632989.0937206
havven,Synthetix,2023-12-12,4.529592566041218,1485894533.9529767,277471675.16209084
havven,Synthetix,2023-12-13,4.21643570632896,1383678268.9578502,184219399.55307102
havven,Synthetix,2023-12-14,4.381463321143131,1435773286.7575076,143577452.40620542
havven,Synthetix,2023-12-15,4.3247680600441365,1417222983.0486035,100209850.1529493
havven,Synthetix,2023-12-16,4.012170221190617,1315480699.1087663,73210953.3608333
havven,Synthetix,2023-12-17,4.049235948257366,1323267174.4720674,55556427.28719629
havven,Synthetix,2023-12-18,3.7871564111966727,1238497559.8964903,52555800.10115022
havven,Synthetix,2023-12-19,3.6994386256494294,1212352575.0852485,90167557.22110564
havven,Synthetix,2023-12-20,3.594797111161302,1176211993.744927,57748039.388611466
havven,Synthetix,2023-12-21,3.719792167410565,1219531638.262025,59974793.04707801
havven,Synthetix,2023-12-22,3.8157759460741105,1250428873.9563086,58141270.419398166
havven,Synthetix,2023-12-23,4.201505429296762,1377344175.2068024,102029811.69940041
havven,Synthetix,2023-12-24,4.046977762221182,1329115423.8323214,72123464.55109039
havven,Synthetix,2023-12-25,4.09283535346815,1342972047.5946121,63925703.15281567
havven,Synthetix,2023-12-26,4.052499877473043,1332100226.7546651,61861215.60936595
havven,Synthetix,2023-12-27,3.8585699036850643,1263219956.386889,75634966.18001327
havven,Synthetix,2023-12-28,4.159428264678775,1363291369.6560078,86356380.69978544
havven,Synthetix,2023-12-29,4.064459143043813,1337382300.2988315,98745298.87335776
havven,Synthetix,2023-12-30,3.892542102985927,1273777377.9081452,62851070.77257742
havven,Synthetix,2023-12-31,3.8679016408524602,1268297238.3116348,34611672.54028749
havven,Synthetix,2024-01-01,3.8543400041429456,1264153871.3901792,55612102.31182309
havven,Synthetix,2024-01-02,4.082005008683987,1337913695.934805,38947843.84213846
havven,Synthetix,2024-01-03,3.8944114853755765,1271606444.7136955,50616900.4968867
havven,Synthetix,2024-01-04,3.487104459228172,1142389312.582757,94612223.50925553
havven,Synthetix,2024-01-05,3.618314812578057,1186201075.9096584,47450160.92737057
havven,Synthetix,2024-01-06,3.4269932138191046,1123780313.73778,71373671.77318147
havven,Synthetix,2024-01-07,3.460456068995415,1134321167.3354454,75719082.38999102
havven,Synthetix,2024-01-08,3.297621231706321,1078656054.5134454,36222803.10386889
havven,Synthetix,2024-01-09,3.3557697978307193,1101267089.5738113,70220602.83904174
havven,Synthetix,2024-01-10,3.326071037060128,1089780130.751959,56315955.044458896
havven,Synthetix,2024-01-11,3.873449017696561,1263151817.0963588,128679793.96707797
havven,Synthetix,2024-01-12,3.939210870858643,1294782674.437926,108926543.24799533
havven,Synthetix,2024-01-13,3.7423683083171944,1223347801.2953105,66879222.1967102
havven,Synthetix,2024-01-14,3.761577048656333,1232015607.022372,34241804.3321935
havven,Synthetix,2024-01-15,3.5422925875713203,1165775136.1758676,29558182.347285293
havven,Synthetix,2024-01-16,3.5477673764856226,1164090310.785613,32869469.111261863
havven,Synthetix,2024-01-17,3.627914274317922,1188315223.7422082,32221259.090336524
havven,Synthetix,2024-01-18,3.578785564302956,1173360893.42646,28078787.45650363
havven,Synthetix,2024-01-19,3.355995119750647,1100771476.0734854,32977655.982987657
havven,Synthetix,2024-01-20,3.3454745821462906,1096441424.3625162,31964396.450456213
havven,Synthetix,2024-01-21,3.3094736526769957,1084619344.6553206,23816682.166085683
havven,Synthetix,2024-01-22,3.2828042566300493,1076781398.414865,21079354.117510024
havven,Synthetix,2024-01-23,3.1982218561322298,1051093195.9941161,52728789.85397843
havven,Synthetix,2024-01-24,3.106389577047225,1015441864.9731534,44146131.98186441
havven,Synthetix,2024-01-25,3.201100494218412,1047373288.2770097,26326262.414684962
havven,Synthetix,2024-01-26,3.1230573831491513,1023938798.3620007,27249610.69348536
havven,Synthetix,2024-01-27,3.220243464099898,1055251888.0247719,27274590.24402378
havven,Synthetix,2024-01-28,3.2294347349355124,1058306991.5629449,19689421.190473773
havven,Synthetix,2024-01-29,3.1741533400601156,1040227607.6877598,21698955.180753313
havven,Synthetix,2024-01-30,3.2588680664590908,1068731027.2115235,25437307.8845759
havven,Synthetix,2024-01-31,3.212723372538785,1052382859.9033308,30306821.014569636
havven,Synthetix,2024-02-01,3.0551705105817475,1002362251.1025208,26235921.007442024
havven,Synthetix,2024-02-02,3.1451214555727276,1030962455.2927084,19954714.89704402
havven,Synthetix,2024-02-03,3.175741048866754,1040876688.5352837,18328444.76751585
havven,Synthetix,2024-02-04,3.1078385530659616,1018065230.69252,15859138.215479862
havven,Synthetix,2024-02-05,3.1002879654823774,1015739629.133661,21049954.760031953
havven,Synthetix,2024-02-06,3.074254542800663,1007513523.5650437,22712870.70330714
havven,Synthetix,2024-02-07,3.2162330374707975,1054512459.2125437,27918903.831383515
havven,Synthetix,2024-02-08,3.3464473379873954,1097666743.6774664,34178313.60436198
havven,Synthetix,2024-02-09,3.3506568589449817,1100072564.3177528,26871892.360006243
havven,Synthetix,2024-02-10,3.4876666430282173,1144169184.9702122,34446370.02046782
havven,Synthetix,2024-02-11,3.463441134293914,1136283733.154627,34586080.558418415
havven,Synthetix,2024-02-12,3.46909689843201,1136195502.6242769,22898400.528633926
havven,Synthetix,2024-02-13,3.6230620263163424,1186230120.0682476,40748063.52516451
havven,Synthetix,2024-02-14,3.620191298435948,1187397526.116578,41375331.73750816
havven,Synthetix,2024-02-15,3.658239711196177,1198806306.8382497,48483909.22458742
havven,Synthetix,2024-02-16,3.7259247506926876,1221067076.9407802,43902825.76183059
havven,Synthetix,2024-02-17,3.6395486103821892,1194243283.209276,38480885.40584778
havven,Synthetix,2024-02-18,3.6677918461154646,1202993111.6266503,24605569.95917826
havven,Synthetix,2024-02-19,3.7601961022190697,1232468004.156208,24045058.72808774
havven,Synthetix,2024-02-20,3.8144196487809388,1249786556.3678038,43192946.48138598
havven,Synthetix,2024-02-21,3.7010453906866125,1213871542.0417292,45182207.01111256
havven,Synthetix,2024-02-22,3.5351343714207366,1160818303.018284,36056328.68185157
havven,Synthetix,2024-02-23,3.5145392908210704,1151973061.8337529,31715698.47116409
havven,Synthetix,2024-02-24,3.660570535571477,1199922506.350134,87073813.1086063
havven,Synthetix,2024-02-25,4.01652142500023,1319786117.6772048,110310822.24478652
havven,Synthetix,2024-02-26,3.9300140231174154,1286741599.2306437,48620669.92175707
havven,Synthetix,2024-02-27,4.096344457509579,1343902474.90265,69892162.4728265
havven,Synthetix,2024-02-28,3.880825306292535,1273267612.8240702,58169777.98453562
havven,Synthetix,2024-02-29,3.9700076098245565,1300556059.430945,92691037.98552005
havven,Synthetix,2024-03-01,4.1751185311039185,1370444189.7029402,93738621.24505696
havven,Synthetix,2024-03-02,4.551805257236276,1492756560.6655283,91313102.54972585
havven,Synthetix,2024-03-03,4.620807949029491,1514408979.0144553,64359788.02434049
havven,Synthetix,2024-03-04,4.43652894405482,1451641287.202918,65651826.29819003
havven,Synthetix,2024-03-05,4.436613807708712,1451163388.3255746,79682403.55428568
havven,Synthetix,2024-03-06,4.042729735552454,1323301839.5882337,156099637.1287399
havven,Synthetix,2024-03-07,4.3980587356128416,1440201286.4381597,80506851.54578798
havven,Synthetix,2024-03-08,4.508913784080346,1480125407.0424309,71662298.97866686
havven,Synthetix,2024-03-09,4.302285079687125,1408589999.722038,59965832.33562758
havven,Synthetix,2024-03-10,4.349230544364778,1424587914.4612868,49343261.023878776
havven,Synthetix,2024-03-11,4.354285584579446,1426933027.3120368,59079664.612298
havven,Synthetix,2024-03-12,4.732382621281774,1553082417.791486,112367749.25801769
havven,Synthetix,2024-03-13,5.082451353119485,1665073108.175296,144856371.71081787
havven,Synthetix,2024-03-14,4.9449665395495,1619728492.6393073,118474178.98770118
havven,Synthetix,2024-03-15,4.745743927792135,1555452118.2155638,86308300.47116286
havven,Synthetix,2024-03-16,4.281069072957145,1404776991.0457706,116973506.3528715
havven,Synthetix,2024-03-17,3.9759255042355712,1302562231.1183941,69116728.24350783
havven,Synthetix,2024-03-18,4.109866152949491,1342726219.3919737,47298673.353363514
havven,Synthetix,2024-03-19,3.89139059359552,1275319542.7652395,51357859.67386164
havven,Synthetix,2024-03-20,3.555325471690507,1167423066.517834,66010914.60779235
havven,Synthetix,2024-03-21,3.9943138901483795,1308454011.6333413,68320072.00193201
havven,Synthetix,2024-03-22,4.371607176453813,1432708169.40225,108647339.32796995
havven,Synthetix,2024-03-23,4.272023611506631,1394485130.906059,80168295.2649165
havven,Synthetix,2024-03-24,4.428610919363655,1453361654.0035655,51759005.329322085
havven,Synthetix,2024-03-25,4.6035751408609675,1509869493.5706887,83511934.39690194
havven,Synthetix,2024-03-26,5.091597351338767,1663536869.0334766,114552322.88636814
havven,Synthetix,2024-03-27,4.938042835677825,1616427608.6470284,89239340.9323002
havven,Synthetix,2024-03-28,4.797294448417398,1567469928.1491106,93259460.53174093
havven,Synthetix,2024-03-29,5.0601941642357,1659273894.2171092,81297134.50805433
havven,Synthetix,2024-03-30,4.770823219065363,1563494614.336415,61418415.86484075
havven,Synthetix,2024-03-31,4.56503505932018,1495172081.3319025,42424242.47029744
havven,Synthetix,2024-04-01,4.659345879810261,1527300237.7927058,37997928.51266629
havven,Synthetix,2024-04-02,4.412199987541406,1447847990.6423943,66724165.40565791
havven,Synthetix,2024-04-03,4.0171002374884415,1319365282.7777264,67385181.1513666
havven,Synthetix,2024-04-04,3.982287803053234,1307076451.4487548,50928693.81890013
havven,Synthetix,2024-04-05,4.074050319575801,1334253906.2720091,38660696.63362228
havven,Synthetix,2024-04-06,3.913058727112343,1286549077.7057903,40268198.554833636
havven,Synthetix,2024-04-07,3.975681956535296,1304221649.6920059,23454437.88816044
havven,Synthetix,2024-04-08,4.003782197782408,1312975689.7550259,31318409.313815977
havven,Synthetix,2024-04-09,4.330343771968935,1419271283.6296463,50787494.40692117
havven,Synthetix,2024-04-10,4.003184617478273,1313263192.7853549,45913887.71969745
havven,Synthetix,2024-04-11,3.915809035192064,1283367887.213919,45870840.03333309
havven,Synthetix,2024-04-12,3.8692275289170532,1266397416.8938804,32915830.502653964
havven,Synthetix,2024-04-13,3.248913180552674,1066803185.4145331,85257989.86836481
havven,Synthetix,2024-04-14,2.807165608521242,923854562.6416936,105498128.25554243
havven,Synthetix,2024-04-15,2.9792854661368415,979313287.5686257,73118651.61410385
havven,Synthetix,2024-04-16,2.946071922844341,963391175.3868166,64660186.514029
havven,Synthetix,2024-04-17,2.884163391612021,945942764.2174678,44238650.94374689
havven,Synthetix,2024-04-18,2.7855693008336795,913066822.245274,40889580.063898526
havven,Synthetix,2024-04-19,2.862266624304795,937658517.093265,34119554.75049982
havven,Synthetix,2024-04-20,2.964413324534185,973402636.6377599,42284638.189289905
havven,Synthetix,2024-04-21,3.123057322700484,1022692109.4684048,26930791.816704374
havven,Synthetix,2024-04-22,3.05856501135117,1002629047.8042493,25961769.138357066
havven,Synthetix,2024-04-23,3.1472792550341757,1031859910.9743856,34742814.58417622
havven,Synthetix,2024-04-24,3.0147231143136475,987463146.7829535,34692908.91164729
havven,Synthetix,2024-04-25,2.8550440721713963,935425386.5803226,35180752.20582369
havven,Synthetix,2024-04-26,2.958175177816803,970390153.9432614,32511779.564817455
havven,Synthetix,2024-04-27,2.8774951123041532,942001718.5380337,26550334.26458144
havven,Synthetix,2024-04-28,2.948332290397632,966958407.9956359,28804175.446973268
havven,Synthetix,2024-04-29,2.9454192195508755,966190342.5438614,25656480.128852468
havven,Synthetix,2024-04-30,2.9048593754642957,952947902.1492018,29778365.312349338
havven,Synthetix,2024-05-01,2.6529577256760373,871771915.6423407,36140974.654495254
havven,Synthetix,2024-05-02,2.650935535082145,871999114.6824871,42178988.12631609
havven,Synthetix,2024-05-03,2.6581931702122326,871939200.9859405,31476656.68869265
havven,Synthetix,2024-05-04,2.8374621522525496,931353273.7458328,28437300.744604293
havven,Synthetix,2024-05-05,2.814850103936708,922050381.1399745,20177005.487192545
havven,Synthetix,2024-05-06,2.8420630055213687,930243086.8573284,22226189.452744786
havven,Synthetix,2024-05-07,2.7714618077655353,908372277.4948287,26742847.534967422
havven,Synthetix,2024-05-08,2.6244349922540353,862411283.7807411,27267910.16563386
havven,Synthetix,2024-05-09,2.5571198982921,837374989.7162508,30566366.364023507
havven,Synthetix,2024-05-10,2.657940430309502,870289795.829154,26061459.843881678
havven,Synthetix,2024-05-11,2.5820373146586886,847699200.5877784,29003382.102845713
havven,Synthetix,2024-05-12,2.55974355172942,839034318.0166165,18481285.785418205
havven,Synthetix,2024-05-13,2.53501921638671,830617277.6146504,16504663.073956244
havven,Synthetix,2024-05-14,2.4178501212134864,793204824.7967618,31411606.827101093
havven,Synthetix,2024-05-15,2.3444298276065934,768622618.3151559,26020955.34472552
havven,Synthetix,2024-05-16,2.56752600241882,843453831.1949692,30291606.91833544
havven,Synthetix,2024-05-17,2.554957869296722,837920847.8278867,23726119.702222105
havven,Synthetix,2024-05-18,2.6635515087451123,871770798.8779655,28912120.06147907
havven,Synthetix,2024-05-19,2.686835518499652,880402803.0773112,20091273.446315803
havven,Synthetix,2024-05-20,2.5660647237339287,839133831.1865013,17217833.932909645
havven,Synthetix,2024-05-21,2.933332751749284,960331275.2904291,39855317.32035625
havven,Synthetix,2024-05-22,2.9240049309579943,958466863.7897774,47845168.90982978
havven,Synthetix,2024-05-23,2.863710193673509,938278582.706482,31345969.471678298
havven,Synthetix,2024-05-24,2.867254466836209,940963757.384475,57980514.598293625
havven,Synthetix,2024-05-25,2.8864108061358396,945805295.1020625,28630024.146515656
havven,Synthetix,2024-05-26,2.933805374834017,959680953.1288841,26663394.44739954
havven,Synthetix,2024-05-27,3.022197838106281,995429257.9737021,27452711.774273243
havven,Synthetix,2024-05-28,3.120937517581109,1019945577.3517222,53315993.38571931
havven,Synthetix,2024-05-29,2.980184148216831,979665938.970797,37150185.7705903
havven,Synthetix,2024-05-30,2.8741658471497393,942534266.7732878,28701267.37428795
havven,Synthetix,2024-05-31,2.7784856243760956,910726553.7603297,31102349.330441512
havven,Synthetix,2024-06-01,2.8472485693041167,935026155.5825149,22641679.949552253
havven,Synthetix,2024-06-02,2.892755028467031,945024965.7540778,23641168.998927813
havven,Synthetix,2024-06-03,2.726267860772235,895082382.7366365,27667136.953784883
havven,Synthetix,2024-06-04,2.6194721356140023,857075849.1619798,38279921.4704729
havven,Synthetix,2024-06-05,2.752267159532271,900920523.449367,24823730.193170723
havven,Synthetix,2024-06-06,2.807586693645991,919074568.7148333,24820098.777775247
havven,Synthetix,2024-06-07,2.749450289944782,900069885.412891,19380160.988676205
havven,Synthetix,2024-06-08,2.5144786377299098,825035481.2054347,41769026.2622951
havven,Synthetix,2024-06-09,2.402121572995712,788135652.3550432,23506195.180614535
havven,Synthetix,2024-06-10,2.4322544186472266,796858103.2802459,17842350.837547448
havven,Synthetix,2024-06-11,2.3845918856888186,781150175.1640488,20793176.62602851
havven,Synthetix,2024-06-12,2.2362679008600628,733716819.0962481,34839778.927333266
havven,Synthetix,2024-06-13,2.3426475578771306,767325685.0298798,32810502.752707496
havven,Synthetix,2024-06-14,2.191015931376403,719741680.5628505,29213624.48704535
havven,Synthetix,2024-06-15,2.128046510995261,697273299.2359126,28559211.4548755
havven,Synthetix,2024-06-16,2.181487311829175,712724127.7767508,16869755.482857052
havven,Synthetix,2024-06-17,2.199021062238361,718679453.7016255,14947521.528064413
havven,Synthetix,2024-06-18,2.000357476791049,655832391.667395,29252522.93549352
havven,Synthetix,2024-06-19,1.9085529802425467,624917506.6487159,48613062.79539176
havven,Synthetix,2024-06-20,1.981796446214133,646403008.1418383,28345548.62058175
havven,Synthetix,2024-06-21,1.988942345510049,654209375.2437485,25764040.512601152
havven,Synthetix,2024-06-22,2.0061145670004468,657178652.9983561,23661245.86710384
havven,Synthetix,2024-06-23,1.9831920658451356,650247829.8935319,14680038.785390584
havven,Synthetix,2024-06-24,1.9543803122367944,641621469.1719632,17955650.567027293
havven,Synthetix,2024-06-25,2.0054306971926974,656198077.6576549,37806974.88127713
havven,Synthetix,2024-06-26,2.025521594188815,663438250.7424116,24768994.188065343
havven,Synthetix,2024-06-27,1.9928955012950604,653324410.5315634,22301538.241297245
havven,Synthetix,2024-06-28,2.0163598834597685,661046242.0667323,21520484.25480577
havven,Synthetix,2024-06-29,1.9601130980569679,641996550.6009864,28072821.378896356
havven,Synthetix,2024-06-30,1.9106194603792637,625831365.8594095,24144828.855284262
havven,Synthetix,2024-07-01,1.9890018122774433,649817182.6346607,20806092.356163878
havven,Synthetix,2024-07-02,1.9926874151518268,651253551.4571621,25045839.3189975
havven,Synthetix,2024-07-03,1.981361138505604,647739388.506836,17182065.63858005
havven,Synthetix,2024-07-04,1.8605887696668124,611500682.1678469,29343002.218930878
havven,Synthetix,2024-07-05,1.6464883535498858,541545446.8368696,38277101.00197907
havven,Synthetix,2024-07-06,1.5214710593179868,499014440.6495128,52269082.56571978
havven,Synthetix,2024-07-07,1.655104165847369,541865957.697764,21345207.19559827
havven,Synthetix,2024-07-08,1.5249736869392336,498289692.4542929,21414763.68518658
havven,Synthetix,2024-07-09,1.5979490947547064,523532606.19604796,32709467.11770584
havven,Synthetix,2024-07-10,1.6571644526790024,542727104.4346577,21802088.365432784
havven,Synthetix,2024-07-11,1.649951930007478,541100933.7624623,20590149.25098075
havven,Synthetix,2024-07-12,1.6207468077453873,531405715.7350209,23933240.11975622
havven,Synthetix,2024-07-13,1.6870341678483474,550520430.2589711,22939299.796182938
havven,Synthetix,2024-07-14,1.6926829592241817,555076979.2915528,17804181.861732192
havven,Synthetix,2024-07-15,1.8399596171769512,603003892.1415681,29130110.026871283
havven,Synthetix,2024-07-16,1.926292807098131,630370827.0006387,41709930.33910673
havven,Synthetix,2024-07-17,1.9029456192048724,623235502.7716223,37753489.81471196
havven,Synthetix,2024-07-18,1.9276233695596225,633427672.45439,28071024.788693372
havven,Synthetix,2024-07-19,1.9221047549575678,630082490.6535214,30319355.76500458
havven,Synthetix,2024-07-20,1.9642544763783902,644104062.6553534,25065011.396452878
havven,Synthetix,2024-07-21,1.8814630135991048,617210991.7179984,33611420.62663894
havven,Synthetix,2024-07-22,1.9154475669039692,627824709.2515203,31503314.773659427
havven,Synthetix,2024-07-23,1.821113827916566,597253393.9062321,28646201.70817075
havven,Synthetix,2024-07-24,1.7706776195906484,580198889.6658092,31415176.452510506
havven,Synthetix,2024-07-25,1.6803324383528941,551666605.0301405,20555123.449149713
havven,Synthetix,2024-07-26,1.652088378660455,541974574.2943509,30288436.85048909
havven,Synthetix,2024-07-27,1.741919042122385,570977589.5759907,24859412.290420547
havven,Synthetix,2024-07-28,1.7202283922714752,563679507.3732041,18300938.596897148
havven,Synthetix,2024-07-29,1.7411180287457413,570547950.0765482,23867883.836321972
havven,Synthetix,2024-07-30,1.799342294627481,590052817.5573996,26680492.117269393
havven,Synthetix,2024-07-31,1.7165601180562002,562904564.3544185,26801036.49214051
havven,Synthetix,2024-08-01,1.6490713916403636,540684555.5734807,31945366.936453253
havven,Synthetix,2024-08-02,1.6257858013649455,532980170.64463866,34585961.476859644
havven,Synthetix,2024-08-03,1.5116027244615027,494858781.26640004,32023891.10124651
havven,Synthetix,2024-08-04,1.4504336312786548,474736024.2659683,30508196.510254815
havven,Synthetix,2024-08-05,1.3518321362565373,443088932.61638004,30995674.32063313
havven,Synthetix,2024-08-06,1.2392991326980802,405236792.962051,86785691.77170114
havven,Synthetix,2024-08-07,1.2815819608651244,419842889.49797726,37600931.17838931
havven,Synthetix,2024-08-08,1.2044857973184748,394829566.7320738,33278294.720591564
havven,Synthetix,2024-08-09,1.3676348517897436,448300645.836316,25517777.702434316
havven,Synthetix,2024-08-10,1.309651324918239,428375584.91441745,25378627.48277309
havven,Synthetix,2024-08-11,1.3196047495224097,432827203.33740264,16466579.21770043
havven,Synthetix,2024-08-12,1.2227004318318537,400441581.88552177,19533758.247585576
havven,Synthetix,2024-08-13,1.3446907139228061,440736184.6711094,32523147.957062062
havven,Synthetix,2024-08-14,1.375998646054002,450859484.9427395,21010850.74333523
havven,Synthetix,2024-08-15,1.3383796286911855,438679615.0256241,31881712.494335826
havven,Synthetix,2024-08-16,1.3246890645761777,434163644.47388315,22504943.380441237
havven,Synthetix,2024-08-17,1.331515389988236,436183815.83827794,19745134.695987828
havven,Synthetix,2024-08-18,1.3855428803026593,454138276.09364265,19538717.297790043
havven,Synthetix,2024-08-19,1.3802319406551822,452754130.68984056,29769059.76089841
havven,Synthetix,2024-08-20,1.415426910505632,464359024.2211109,24775778.640973426
havven,Synthetix,2024-08-21,1.3976448981174554,458105632.9773645,28321761.192624263
havven,Synthetix,2024-08-22,1.5328182435463158,503003867.5516279,31598551.938337415
havven,Synthetix,2024-08-23,1.5074977488490542,494018503.39752537,26229156.830320463
havven,Synthetix,2024-08-24,1.6377594019915112,536807082.66070443,31949083.802351434
havven,Synthetix,2024-08-25,1.6543135438165528,541662748.3744069,41116183.07771358
havven,Synthetix,2024-08-26,1.588735243063779,520852221.6916316,28934624.89885722
havven,Synthetix,2024-08-27,1.5086776691203674,494654085.62209076,23967077.50269087
havven,Synthetix,2024-08-28,1.3856101446314344,454097429.79077715,27664851.50455224
havven,Synthetix,2024-08-29,1.364081330868106,447335957.98695433,30176300.2518596
havven,Synthetix,2024-08-30,1.3627429187790767,446765361.2878421,22276621.074369613
havven,Synthetix,2024-08-31,1.3733788076735898,450296085.08684266,21293407.985115677
havven,Synthetix,2024-09-01,1.3379147558143745,438527244.0164843,14717323.138763923
havven,Synthetix,2024-09-02,1.2635056536110214,414423145.93631685,17714170.158083897
havven,Synthetix,2024-09-03,1.3283437198846348,435219950.8196262,17661243.92746688
havven,Synthetix,2024-09-04,1.2820911344570942,420594293.54109794,15707406.601173904
havven,Synthetix,2024-09-05,1.3635166800516216,446990438.9460546,27240624.056263115
havven,Synthetix,2024-09-06,1.276140752499831,418658445.0121075,23809659.816863414
havven,Synthetix,2024-09-07,1.2383659253589725,406450045.67446095,28332595.76693213
havven,Synthetix,2024-09-08,1.2664364355276991,414723563.46147954,18490414.333403148
havven,Synthetix,2024-09-09,1.2888058235258228,422878191.880012,15800877.200359143
havven,Synthetix,2024-09-10,1.3490041908686512,443269550.9220455,22291232.592278507
havven,Synthetix,2024-09-11,1.404999983009075,460503164.4303816,22258024.620408356
havven,Synthetix,2024-09-12,1.3685199544634992,448558685.37539846,30153454.876871537
havven,Synthetix,2024-09-13,1.3847493837858469,453783594.01473236,18588351.540172987
havven,Synthetix,2024-09-14,1.4636401807371375,479905412.9045391,26325006.065705158
havven,Synthetix,2024-09-15,1.4385721379039795,471714036.218419,15935707.569593666
havven,Synthetix,2024-09-16,1.3683358068860696,448080851.2275788,18648504.4688302
havven,Synthetix,2024-09-17,1.3255927911219205,434488483.55437946,20780878.0095429
havven,Synthetix,2024-09-18,1.4168809058100829,464580761.62094134,20005029.31700347
havven,Synthetix,2024-09-19,1.443947526211625,471309919.2250996,26244949.083324753
havven,Synthetix,2024-09-20,1.492420556265558,489593200.8708494,31781022.56988293
havven,Synthetix,2024-09-21,1.5789464097168568,517457775.9913634,31115633.56199238
havven,Synthetix,2024-09-22,1.6186240922146793,531564249.2803511,27039051.347819608
havven,Synthetix,2024-09-23,1.5265612968099607,500345809.85485864,25664762.652182937
havven,Synthetix,2024-09-24,1.594079528305263,522401580.1566441,29282862.08533626
havven,Synthetix,2024-09-25,1.6819299731151374,551284835.250919,33569625.92566493
havven,Synthetix,2024-09-26,1.6570041282745236,542422539.1164589,36149796.68042173
havven,Synthetix,2024-09-27,1.690379097647525,554058205.8552914,33309895.0832365
havven,Synthetix,2024-09-28,1.7211843802629267,563730934.8992906,32685486.399206027
havven,Synthetix,2024-09-29,1.6968542758077343,556176561.9474144,24255276.00552854
havven,Synthetix,2024-09-30,1.6771422492650487,549615460.6098366,21897702.349446274
havven,Synthetix,2024-10-01,1.5775025417102615,516993526.46684414,26074350.42099525
havven,Synthetix,2024-10-02,1.417953791484602,465089189.2984275,43564264.09285667
havven,Synthetix,2024-10-03,1.3412144182015868,439608771.704673,28853384.42547215
havven,Synthetix,2024-10-04,1.336037044074972,438081917.7205825,24775155.186876826
havven,Synthetix,2024-10-05,1.3910177600741342,455808600.3048197,23264178.794225693
havven,Synthetix,2024-10-06,1.3871560270240157,454700623.85641015,18486104.720880687
havven,Synthetix,2024-10-07,1.4286485804198112,468319177.1094433,16919317.36098037
havven,Synthetix,2024-10-08,1.4604934835147612,480937958.2595196,24487579.250711087
havven,Synthetix,2024-10-09,1.4070651744649847,461331990.7371592,22424077.20913997
havven,Synthetix,2024-10-10,1.3634676370957477,447115452.9505611,22579484.13805088
havven,Synthetix,2024-10-11,1.4116316067201804,462512375.346515,22629018.165510613
havven,Synthetix,2024-10-12,1.4535855846220131,476440578.5915566,17249697.76367759
havven,Synthetix,2024-10-13,1.477888041342114,484431954.1304467,16357481.736771476
havven,Synthetix,2024-10-14,1.4512314776598936,475802401.4646329,18394842.340012822
havven,Synthetix,2024-10-15,1.5496448819589421,508030510.9921326,32574148.964886602
havven,Synthetix,2024-10-16,1.4953916174474122,490209688.2788677,34535216.87344583
havven,Synthetix,2024-10-17,1.4699830723429719,481184814.9950229,22870058.51806778
havven,Synthetix,2024-10-18,1.4343828884917496,469344109.1201503,19610520.650762644
havven,Synthetix,2024-10-19,1.4501836275245865,475231249.4963756,18692260.283945657
havven,Synthetix,2024-10-20,1.4572944483147752,477485440.6320024,16498508.266680684
havven,Synthetix,2024-10-21,1.6135944041216472,528886540.7341858,46792035.64051578
havven,Synthetix,2024-10-22,1.525597648367535,500283105.99504316,34095179.10848253
havven,Synthetix,2024-10-23,1.5272796200292857,500631073.8275424,26418886.64210841
havven,Synthetix,2024-10-24,1.455647155526914,477166206.9189995,25476624.580723822
havven,Synthetix,2024-10-25,1.507688693969867,493279283.8092441,26054146.299545094
havven,Synthetix,2024-10-26,1.3899946028891044,454659885.70829684,33202381.686596148
havven,Synthetix,2024-10-27,1.4017353423985142,459525349.29772985,23497691.144248392
havven,Synthetix,2024-10-28,1.410579631042709,462734189.21405816,15142111.602850698
havven,Synthetix,2024-10-29,1.3929514556436813,456546102.0614439,26279129.216431983
havven,Synthetix,2024-10-30,1.4943662043049768,489431427.20114213,37605981.71026616
havven,Synthetix,2024-10-31,1.4836795767531497,486809079.5036011,27802998.348165646
havven,Synthetix,2024-11-01,1.3856009032929075,454565716.9331025,22948986.961246625
havven,Synthetix,2024-11-02,1.3829071520886063,453228488.95784426,21493813.44222657
havven,Synthetix,2024-11-03,1.3494192191534966,442136672.37515926,16812118.701868977
havven,Synthetix,2024-11-04,1.2829895658972497,421045959.5969736,27103775.015591543
havven,Synthetix,2024-11-05,1.2579059491285978,412300204.9808322,24360276.16966551
havven,Synthetix,2024-11-06,1.2950478158327166,424485195.2607602,21829793.172137428
havven,Synthetix,2024-11-07,1.4848010711912205,486731586.72337484,55017328.716881216
havven,Synthetix,2024-11-08,1.4958018244056033,490481081.97093165,43676915.332182564
havven,Synthetix,2024-11-09,1.5692671027197493,514391214.8748957,53372040.87060632
havven,Synthetix,2024-11-10,1.6188047020612164,531930945.8379145,51697986.74248414
havven,Synthetix,2024-11-11,1.6428145303468629,538107996.4971176,112646995.00698538
havven,Synthetix,2024-11-12,1.7258392990987066,566507760.6470529,100554651.42903425
havven,Synthetix,2024-11-13,1.6150384127670394,528755759.5602985,93429780.12681732
havven,Synthetix,2024-11-14,1.52056835589496,499083243.71622545,70427788.28745353
havven,Synthetix,2024-11-15,1.491123490141249,487184662.34169143,56770257.56438311
havven,Synthetix,2024-11-16,1.5490736271529897,507834681.9570344,45662464.33682848
havven,Synthetix,2024-11-17,1.6906892035064305,553725511.0077826,59208798.95753176
havven,Synthetix,2024-11-18,1.6150869076642946,529602537.281797,57899148.33798687
havven,Synthetix,2024-11-19,1.803146869061333,590772935.0426148,137055640.34173384
havven,Synthetix,2024-11-20,1.7638349823269783,578219915.7906408,53199337.74005003
havven,Synthetix,2024-11-21,1.6687417010878376,546923565.0415769,49173102.74233824
havven,Synthetix,2024-11-22,1.8517711113832855,606762560.6482975,79339761.72994033
havven,Synthetix,2024-11-23,1.893017015432013,620283911.7464316,69626105.24661592
havven,Synthetix,2024-11-24,2.100904029398705,688187583.9871988,157317592.05471802
havven,Synthetix,2024-11-25,2.129610146538081,698047398.7529151,128261244.56083141
havven,Synthetix,2024-11-26,2.231631990798777,731616675.625954,180653382.18745002
havven,Synthetix,2024-11-27,2.206684086863396,723313006.2889225,80391895.34419756
havven,Synthetix,2024-11-28,2.4096035452489315,789409323.0058806,127411069.55975597
havven,Synthetix,2024-11-29,2.376943291089314,778118803.961719,98146497.76581702
havven,Synthetix,2024-11-30,2.3859989050338015,782167375.6061321,57695799.42240244
havven,Synthetix,2024-12-01,2.6313164951535932,862465215.6248041,98157271.85018645
havven,Synthetix,2024-12-02,2.528044756797231,829227701.0132437,88995555.16270095
havven,Synthetix,2024-12-03,2.7384751658761415,897449400.0624379,145515999.76468036
havven,Synthetix,2024-12-04,2.968241673111155,973085557.8070934,173895850.2870009
havven,Synthetix,2024-12-05,3.026508729444766,991614192.7002808,170426634.8249576
havven,Synthetix,2024-12-06,2.9366910911315003,962901632.4492868,154491725.6619297
havven,Synthetix,2024-12-07,3.2602828236855035,1098242613.7550094,161971692.3425311
havven,Synthetix,2024-12-08,3.183410568911483,1072670140.3967723,100994292.76038477
havven,Synthetix,2024-12-09,3.400812237958902,1143937238.7545738,201190642.7007103
havven,Synthetix,2024-12-10,2.77421099595088,934939599.8688998,169932907.31897318
havven,Synthetix,2024-12-11,2.70479970261503,910852910.6960664,176816954.69177774
havven,Synthetix,2024-12-12,2.9365206985831462,989116080.6223491,116233699.57423559
havven,Synthetix,2024-12-13,3.1412783506205284,1056670853.2170806,142749615.815136
havven,Synthetix,2024-12-14,3.0994144128163987,1051459326.838396,90337612.74707182
havven,Synthetix,2024-12-15,2.8760151322961494,974763916.8143348,98714849.07105066
havven,Synthetix,2024-12-16,2.965899777544927,1008378933.1446637,79734937.08544762
havven,Synthetix,2024-12-17,2.874165497915109,976105093.9292526,106011889.40690643
havven,Synthetix,2024-12-18,2.6666426544180557,904515345.7977208,71401367.53826755
havven,Synthetix,2024-12-19,2.3843515211389,808597376.6590745,94416803.13188659
havven,Synthetix,2024-12-20,2.1536142992913416,732667201.3561482,97262886.40808317
havven,Synthetix,2024-12-21,2.1966520506802647,744612070.1148398,100032714.00520293
havven,Synthetix,2024-12-22,1.966689267926757,665714560.577468,79241242.7944406
havven,Synthetix,2024-12-23,1.9711873266478666,669567268.9834203,48962332.29722623
havven,Synthetix,2024-12-24,2.0993661971914466,712919919.3578242,59266916.00212177
havven,Synthetix,2024-12-25,2.2305460296309563,756795841.081004,83557522.39490494
havven,Synthetix,2024-12-26,2.203043263060997,747197952.1521294,50822118.154275954
havven,Synthetix,2024-12-27,2.0247679964712315,687272145.9941976,43063774.03055695
havven,Synthetix,2024-12-28,2.061659436710412,699124265.6147214,43505466.155079916
havven,Synthetix,2024-12-29,2.122103576716169,720610950.1644248,28294955.51600706
havven,Synthetix,2024-12-30,2.0063212800558925,680445912.4427211,22771861.081375677
havven,Synthetix,2024-12-31,1.9807271828478499,671973066.2076609,42283550.11753647
havven,Synthetix,2025-01-01,1.9150200517434082,650253452.7934897,31129372.16630901
havven,Synthetix,2025-01-02,2.0045102631919525,680487579.9721247,24695653.38004745
havven,Synthetix,2025-01-03,2.06812593065275,701939257.5287538,39409161.37937059
havven,Synthetix,2025-01-04,2.1890293519437956,743380534.6421082,47220813.13305999
havven,Synthetix,2025-01-05,2.218563848518409,753654171.9709456,37053703.78871609
havven,Synthetix,2025-01-06,2.1846997171579696,742347991.4183576,32487015.12282391
havven,Synthetix,2025-01-07,2.1982028212094,745399493.5872564,41947196.53951263
havven,Synthetix,2025-01-08,1.9348228024843637,657120477.7341667,45655642.66104879
havven,Synthetix,2025-01-09,1.855920942403649,630664768.6910534,42200278.7009988
havven,Synthetix,2025-01-10,1.7830054284911494,605323506.9898536,31965886.316712864
havven,Synthetix,2025-01-11,1.8286883681894994,621012063.6124103,38104213.52880362
havven,Synthetix,2025-01-12,1.8222874609907593,618722443.1439229,18194885.57509363
havven,Synthetix,2025-01-13,1.784063245548732,605127316.6853288,18832531.867404792
havven,Synthetix,2025-01-14,1.6846161846934857,571786705.432805,39423987.31039935
havven,Synthetix,2025-01-15,1.78296456026709,605037471.3999157,25621164.754835814
havven,Synthetix,2025-01-16,1.9108947994741399,648039506.0544991,34037105.087843664
havven,Synthetix,2025-01-17,1.851194342328565,628164210.6795137,34393508.85977769
havven,Synthetix,2025-01-18,1.9838532731028478,673521322.0319426,44119614.85309464
havven,Synthetix,2025-01-19,1.813301894020234,615496131.1139364,38184447.89387747
havven,Synthetix,2025-01-20,1.617244344203839,551035133.8940665,59645071.332653105
havven,Synthetix,2025-01-21,1.6153454618821195,548718388.8440933,67846665.86714053
havven,Synthetix,2025-01-22,1.7249204439811774,584904831.6306794,45877997.23286625
havven,Synthetix,2025-01-23,1.6429763143814977,558483686.8778273,31614229.267920393
havven,Synthetix,2025-01-24,1.613574803471072,547807772.6232151,42164338.515269734
havven,Synthetix,2025-01-25,1.5683840352570537,532114432.28189826,35464420.74469602
havven,Synthetix,2025-01-26,1.586053741828187,538908527.4803394,35837168.49529074
havven,Synthetix,2025-01-27,1.551678978280814,528079062.5886863,27602124.960269723
havven,Synthetix,2025-01-28,1.487444352017025,504943553.8984829,52916936.19380234
havven,Synthetix,2025-01-29,1.4208328812302,482129612.0314512,43172835.125305526
havven,Synthetix,2025-01-30,1.50963825752787,514180112.49007237,44258904.979788564
havven,Synthetix,2025-01-31,1.5677992016865727,532983114.5061833,43477026.402035534
havven,Synthetix,2025-02-01,1.6054219243791847,544564610.1595329,41528640.99131928
havven,Synthetix,2025-02-02,1.4513752164032376,492872342.12627006,26380163.766312163
havven,Synthetix,2025-02-03,1.2574497887294889,426196062.1688948,57835252.372703224
havven,Synthetix,2025-02-04,1.2606080393516925,427717780.6238147,108212899.56649984
havven,Synthetix,2025-02-05,1.1031446457598724,373855874.7947859,86935991.47319983
havven,Synthetix,2025-02-06,1.0530407045171675,357471744.2993469,41290481.32647254
havven,Synthetix,2025-02-07,0.9711660481593669,328706997.0572298,46385251.10277561
havven,Synthetix,2025-02-08,0.9651573715665918,327656709.8665646,45373915.321785495
havven,Synthetix,2025-02-09,0.9729799897324776,330175541.125809,41386877.1047518
havven,Synthetix,2025-02-10,0.9673523301161375,327811973.6622538,32478461.21745788
havven,Synthetix,2025-02-11,1.0147874895379805,344409471.39802,39684848.15179225
havven,Synthetix,2025-02-12,0.959468502966938,326528015.4278977,42914271.239910595
havven,Synthetix,2025-02-13,1.0390197689523912,352106234.0697216,55285096.37791048
havven,Synthetix,2025-02-14,1.040325130993508,353415072.5432456,46324849.155960806
havven,Synthetix,2025-02-15,1.029072079608332,349237094.45968705,71717359.62000337
havven,Synthetix,2025-02-16,0.9868444138584009,335041636.53877246,27945641.768594824
havven,Synthetix,2025-02-17,0.9803418806683334,332701964.0168504,28081525.156523194
havven,Synthetix,2025-02-18,1.0105959433142455,342898754.2899204,34030663.76731381
havven,Synthetix,2025-02-19,0.9619506331725799,326460298.2161238,45534404.545564145
havven,Synthetix,2025-02-20,0.949715087302971,322337105.0144609,53711078.08004851
havven,Synthetix,2025-02-21,1.0007207209363482,339921324.5641727,31484778.516328715
havven,Synthetix,2025-02-22,0.9582462400035462,325949750.36949724,42879354.605259426
havven,Synthetix,2025-02-23,1.0253609906145968,347992641.71673226,25808994.970848493
havven,Synthetix,2025-02-24,1.0077244331838702,342104850.370172,26474526.003399123
havven,Synthetix,2025-02-25,0.8792865661869349,298847416.52727985,48630277.103949234
havven,Synthetix,2025-02-26,0.8999619020446566,305621211.859627,53961628.25842506
havven,Synthetix,2025-02-27,0.868491241455194,294803896.66874486,34771298.643132195
havven,Synthetix,2025-02-28,0.9011051673798159,305757204.76176274,30365657.210852955
havven,Synthetix,2025-03-01,0.9102688061678119,308986085.5816238,38255397.63409419
havven,Synthetix,2025-03-02,0.8895273227096707,301708939.49574196,21843850.544257823
havven,Synthetix,2025-03-03,1.0090279435503329,342741367.5935087,39285606.02294442
havven,Synthetix,2025-03-04,0.8939542834706704,303473780.2298695,38603737.097798154
havven,Synthetix,2025-03-05,0.9355578998546292,317662573.6052798,45857091.17529736
havven,Synthetix,2025-03-06,0.9391628501958231,318922614.3538569,29319888.69379603
havven,Synthetix,2025-03-07,0.8904318913342465,301885751.35349536,23918993.916819934
havven,Synthetix,2025-03-08,0.9170525720852043,311458417.9649198,31220224.64094102
havven,Synthetix,2025-03-09,0.8880742313379922,301391422.3508813,17984760.50938452
havven,Synthetix,2025-03-10,0.8136210319991783,275505756.41111875,20965321.612692405
havven,Synthetix,2025-03-11,0.7855240969541266,266708787.50823522,33941210.66514488
havven,Synthetix,2025-03-12,0.803858564926625,272914171.1052718,30227285.253841713
havven,Synthetix,2025-03-13,0.8256133777766586,279803488.880045,28703990.12816199
havven,Synthetix,2025-03-14,0.8022636913139428,272328156.504461,20766742.081909765
havven,Synthetix,2025-03-15,0.8287104047855968,281318493.8625857,23146394.30667761
havven,Synthetix,2025-03-16,0.8572530188212667,290877929.3555034,20226476.62193513
havven,Synthetix,2025-03-17,0.8108243303856532,275093181.04184455,13317018.144881735
havven,Synthetix,2025-03-18,0.8710254599138306,295604133.6870236,18508976.74002274
havven,Synthetix,2025-03-19,0.8416215350996568,285705167.9846697,19899643.93041335
havven,Synthetix,2025-03-20,0.8914615157631878,302357845.9383958,25163458.460586373
havven,Synthetix,2025-03-21,0.8722644405563603,296158163.91481113,18519039.579866454
havven,Synthetix,2025-03-22,0.8454350390037794,286827003.22250915,19608889.29356413
havven,Synthetix,2025-03-23,0.8640637995984385,293404995.42219836,18422211.53619865
havven,Synthetix,2025-03-24,0.8887940398835507,301924520.4622611,20419636.889798276
havven,Synthetix,2025-03-25,0.9218197172432732,312130324.89534414,29583676.740979105
havven,Synthetix,2025-03-26,0.9295212546948125,315464937.02910775,21824872.216820963
havven,Synthetix,2025-03-27,0.9039848214898061,306857446.8437608,42646328.988313764
havven,Synthetix,2025-03-28,0.9046099587947701,306881965.7182399,22140163.399843358
havven,Synthetix,2025-03-29,0.8299080685612429,281727952.01152426,22945522.36562259
havven,Synthetix,2025-03-30,0.775494358360043,262980834.18571594,21946923.856238283
havven,Synthetix,2025-03-31,0.774266665309935,262786818.46816972,14324980.117851965
havven,Synthetix,2025-04-01,0.762755884839394,258817695.20866725,22268275.370199498
havven,Synthetix,2025-04-02,0.7113503350003204,241589069.8865153,41104564.78187771
havven,Synthetix,2025-04-03,0.6523652287927941,221458979.8903593,34980241.55755954
havven,Synthetix,2025-04-04,0.6512104234692032,222095700.59842342,26696871.37026904
havven,Synthetix,2025-04-05,0.6596838229885728,224062046.13717216,22137804.273984592
havven,Synthetix,2025-04-06,0.6780393087941219,229943511.85410565,20971334.59877606
havven,Synthetix,2025-04-07,0.6093938988442481,206722921.07431948,22463064.60661241
havven,Synthetix,2025-04-08,0.6150563078975905,209022726.9791103,44167022.57129928
havven,Synthetix,2025-04-09,0.5814926334740205,197089373.2495135,25510651.45154515
havven,Synthetix,2025-04-10,0.6531894236402261,221816662.98173493,31133912.074081864
havven,Synthetix,2025-04-11,0.623573549346029,211904145.3028873,30323190.928913563
havven,Synthetix,2025-04-12,0.6465558557956016,219294284.77690363,20536399.521398313
havven,Synthetix,2025-04-13,0.6732680501235833,228492941.54667723,13984790.815191433
havven,Synthetix,2025-04-14,0.6306007166444251,213577900.43622613,19163823.384024143
havven,Synthetix,2025-04-15,0.6437839550299561,218396664.12159887,22459261.151164353
havven,Synthetix,2025-04-16,0.6286225229138942,213329447.11423096,24118898.00927523
havven,Synthetix,2025-04-17,0.6151369521621736,208843830.30299464,31939352.822862558
havven,Synthetix,2025-04-18,0.6191828272792779,210369133.6633821,27787309.77079484
havven,Synthetix,2025-04-19,0.6208222012711604,210614476.5206686,16809528.526950542
havven,Synthetix,2025-04-20,0.6442320530101822,218664626.66828108,18299540.97714729
havven,Synthetix,2025-04-21,0.6475646417951341,219730186.79189035,17441950.067841258
havven,Synthetix,2025-04-22,0.6627937773612985,224392044.87993872,29984364.99290566
havven,Synthetix,2025-04-23,0.7181003736656749,243773888.58036575,34669676.59320281
havven,Synthetix,2025-04-24,0.7335140536317707,249017968.01756358,29065421.774187334
havven,Synthetix,2025-04-25,0.7484025652932231,254050428.84298953,58206236.564855285
havven,Synthetix,2025-04-26,0.7636890774300592,259353405.1052657,25587845.833582375
havven,Synthetix,2025-04-27,0.774246939435885,262809524.58135244,22393178.37750984
havven,Synthetix,2025-04-28,0.7298943666236878,247774479.44034642,17447645.78424443
havven,Synthetix,2025-04-29,0.7360306988790485,249664388.24097118,30868028.292179126
havven,Synthetix,2025-04-30,0.706448660872164,239622676.87301472,22179511.928829607
havven,Synthetix,2025-05-01,0.7113078997771318,241438657.41530684,16929745.481212728
havven,Synthetix,2025-05-02,0.7205308950367728,244520546.04726532,17170840.088162072
havven,Synthetix,2025-05-03,0.7216292628924924,244968017.28427568,16489586.193313133
havven,Synthetix,2025-05-04,0.6741965314630353,229068833.43177578,14447356.80020562
havven,Synthetix,2025-05-05,0.6566976435324157,222175095.26709852,15978630.918388933
havven,Synthetix,2025-05-06,0.6459036191733921,219260095.57248867,25693542.95260522
havven,Synthetix,2025-05-07,0.6420795733752885,218017473.85121453,22500991.418703984
havven,Synthetix,2025-05-08,0.6479623245797869,219908621.89363742,18911108.74475309
havven,Synthetix,2025-05-09,0.7513878728760284,255062580.2658024,28299368.427502237
havven,Synthetix,2025-05-10,0.8068870192461831,273847529.0945418,33716326.557098925
havven,Synthetix,2025-05-11,0.9102034045482222,308879355.60140777,33092940.883447245
havven,Synthetix,2025-05-12,0.865631660206445,293949768.5387994,42465546.062911354
havven,Synthetix,2025-05-13,0.876807279349527,297639574.6782097,41118038.126562476
havven,Synthetix,2025-05-14,0.9263332618183585,314459409.5161156,32286943.449873738
havven,Synthetix,2025-05-15,0.8836539802232222,300484172.4846567,42850061.22059963
havven,Synthetix,2025-05-16,0.8225851119998031,279176686.2524211,33164997.018309873
havven,Synthetix,2025-05-17,0.7863555210542287,266942542.18312338,21387769.739579346
havven,Synthetix,2025-05-18,0.7840936551648527,266173306.88498673,18470256.66253179
havven,Synthetix,2025-05-19,0.8062766146592312,273618441.0330547,21222026.60931576
havven,Synthetix,2025-05-20,0.7925940152860267,269005934.31038994,18519857.556401785
havven,Synthetix,2025-05-21,0.816128642493591,277168128.358764,26811151.067424178
havven,Synthetix,2025-05-22,0.8222080903637307,279156777.2834688,24182795.998621672
havven,Synthetix,2025-05-23,0.8589446214697697,291516589.3368766,28663833.52417483
havven,Synthetix,2025-05-24,0.7747171287868501,263310622.3900316,23631410.67277656
havven,Synthetix,2025-05-25,0.7799171071573848,264777970.28657335,12618691.794894863
havven,Synthetix,2025-05-26,0.761801968305478,258605452.80314738,14249638.242005656
havven,Synthetix,2025-05-27,0.7665971496385482,260111867.1244397,12987998.221312135
havven,Synthetix,2025-05-28,0.7761935236724927,263491397.40024775,13726471.082466658
havven,Synthetix,2025-05-29,0.775202995008639,263144514.8282881,17859316.876229517
havven,Synthetix,2025-05-30,0.7426751000799738,255102973.96050754,18820069.23188518
havven,Synthetix,2025-05-31,0.6620067397774486,227321673.0376268,25852915.463322997
havven,Synthetix,2025-06-01,0.6777360807368603,232711018.80275056,19982495.452048633
havven,Synthetix,2025-06-02,0.6917326266568348,237604151.90546447,12718665.028277092
havven,Synthetix,2025-06-03,0.7029507306891619,241327247.2530855,11786084.77680727
havven,Synthetix,2025-06-04,0.6992436181421771,240223745.54790357,18567147.483081408
havven,Synthetix,2025-06-05,0.6694747967700413,229910692.42636806,20557263.649354078
havven,Synthetix,2025-06-06,0.6423810819743945,220636200.0970835,16140780.969588123
havven,Synthetix,2025-06-07,0.632997442045683,217408845.8937364,14121284.49804342
havven,Synthetix,2025-06-08,0.6600015090118266,226695639.00996968,11105954.513990672
havven,Synthetix,2025-06-09,0.658736527721473,226476938.7480171,11649276.175742881
havven,Synthetix,2025-06-10,0.6831540506586183,234693892.09642273,18555495.686317973
havven,Synthetix,2025-06-11,0.7397160035407755,254254023.56588852,28282707.022100993
havven,Synthetix,2025-06-12,0.6995696219006141,240210972.80125684,22787908.098682027
havven,Synthetix,2025-06-13,0.6483980410630348,222773247.24347588,14191146.812004391
havven,Synthetix,2025-06-14,0.6176137632470722,212254249.65018055,21926712.70126237
havven,Synthetix,2025-06-15,0.6163091077235497,211805044.517796,8938912.779229762
havven,Synthetix,2025-06-16,0.6118249747045775,210128935.02197847,10010626.643716995
havven,Synthetix,2025-06-17,0.6172720794152267,212486839.96924898,13572663.942803854
havven,Synthetix,2025-06-18,0.587186008795498,201793922.79434034,13735148.413529225
havven,Synthetix,2025-06-19,0.5883983159302678,202109962.19163594,12502260.182530575
havven,Synthetix,2025-06-20,0.5947328299184638,204155809.78455156,9623224.885997027
havven,Synthetix,2025-06-21,0.560690668856338,192591160.2350176,13171382.385823812
havven,Synthetix,2025-06-22,0.5187509204298683,177259693.71573445,13596611.16341705
havven,Synthetix,2025-06-23,0.5068862328972811,174025854.05856863,15252264.918755079
havven,Synthetix,2025-06-24,0.559332154017977,192074403.59051186,14662203.524743786
havven,Synthetix,2025-06-25,0.5863126355149394,201378525.139477,30122238.10399739
havven,Synthetix,2025-06-26,0.5809155003254158,199423274.78451878,17988685.889851514
havven,Synthetix,2025-06-27,0.5653486749111918,194182836.5156526,26414794.45796027
havven,Synthetix,2025-06-28,0.5784323345834257,198671965.74892125,17282226.39938949
havven,Synthetix,2025-06-29,0.5903868495317551,202785067.8314978,8800883.144399203
havven,Synthetix,2025-06-30,0.6138363366426013,210790840.42310783,9792966.050044764
havven,Synthetix,2025-07-01,0.5830560103376776,200333672.66045675,12972978.903885705
havven,Synthetix,2025-07-02,0.5534693922338852,190090788.79836392,10672250.639709506
havven,Synthetix,2025-07-03,0.5945330305958079,204152776.59291324,11747622.135355245
havven,Synthetix,2025-07-04,0.5958340487758463,204636927.21713498,10802053.68649711
havven,Synthetix,2025-07-05,0.5567841413696235,191271007.04919964,9473068.359888589
havven,Synthetix,2025-07-06,0.5605607268219565,192526914.10832936,7030201.74628464
havven,Synthetix,2025-07-07,0.5652205482349816,193938153.4009962,8763040.81878986
havven,Synthetix,2025-07-08,0.5542956854062562,190388897.44499972,10139403.678712422
havven,Synthetix,2025-07-09,0.5715887446727662,196277761.5470699,8706154.440545388
havven,Synthetix,2025-07-10,0.6050714143213443,207841387.5170598,12381474.725501038
havven,Synthetix,2025-07-11,0.6473923189325844,222161447.61887896,14910148.030231504
havven,Synthetix,2025-07-12,0.6541109057420976,224665008.63097614,22132870.45202756
havven,Synthetix,2025-07-13,0.6406305047436397,219874510.4773142,12930574.430842923
havven,Synthetix,2025-07-14,0.6514731877530353,223626032.64397877,13420166.892949415
havven,Synthetix,2025-07-15,0.6392088974450584,219542218.11718905,15071855.548874129
havven,Synthetix,2025-07-16,0.6605693048976203,227102149.70828587,18106071.60644296
havven,Synthetix,2025-07-17,0.6764451833103592,232206588.97498024,18992881.845127057
havven,Synthetix,2025-07-18,0.6845877385734945,235356154.86456427,22167201.27210893
havven,Synthetix,2025-07-19,0.705447779779478,242293292.69788396,40783774.34277083
havven,Synthetix,2025-07-20,0.7256544911439178,249031492.14669624,25301620.458375413
havven,Synthetix,2025-07-21,0.746592427325919,256551857.95482162,35025232.473908104
havven,Synthetix,2025-07-22,0.7565654690317131,260086176.48196822,25959202.442924734
havven,Synthetix,2025-07-23,0.736902224027152,252948111.70461053,23089303.432316642
havven,Synthetix,2025-07-24,0.6604421026083074,226847836.5185805,21827072.393607948
havven,Synthetix,2025-07-25,0.6368384929783117,218900855.9728621,20796267.188323237
havven,Synthetix,2025-07-26,0.6479843158527001,222277739.39903355,22971399.535150766
havven,Synthetix,2025-07-27,0.6493994177124365,223209270.308481,11110502.23174297
havven,Synthetix,2025-07-28,0.6775122930770616,232612082.83782363,14110870.409061747
havven,Synthetix,2025-07-29,0.6312319053333155,217041350.8612878,18658202.838938333
havven,Synthetix,2025-07-30,0.6214470604332517,213112964.0526565,16102539.699764485
havven,Synthetix,2025-07-31,0.6126444923223514,210449152.4725207,18311134.009222653
havven,Synthetix,2025-08-01,0.5816540505464879,199751033.3162003,13148825.19493091
havven,Synthetix,2025-08-02,0.566951309065476,194590842.51551723,19313726.628420096
havven,Synthetix,2025-08-03,0.5575483678080545,191518141.40992126,12647178.84176856
havven,Synthetix,2025-08-04,0.5805618736737266,199438216.18583393,8767710.136160022
havven,Synthetix,2025-08-05,0.6145729714277112,210901737.23533654,13767333.361885821
havven,Synthetix,2025-08-06,0.5822794086158806,200054001.49391288,13443150.631621376
havven,Synthetix,2025-08-07,0.5969093805206191,205053228.4071848,11778387.658277923
havven,Synthetix,2025-08-08,0.62084469806585,213078506.16899106,11880117.459935514
havven,Synthetix,2025-08-09,0.6376086618951922,218996567.2400047,24614939.650423817
havven,Synthetix,2025-08-10,0.6691099892807696,229810169.67297456,14865577.291419124
havven,Synthetix,2025-08-11,0.6686811074625514,229649988.63510945,17694699.18811244
havven,Synthetix,2025-08-12,0.6371145720805018,218982882.3609321,15782121.586898837
havven,Synthetix,2025-08-13,0.6872371694094049,236313841.21198928,19914574.20896276
havven,Synthetix,2025-08-14,0.7276368515334337,249876797.09730262,22388343.81192393
havven,Synthetix,2025-08-15,0.6551316063213701,224987338.3018905,22575239.558384854
havven,Synthetix,2025-08-16,0.7124864093380429,245057737.27771032,31757828.311137207
havven,Synthetix,2025-08-17,0.7088516906380525,243437310.07896525,32632325.379714746
havven,Synthetix,2025-08-18,0.7032771018894494,241574278.6906355,17028990.866339166
havven,Synthetix,2025-08-19,0.6650708533346847,228500655.1358713,18642094.0970458
havven,Synthetix,2025-08-20,0.6340359116528125,217937344.71019182,15861932.390279323
havven,Synthetix,2025-08-21,0.66473523634267,228523802.99512395,13168842.413782656
havven,Synthetix,2025-08-22,0.6514294084384046,223713501.2140491,13958971.586223328
havven,Synthetix,2025-08-23,0.7092819205395591,243779385.97151726,21734841.373614416
havven,Synthetix,2025-08-24,0.7314443421130825,251461555.31260592,52522000.53905807
havven,Synthetix,2025-08-25,0.6932636458729163,238274872.15545723,27326997.492361933
havven,Synthetix,2025-08-26,0.6416469864067053,220239485.7818527,20437104.454440523
havven,Synthetix,2025-08-27,0.7647898495814593,262490441.1421943,79585355.4237574
havven,Synthetix,2025-08-28,0.7160967457352068,245856218.75899637,105744165.88851777
havven,Synthetix,2025-08-29,0.7345168735308203,252058397.47641343,28074258.245176453
havven,Synthetix,2025-08-30,0.6905708615963081,237296638.50606263,20998728.425886087
havven,Synthetix,2025-08-31,0.7027933041462935,241470906.23299682,12172862.177494604
havven,Synthetix,2025-09-01,0.6802519444839258,233538642.2812434,11330359.193493428
havven,Synthetix,2025-09-02,0.6581378042236912,226141945.2879474,16336079.966358652
havven,Synthetix,2025-09-03,0.6805357144922258,233657504.99655747,13844005.891281681
havven,Synthetix,2025-09-04,0.6896422939485263,237073886.97928256,12296329.957627429
havven,Synthetix,2025-09-05,0.64859686983868,222750812.23540914,13916123.218238993
havven,Synthetix,2025-09-06,0.6707777845163266,230329963.87782732,13620371.07547504
havven,Synthetix,2025-09-07,0.6644408024434199,228202193.03324023,8816331.245752648
havven,Synthetix,2025-09-08,0.6658237973380154,229066376.7223928,11739724.071676362
havven,Synthetix,2025-09-09,0.6893734903950632,236527183.42595595,15818328.061366612
havven,Synthetix,2025-09-10,0.6889312444500761,236615844.347064,16202176.80640113
havven,Synthetix,2025-09-11,0.6961641708520468,239228051.28631365,14624043.999576546
havven,Synthetix,2025-09-12,0.7058039260556552,242418319.94154882,13438439.65362036
havven,Synthetix,2025-09-13,0.7267980811519865,249683735.992053,13469514.973300071
havven,Synthetix,2025-09-14,0.7216600759803176,247852261.27432927,14232511.916111903
havven,Synthetix,2025-09-15,0.6873286131322627,235946604.7889625,12340772.889787009
havven,Synthetix,2025-09-16,0.669247292596021,229733198.36265522,14416760.072761461
havven,Synthetix,2025-09-17,0.6776902473117927,232716798.0475305,12736262.2412722
havven,Synthetix,2025-09-18,0.6976793468507209,239527289.5755657,12895980.791995205
havven,Synthetix,2025-09-19,0.7219764710709435,248007708.90070152,14682294.575380936
havven,Synthetix,2025-09-20,0.6768189477040044,232350590.59634867,16434496.501905132
havven,Synthetix,2025-09-21,0.685235976208031,235315860.52350953,11774911.217608899
havven,Synthetix,2025-09-22,0.6748379828461384,231780509.60959962,13375561.239049476
havven,Synthetix,2025-09-23,0.6243880930835435,214495432.49539238,28706859.895426627
havven,Synthetix,2025-09-24,0.6571767491393207,225747510.2971296,67793056.46086766
havven,Synthetix,2025-09-25,0.9114039787739522,315866527.24716324,177017377.7727156
havven,Synthetix,2025-09-26,0.7878154810879092,270529054.7453089,160191951.6965355
havven,Synthetix,2025-09-27,1.0389030056186603,357001962.948337,397277197.3590629
havven,Synthetix,2025-09-28,1.1239840385005995,386338094.7228467,278449400.7208943
havven,Synthetix,2025-09-29,1.094423749549782,377533750.01722956,104888314.04817502
havven,Synthetix,2025-09-30,1.102483394770753,378829114.04662955,206658877.61408415
havven,Synthetix,2025-10-01,1.0752113461648787,368116928.9363889,114055890.90441088
havven,Synthetix,2025-10-02,1.267226555912892,434414504.558091,205205431.53902984
havven,Synthetix,2025-10-03,1.2308891595203788,422207553.4318145,129068535.20830703
havven,Synthetix,2025-10-04,1.213654008490676,417413113.79823655,62597562.797672
havven,Synthetix,2025-10-05,1.1933149819278055,410401164.22307307,37198862.04024983
havven,Synthetix,2025-10-06,1.1283216847402897,387960054.85096604,43642379.66609486
havven,Synthetix,2025-10-07,1.1847120800994557,406618363.55809927,52987663.4628125
havven,Synthetix,2025-10-08,1.1114935570220907,381785721.3877676,68061249.948616
havven,Synthetix,2025-10-09,1.1185513398652165,384524203.5569978,31962620.200467844
havven,Synthetix,2025-10-10,1.230661246797827,420417282.6379772,70422709.60238712
havven,Synthetix,2025-10-11,1.0171529957171555,354263606.58131963,250715076.3479429
havven,Synthetix,2025-10-12,0.9442948360586133,323949867.65041345,96347305.71812947
havven,Synthetix,2025-10-13,1.7043662076637756,585146712.3798403,419338449.3911966
havven,Synthetix,2025-10-14,2.295000816022997,785864725.3419914,1043002603.979344
havven,Synthetix,2025-10-15,2.0270809489405455,696066656.9238161,431501730.52266717
havven,Synthetix,2025-10-16,1.7109416654674334,589149896.1936278,281311878.70290977
havven,Synthetix,2025-10-17,1.4421655534927098,493110673.9879248,230800385.0554642
havven,Synthetix,2025-10-18,1.382892774049398,476349889.744312,169214991.93738613
havven,Synthetix,2025-10-19,1.3746710489280707,472225570.5946844,104150880.90538226
havven,Synthetix,2025-10-20,1.5584965678644425,534956869.1660509,299911440.4841526
havven,Synthetix,2025-10-21,1.6236413304322694,557704790.3182139,269637503.8188055
havven,Synthetix,2025-10-22,1.4701103846492334,504912339.047443,183609195.4046784
havven,Synthetix,2025-10-23,1.2780116302970466,438844316.48321575,114904835.1549835
havven,Synthetix,2025-10-24,1.246238348176313,427817386.067609,99492047.92369434
havven,Synthetix,2025-10-25,1.2994123820149805,446338890.39155287,110244802.81028773
havven,Synthetix,2025-10-26,1.2025074270931762,413969121.34278303,56270379.39788406
havven,Synthetix,2025-10-27,1.2037692126513706,414788245.7099446,72724614.4447944
havven,Synthetix,2025-10-28,1.163004876738594,399374910.6248498,92378238.27891754
havven,Synthetix,2025-10-29,1.113732522876874,382723114.35001653,70941394.51616102
havven,Synthetix,2025-10-30,1.108789620495202,380334316.4169039,64435666.24597824
havven,Synthetix,2025-10-31,1.0071873674986414,345688933.79078037,60764158.94214044
havven,Synthetix,2025-11-01,1.0012181867530472,344125829.48797023,50819876.70793876
havven,Synthetix,2025-11-02,1.0021924796858988,344208979.9945785,36960073.57262482
havven,Synthetix,2025-11-03,1.05710185415598,361834106.5318405,112757920.45683876
havven,Synthetix,2025-11-04,0.9033203179785573,310192480.26838106,78198153.76719642
havven,Synthetix,2025-11-05,0.8485671444800109,291178314.8501327,62703975.25351215
havven,Synthetix,2025-11-06,0.8548672149691375,293631137.67787385,36274734.672787994
havven,Synthetix,2025-11-07,0.8079189055310075,276978228.77138996,36439414.99921506
havven,Synthetix,2025-11-08,0.8809211456700489,302725996.0025497,55939782.464999564
havven,Synthetix,2025-11-09,0.8364094153638555,287392868.7003153,35391782.291027136
havven,Synthetix,2025-11-10,0.8636708528609786,296495231.55813134,36616469.90587663
havven,Synthetix,2025-11-11,0.8609023380651637,295807764.9664314,50998175.55817274
havven,Synthetix,2025-11-12,0.7803782204036975,268402364.19496188,46388611.62490499
havven,Synthetix,2025-11-13,0.7764370923948436,266833095.8180113,42715126.96756572
havven,Synthetix,2025-11-14,0.7389885173282131,254511555.61604005,38413464.49154314
havven,Synthetix,2025-11-15,0.7182476266592066,247477837.4972954,32480293.460065003
havven,Synthetix,2025-11-16,0.7345445704938044,252306181.39584246,20349706.37067337
havven,Synthetix,2025-11-17,0.6985797695262028,240301922.6204568,24103492.10726568
havven,Synthetix,2025-11-18,0.6770152361630203,231903217.3457202,34874492.660299845
havven,Synthetix,2025-11-19,0.6982980371920918,239774924.36683685,33086762.232382555
havven,Synthetix,2025-11-20,0.6719756217044229,230802472.22432896,28506635.675445918
havven,Synthetix,2025-11-21,0.6283983858685637,216256882.63156334,29465373.396434657
havven,Synthetix,2025-11-22,0.583922242013221,200576922.05792174,46242616.8374943
havven,Synthetix,2025-11-23,0.5651350095612677,194183151.82140052,32386315.592872735
havven,Synthetix,2025-11-24,0.5883977342065569,202094743.85835537,59718625.92682145
havven,Synthetix,2025-11-25,0.5837029534801361,200627560.28412455,40073629.85644665
havven,Synthetix,2025-11-26,0.566769509812543,194689040.3434912,31900762.792730577
havven,Synthetix,2025-11-27,0.5820062278160683,199966819.05696282,41301516.485822186
havven,Synthetix,2025-11-28,0.5730699299046544,196828978.11053327,28710107.317635387
havven,Synthetix,2025-11-29,0.5637594559982473,193692838.025293,19906153.052037872
havven,Synthetix,2025-11-30,0.5512015297056505,189283365.5361729,15594831.602462377
havven,Synthetix,2025-12-01,0.5439186702772333,187067350.84217554,18179626.758576937
havven,Synthetix,2025-12-02,0.5144051308271992,176688736.41725934,33577266.948541746
havven,Synthetix,2025-12-03,0.5479774989018812,188218032.53685343,22966598.35054898
havven,Synthetix,2025-12-04,0.5677140917324064,194759139.99205217,19097784.322841734
havven,Synthetix,2025-12-05,0.5363153986678016,184150130.29558185,20245765.105166063
havven,Synthetix,2025-12-06,0.5025701830002766,172639538.82727623,21644598.889334723
havven,Synthetix,2025-12-07,0.5015272495836143,172237357.17959917,20758560.456724368
havven,Synthetix,2025-12-08,0.4796181602338716,164579996.2981815,20342859.185407974
havven,Synthetix,2025-12-09,0.4973294952399609,170858032.96168673,20593713.964032117
havven,Synthetix,2025-12-10,0.5135034032525264,176581583.3914378,18859617.962679908
havven,Synthetix,2025-12-11,0.4878379125024399,167868264.99065256,19105830.308055922
havven,Synthetix,2025-12-12,0.475857679146188,163633096.99921143,24900645.588672947
havven,Synthetix,2025-12-13,0.459769214646836,158084642.24906698,23024393.928865753
havven,Synthetix,2025-12-14,0.46628652269030285,160130527.05483302,15227662.530212544
havven,Synthetix,2025-12-15,0.4392555807980874,150877631.1699423,21425952.72356073
havven,Synthetix,2025-12-16,0.42415659552667717,145655178.05547306,22829032.650996376
havven,Synthetix,2025-12-17,0.4334752091228054,148767927.76990104,22251731.80773713
havven,Synthetix,2025-12-18,0.4025962198789717,138343248.83080864,25295161.994200077
havven,Synthetix,2025-12-19,0.3904130738562762,134109651.34812677,25705526.031471796
havven,Synthetix,2025-12-20,0.419902941182025,144268127.53138444,21413881.07348058
havven,Synthetix,2025-12-21,0.42193019369749873,144916793.22155824,11876360.046292132
havven,Synthetix,2025-12-22,0.41035867065319237,140967406.71779355,13951847.83106492
havven,Synthetix,2025-12-23,0.4226015007785525,145128867.87396976,22525218.054813698
havven,Synthetix,2025-12-24,0.43010487713662504,147684094.7234569,28944033.11162013
havven,Synthetix,2025-12-25,0.4393173557940113,150855660.72351474,24983888.982132003
havven,Synthetix,2025-12-26,0.42146220966286124,144837090.69977942,16331702.027998002
havven,Synthetix,2025-12-27,0.4333342938065666,148835086.44329688,18776914.707573
havven,Synthetix,2025-12-28,0.45029120478184453,154662976.3584654,16156132.841431478
havven,Synthetix,2025-12-29,0.4329471350819911,148695788.11321473,15619499.341487285
havven,Synthetix,2025-12-30,0.41838418389629983,143685718.01492882,26070421.753578212
havven,Synthetix,2025-12-31,0.4188773839197624,143835009.1236082,18141859.223635226
havven,Synthetix,2026-01-01,0.4101374311285897,140853730.01553565,22841272.56792858
havven,Synthetix,2026-01-02,0.44688570066821154,153499841.6507972,36681499.959881805
havven,Synthetix,2026-01-03,0.46103152202111664,158309369.60032222,29259723.31281407
havven,Synthetix,2026-01-04,0.4570851289089475,156426531.5725171,24158830.69423664
havven,Synthetix,2026-01-05,0.46274181823400895,158925447.82278216,22760622.926970996
havven,Synthetix,2026-01-06,0.4905427580190638,168626689.6325016,30552661.065706175
havven,Synthetix,2026-01-07,0.5342953551809072,183298251.8465761,63434183.17795738
havven,Synthetix,2026-01-08,0.4924705422427834,169105066.32906002,28720682.747732125
havven,Synthetix,2026-01-09,0.48826489818308494,167809287.2115722,26501827.096319705
havven,Synthetix,2026-01-10,0.48365795784754984,166151843.65153912,21304596.31889073
havven,Synthetix,2026-01-11,0.4722992515632929,162182093.42869255,14443298.585470261
havven,Synthetix,2026-01-12,0.4659864701651712,159988651.33584633,16520698.414574292
havven,Synthetix,2026-01-13,0.4568496119490325,156954964.90755597,19551786.716713466
havven,Synthetix,2026-01-14,0.503528605136587,172986056.9109327,31301637.05309052
havven,Synthetix,2026-01-15,0.49221821041597735,168853186.13862854,23541714.149139233
havven,Synthetix,2026-01-16,0.46386891702071115,159254961.42006382,20337016.43669293
havven,Synthetix,2026-01-17,0.4744241585873277,162940476.43057543,18228741.310867775
havven,Synthetix,2026-01-18,0.48745776447353856,167616966.76234624,24111644.232616965
havven,Synthetix,2026-01-19,0.4571061369960064,157412503.34402654,20637870.661340054
havven,Synthetix,2026-01-20,0.43899727166364566,150786285.6197506,29970580.795099992
havven,Synthetix,2026-01-21,0.41286171635386915,141833660.94296125,22495062.94911449
havven,Synthetix,2026-01-22,0.427197261587354,146753267.44406447,25341608.2612143
havven,Synthetix,2026-01-23,0.4162612021402788,142966034.64432257,21992316.547105365
havven,Synthetix,2026-01-24,0.42219052568302845,145012616.29954153,23901310.281261403
havven,Synthetix,2026-01-25,0.41672605608064933,143111486.91807508,10346476.408119462
havven,Synthetix,2026-01-26,0.3976528223539507,136580310.57264772,19092446.20171502
havven,Synthetix,2026-01-27,0.41420995595926624,142356779.06640628,19204428.91681054
havven,Synthetix,2026-01-28,0.42101413470771215,144611609.0426913,18089158.584372606
havven,Synthetix,2026-01-29,0.4180501275019501,143712602.30331525,17287813.73408362
havven,Synthetix,2026-01-30,0.388555460949148,133344550.4859468,24574422.542068325
havven,Synthetix,2026-01-31,0.4005026056091647,137523400.73125857,31740558.12752473
havven,Synthetix,2026-02-01,0.3582687777015848,123021339.64078423,35090051.41373881
havven,Synthetix,2026-02-02,0.3359049567604905,115464479.21647881,34221503.9402123
havven,Synthetix,2026-02-03,0.3550575616586488,121940281.96344319,39279814.515047155
havven,Synthetix,2026-02-04,0.3399095539957141,116852049.39264433,35543899.469058976
havven,Synthetix,2026-02-05,0.3286911182404496,112899736.96217808,31971327.734083097
havven,Synthetix,2026-02-06,0.28082991415498565,96842400.15672703,47756372.47429255
havven,Synthetix,2026-02-07,0.30094177798363636,103400747.65011404,53619181.84689528
havven,Synthetix,2026-02-08,0.2947830945960288,101268592.23547395,34614526.09555498
havven,Synthetix,2026-02-09,0.2905441248500227,99799580.85494663,20148283.588267393
havven,Synthetix,2026-02-10,0.2906370871559215,99829427.98429434,30639016.999828894
havven,Synthetix,2026-02-11,0.28351293218364243,97393223.13943256,25848511.012163263
havven,Synthetix,2026-02-12,0.2806146282696613,96450711.0879175,35677425.98245192
havven,Synthetix,2026-02-13,0.2877613852238296,98854109.12817846,32820926.48578123
havven,Synthetix,2026-02-14,0.2998986479384593,103005089.60651441,27307691.917068694
havven,Synthetix,2026-02-15,0.31199497296682055,107287654.86916111,26830427.462580215
havven,Synthetix,2026-02-16,0.29069899128548965,99842229.7715068,38141913.82596467
havven,Synthetix,2026-02-17,0.2963666484652411,101795792.66143759,34152162.65997234
havven,Synthetix,2026-02-18,0.2964094000825214,101842781.77962068,28825028.681195993
havven,Synthetix,2026-02-19,0.29650648747617026,101780593.51263341,56930172.49146121
havven,Synthetix,2026-02-20,0.34676787257514263,119132210.63321282,106172792.0622667
havven,Synthetix,2026-02-21,0.39425342268543767,135506903.30569005,115039114.46966074
havven,Synthetix,2026-02-22,0.4177742908086757,143421600.96227804,103207002.03608325
havven,Synthetix,2026-02-23,0.43192357783427054,148330926.67923728,58440277.53692396
havven,Synthetix,2026-02-24,0.3744332670280014,128952336.42800997,47518211.334042236
havven,Synthetix,2026-02-25,0.360477856344019,124178569.04149729,40454391.243458815
havven,Synthetix,2026-02-26,0.364077563267143,125238572.24290414,30238133.087920446
havven,Synthetix,2026-02-27,0.34248362667988735,117982334.20037206,18506415.66878732
havven,Synthetix,2026-02-28,0.3294278491461645,113488861.30795375,14459325.019447876
havven,Synthetix,2026-03-01,0.32187041557301077,110894227.34462258,16814914.138145316
havven,Synthetix,2026-03-02,0.31126212201641945,107351759.23327951,13442006.213992704
havven,Synthetix,2026-03-03,0.31085301744709876,107135234.51048565,14066416.594285265
havven,Synthetix,2026-03-04,0.31142496649692236,107290956.7735068,15602988.053695455
havven,Synthetix,2026-03-05,0.33031870427333426,113792203.04669225,32532497.356965385
havven,Synthetix,2026-03-06,0.32713659521679367,112689987.50916776,25989602.43934495
havven,Synthetix,2026-03-07,0.32019576096451857,110311401.4306811,22680273.978947375
havven,Synthetix,2026-03-08,0.3085289801226707,106293242.45281002,9112038.47449301
havven,Synthetix,2026-03-09,0.3026750865217741,104298740.08811642,11427178.436609874
havven,Synthetix,2026-03-10,0.3116311164862029,107513384.48169097,16237046.532230884
havven,Synthetix,2026-03-11,0.31355939595749766,108017332.19955324,13003216.952362666
havven,Synthetix,2026-03-12,0.31908293371656793,109984030.77506264,12372755.247353122
havven,Synthetix,2026-03-13,0.31425233551850945,108271411.0099219,11973622.796051875
havven,Synthetix,2026-03-14,0.31261413157848933,107714546.82007512,13939316.582713809
havven,Synthetix,2026-03-15,0.30652043780169624,105590382.4824667,9526175.910392307
havven,Synthetix,2026-03-16,0.31954280089097886,110075702.76614693,16286806.426393207
havven,Synthetix,2026-03-17,0.331188522730394,114180073.46136732,13789863.307688663
havven,Synthetix,2026-03-18,0.3218136775158998,110877482.95561755,12940740.802924346
havven,Synthetix,2026-03-19,0.3130699203595312,107882441.64117585,13955208.694403954
havven,Synthetix,2026-03-20,0.33081872327068124,113972420.82918274,21472859.80838701
havven,Synthetix,2026-03-21,0.3198380131879582,110200834.94943877,20719260.34410968
havven,Synthetix,2026-03-22,0.3045712766585585,105011971.71091692,10898842.47829481
havven,Synthetix,2026-03-23,0.2857244915173191,98527944.39078537,13533705.153861165
havven,Synthetix,2026-03-24,0.3015908890165768,103902957.43061695,11409578.870763712
havven,Synthetix,2026-03-25,0.2993752762898205,103131398.18371561,9650151.175717512
havven,Synthetix,2026-03-26,0.2995251292805932,103193584.88473329,7813601.011671187
havven,Synthetix,2026-03-27,0.2853949241392516,98326814.65904896,7694202.90123184
havven,Synthetix,2026-03-28,0.2761165425934789,95141787.42534128,13524096.107945543
havven,Synthetix,2026-03-29,0.2766480318948823,95356292.10260381,8951412.452134153
havven,Synthetix,2026-03-30,0.27369640637871623,94369324.18850629,7194823.466386302
havven,Synthetix,2026-03-31,0.27531652696332304,94868241.68095411,7659929.441845016
havven,Synthetix,2026-04-01,0.2872097600753468,98973989.17554317,8665775.940194154
havven,Synthetix,2026-04-02,0.28187396101736756,97107843.35369927,8423985.18360512
havven,Synthetix,2026-04-03,0.2781266932192587,95817271.5467332,10625939.105443215
havven,Synthetix,2026-04-04,0.2792675428332906,96207842.68678875,12146503.26569983
havven,Synthetix,2026-04-05,0.27868429783781895,95995347.94796808,5532719.353302421
havven,Synthetix,2026-04-06,0.2864677281834419,98702108.71337697,20771571.086474836
havven,Synthetix,2026-04-07,0.2916836893724518,100473245.42162877,27915629.30332805
havven,Synthetix,2026-04-08,0.3025583928068075,104202799.30725841,14854037.215867754
havven,Synthetix,2026-04-09,0.2885666474442138,99382527.79336782,8956847.900622878
havven,Synthetix,2026-04-10,0.29414594990596565,101362739.14396404,8598674.899648253
havven,Synthetix,2026-04-11,0.2942880398418867,101393938.20336606,9181180.22009098
havven,Synthetix,2026-04-12,0.29087453709210404,100211733.35118155,6902737.02551925
havven,Synthetix,2026-04-13,0.2806023985807334,96644795.81409012,8199657.036630155
havven,Synthetix,2026-04-14,0.29367927581646186,101272975.26463583,11977402.010340916
havven,Synthetix,2026-04-15,0.2876140242361845,99098033.8532638,9403316.561973369
havven,Synthetix,2026-04-16,0.293604504902853,101125183.42075275,9201222.030198386
havven,Synthetix,2026-04-17,0.30909293681438854,106411093.23887901,12946244.340258472
havven,Synthetix,2026-04-18,0.3073001575089797,105905160.36649467,18606373.85279175
havven,Synthetix,2026-04-19,0.29843227243074466,102825644.79804467,9253878.069360685
havven,Synthetix,2026-04-20,0.2853690992954469,98328120.43208976,9346547.222195035
havven,Synthetix,2026-04-21,0.2924901696448441,100752719.17345169,15104344.673542412
havven,Synthetix,2026-04-22,0.29142081499031175,100399503.02765724,9792292.732856937
havven,Synthetix,2026-04-23,0.2969562376202198,102308675.42877083,9290694.419055376
havven,Synthetix,2026-04-24,0.30056209694598685,103547858.31322882,8194103.086098156
havven,Synthetix,2026-04-25,0.3042674174834452,104810180.99906822,9036778.20869615
havven,Synthetix,2026-04-26,0.30202880249516023,103998473.2500778,8100789.915165138
havven,Synthetix,2026-04-27,0.3239870869925007,111701974.86097239,20732089.396730248
havven,Synthetix,2026-04-28,0.314520720466123,108331923.42974313,33774114.09525891
havven,Synthetix,2026-04-29,0.3142953564151473,108261578.60179913,10258823.402498787
havven,Synthetix,2026-04-30,0.3093105202434408,106553690.61312225,10083742.319714682
havven,Synthetix,2026-05-01,0.3011743859033886,103770992.80627102,8941242.17346909
havven,Synthetix,2026-05-02,0.3087055228243475,106363545.63817196,11209209.64199406
havven,Synthetix,2026-05-03,0.3300941655084859,113631332.95401342,16141053.77394925
havven,Synthetix,2026-05-04,0.316961020613114,109176916.26156197,10691485.549575554
havven,Synthetix,2026-05-05,0.31537760368355855,108622107.02277406,11607633.448792748
havven,Synthetix,2026-05-06,0.32435903754310885,111691565.32341722,14486348.482313061
havven,Synthetix,2026-05-07,0.3300575743829517,113700066.76175143,12538878.280455694
havven,Synthetix,2026-05-08,0.3460420107319457,119180719.10131669,17054603.716490388
havven,Synthetix,2026-05-09,0.36680970494488996,126562137.40898195,27372091.826136462
havven,Synthetix,2026-05-10,0.35646482701971666,122757285.7747676,15675560.358099412
havven,Synthetix,2026-05-11,0.3639841175820966,125398437.59164274,10916606.866340008
havven,Synthetix,2026-05-12,0.3560691061221789,122671957.58370955,11388367.03746613
havven,Synthetix,2026-05-13,0.34629233620559524,119377840.81102258,9683690.377016813
havven,Synthetix,2026-05-14,0.3294776847989985,113484637.72889392,11933360.295849528
havven,Synthetix,2026-05-15,0.3299991663135076,113717224.78666502,7298524.528528396
havven,Synthetix,2026-05-16,0.3202332762615234,110353695.77146696,8950550.815078763
havven,Synthetix,2026-05-17,0.31226194647912736,107579309.9652922,5754214.079983913
havven,Synthetix,2026-05-18,0.3048747486262414,104740183.11081117,7072903.30662598
havven,Synthetix,2026-05-19,0.3107129494495748,107074990.78110597,7234834.721312035
havven,Synthetix,2026-05-20,0.3042710827885573,104866793.14157212,4639736.767093518
havven,Synthetix,2026-05-21,0.31426736950691797,108270506.65344043,8192810.629532646
havven,Synthetix,2026-05-22,0.3168974108630848,109183968.33298576,5266799.8838194385
havven,Synthetix,2026-05-23,0.30252638677332316,104251055.99136974,8467448.028682604
havven,Synthetix,2026-05-24,0.3082772355839923,106247223.03511575,7060007.068359776
havven,Synthetix,2026-05-25,0.3000859865433179,103413605.46513912,5188877.999781723
havven,Synthetix,2026-05-26,0.31869182940204654,109817487.51189198,8439059.412517417
havven,Synthetix,2026-05-27,0.315346199776755,108659171.61049925,9418597.597695455
havven,Synthetix,2026-05-28,0.3072249859207086,105766862.84798604,7311672.279196457
havven,Synthetix,2026-05-29,0.307741967351113,106035135.90653726,9465152.010723101
havven,Synthetix,2026-05-29,0.299500127064822,103166273.59871593,8718259.095988719
