token,month,incentive_emission_tokens,insider_unlock_tokens,burned_tokens
COMP,2020-07,96795.5,47232.82,0.0
COMP,2020-08,99765.0,47232.82,0.0
COMP,2020-09,59903.5,45709.18,0.0
COMP,2020-10,104602.5,47232.82,0.0
COMP,2020-11,99990.5,45709.18,0.0
COMP,2020-12,73859.0,47232.82,0.0
COMP,2021-01,114186.5,47232.82,0.0
COMP,2021-02,103900.0,42661.9,0.0
COMP,2021-03,110601.5,47232.82,0.0
COMP,2021-04,0.0,45709.18,0.0
COMP,2021-05,206766.0,47232.82,0.0
COMP,2021-06,0.0,45709.18,0.0
COMP,2021-07,0.0,47232.82,0.0
COMP,2021-08,218464.0,47232.82,0.0
COMP,2021-09,0.0,45709.18,0.0
COMP,2021-10,250516.0,47232.82,0.0
COMP,2021-11,0.0,45709.18,0.0
COMP,2021-12,233286.0,47232.82,0.0
COMP,2022-01,0.0,47232.82,0.0
COMP,2022-02,0.0,42661.9,0.0
COMP,2022-03,0.0,47232.82,0.0
COMP,2022-04,297308.0,45709.18,0.0
COMP,2022-05,98770.5,47232.82,0.0
COMP,2022-06,0.0,45709.18,0.0
COMP,2022-07,0.0,47232.82,0.0
COMP,2022-08,344966.5,47232.82,0.0
COMP,2022-09,0.0,45709.18,0.0
COMP,2022-10,0.0,47232.82,0.0
COMP,2022-11,0.0,45709.18,0.0
COMP,2022-12,368262.5,47232.82,0.0
COMP,2023-01,0.0,47232.82,0.0
COMP,2023-02,0.0,42661.9,0.0
COMP,2023-03,310923.5,47232.82,0.0
COMP,2023-04,0.0,45709.18,0.0
COMP,2023-05,0.0,47232.82,0.0
COMP,2023-06,0.0,45709.18,0.0
COMP,2023-07,505185.0,47232.82,0.0
COMP,2023-08,56714.5,47232.82,0.0
COMP,2023-09,0.0,45709.18,0.0
COMP,2023-10,0.0,47232.82,0.0
COMP,2023-11,403274.0,45709.18,0.0
COMP,2023-12,98484.5,47232.82,0.0
COMP,2024-01,0.0,47232.82,0.0
COMP,2024-02,0.0,44185.54,0.0
COMP,2024-03,0.0,47232.82,0.0
COMP,2024-04,181500.52,45709.18,0.0
COMP,2024-05,0.0,47232.82,0.0
COMP,2024-06,0.0,21330.95,0.0
COMP,2024-07,0.0,0.0,0.0
COMP,2024-08,0.0,0.0,0.0
COMP,2024-09,0.0,0.0,0.0
COMP,2024-10,0.0,0.0,0.0
COMP,2024-11,0.0,0.0,0.0
COMP,2024-12,0.0,0.0,0.0
COMP,2025-01,0.0,0.0,0.0
COMP,2025-02,0.0,0.0,0.0
COMP,2025-03,1.39,0.0,0.0
COMP,2025-04,0.0,0.0,0.0
COMP,2025-05,0.0,0.0,0.0
AAVE,2018-01,0.0,0,0.0
AAVE,2018-02,0.0,0,0.0
AAVE,2018-03,0.0,0,0.0
AAVE,2018-04,0.0,0,0.0
AAVE,2018-05,0.0,0,0.0
AAVE,2018-06,0.0,0,0.0
AAVE,2018-07,0.0,0,0.0
AAVE,2018-08,0.0,0,0.0
AAVE,2018-09,0.0,0,0.0
AAVE,2018-10,0.0,0,0.0
AAVE,2018-11,0.0,0,0.0
AAVE,2018-12,0.0,0,0.0
AAVE,2019-01,0.0,0,0.0
AAVE,2019-02,0.0,0,0.0
AAVE,2019-03,0.0,0,0.0
AAVE,2019-04,0.0,0,0.0
AAVE,2019-05,0.0,0,0.0
AAVE,2019-06,0.0,0,0.0
AAVE,2019-07,0.0,0,0.0
AAVE,2019-08,0.0,0,0.0
AAVE,2019-09,0.0,0,0.0
AAVE,2019-10,0.0,0,0.0
AAVE,2019-11,0.0,0,0.0
AAVE,2019-12,0.0,0,0.0
AAVE,2020-01,0.0,0,0.0
AAVE,2020-02,0.0,0,0.0
AAVE,2020-03,0.0,0,0.0
AAVE,2020-04,0.0,0,0.0
AAVE,2020-05,0.0,0,0.0
AAVE,2020-06,0.0,0,0.0
AAVE,2020-07,0.0,0,0.0
AAVE,2020-08,0.0,0,0.0
AAVE,2020-09,0.0,0,0.0
AAVE,2020-10,3456.47,0,0.0
AAVE,2020-11,5940.5,0,0.0
AAVE,2020-12,6998.53,0,0.0
AAVE,2021-01,18624.49,0,0.0
AAVE,2021-02,12886.72,0,0.0
AAVE,2021-03,28464.39,0,0.0
AAVE,2021-04,27730.02,0,0.0
AAVE,2021-05,90488.16,0,0.0
AAVE,2021-06,95728.68,0,0.0
AAVE,2021-07,91755.02,0,0.0
AAVE,2021-08,74164.19,0,0.0
AAVE,2021-09,81811.6,0,0.0
AAVE,2021-10,99436.61,0,0.0
AAVE,2021-11,68988.45,0,0.0
AAVE,2021-12,96597.61,0,0.0
AAVE,2022-01,52108.05,0,0.0
AAVE,2022-02,69803.29,0,0.0
AAVE,2022-03,57852.51,0,0.0
AAVE,2022-04,64641.99,0,0.0
AAVE,2022-05,52122.14,0,0.0
AAVE,2022-06,46738.93,0,0.0
AAVE,2022-07,28346.87,0,0.0
AAVE,2022-08,40342.07,0,0.0
AAVE,2022-09,27488.53,0,0.0
AAVE,2022-10,41642.09,0,0.0
AAVE,2022-11,36439.94,0,0.0
AAVE,2022-12,38491.75,0,0.0
AAVE,2023-01,30344.79,0,0.0
AAVE,2023-02,30308.43,0,0.0
AAVE,2023-03,37826.79,0,0.0
AAVE,2023-04,18633.68,0,0.0
AAVE,2023-05,43820.49,0,0.0
AAVE,2023-06,38764.36,0,0.0
AAVE,2023-07,33148.96,0,0.0
AAVE,2023-08,19302.44,0,0.0
AAVE,2023-09,46572.13,0,0.0
AAVE,2023-10,34624.96,0,0.0
AAVE,2023-11,45152.97,0,0.0
AAVE,2023-12,37431.02,0,0.0
AAVE,2024-01,26446.82,0,0.0
AAVE,2024-02,16780.73,0,0.0
AAVE,2024-03,33497.21,0,0.0
AAVE,2024-04,14078.93,0,0.0
AAVE,2024-05,32948.54,0,0.0
AAVE,2024-06,20428.96,0,0.0
AAVE,2024-07,26388.0,0,0.0
AAVE,2024-08,29524.07,0,0.0
AAVE,2024-09,22117.82,0,0.0
AAVE,2024-10,16350.02,0,0.0
AAVE,2024-11,31575.28,0,0.0
AAVE,2024-12,33251.09,0,0.0
AAVE,2025-01,13659.99,0,0.0
AAVE,2025-02,23703.21,0,0.0
AAVE,2025-03,11027.94,0,0.0
AAVE,2025-04,10889.21,0,0.0
AAVE,2025-05,46863.51,0,0.0
AAVE,2025-06,16915.4,0,0.0
AAVE,2025-07,18372.61,0,0.0
AAVE,2025-08,15998.4,0,0.0
AAVE,2025-09,28977.23,0,0.0
AAVE,2025-10,11915.5,0,0.0
AAVE,2025-11,8013.57,0,0.0
AAVE,2025-12,16291.6,0,0.0
AAVE,2026-01,9293.06,0,0.0
AAVE,2026-02,6716.87,0,0.0
AAVE,2026-03,6487.74,0,0.0
AAVE,2026-04,15607.9,0,0.0
AAVE,2026-05,6692.85,0,0.0
UNI,2020-10,9486416.17,8487518.71,0.0
UNI,2020-11,7074353.46,8213727.79,0.0
UNI,2020-12,83131.92,8487518.71,0.0
UNI,2021-01,37030.06,8487518.71,0.0
UNI,2021-02,7121.69,7666145.94,0.0
UNI,2021-03,4207.07,8487518.71,0.0
UNI,2021-04,4443.11,8213727.79,0.0
UNI,2021-05,1195.35,8487518.71,0.0
UNI,2021-06,8005.21,8213727.79,0.0
UNI,2021-07,337.95,8487518.71,0.0
UNI,2021-08,126.81,8487518.71,0.0
UNI,2021-09,945.25,8213727.79,0.0
UNI,2021-10,513.11,8487518.71,0.0
UNI,2021-11,333.76,8213727.79,0.0
UNI,2021-12,411.87,8487518.71,0.0
UNI,2022-01,18.69,8487518.71,0.0
UNI,2022-02,45.38,7666145.94,0.0
UNI,2022-03,3593.04,8487518.71,0.0
UNI,2022-04,76.18,8213727.79,0.0
UNI,2022-05,538.54,8487518.71,0.0
UNI,2022-06,251.55,8213727.79,0.0
UNI,2022-07,267.56,8487518.71,0.0
UNI,2022-08,20.82,8487518.71,0.0
UNI,2022-09,51.9,8213727.79,0.0
UNI,2022-10,9.97,8487518.71,0.0
UNI,2022-11,230.6,8213727.79,0.0
UNI,2022-12,21.64,8487518.71,0.0
UNI,2023-01,415.43,8487518.71,0.0
UNI,2023-02,21937.92,7666145.94,0.0
UNI,2023-03,0.34,8487518.71,0.0
UNI,2023-04,2.09,8213727.79,0.0
UNI,2023-05,0.0,8487518.71,0.0
UNI,2023-06,12.94,8213727.79,0.0
UNI,2023-07,12.83,8487518.71,0.0
UNI,2023-08,0.08,8487518.71,0.0
UNI,2023-09,344.22,8213727.79,0.0
UNI,2023-10,0.0,8487518.71,0.0
UNI,2023-11,41.51,8213727.79,0.0
UNI,2023-12,16.57,8487518.71,0.0
UNI,2024-01,2.75,8487518.71,0.0
UNI,2024-02,0.0,7939936.86,0.0
UNI,2024-03,0.0,8487518.71,0.0
UNI,2024-04,4030.65,8213727.79,0.0
UNI,2024-05,20817.91,8487518.71,0.0
UNI,2024-06,37271.63,8213727.79,0.0
UNI,2024-07,99258.73,8487518.71,0.0
UNI,2024-08,126106.78,8487518.71,0.0
UNI,2024-09,95326.48,3833072.97,0.0
UNI,2024-10,51961.23,0.0,0.0
UNI,2024-11,37154.15,0.0,0.0
UNI,2024-12,6251.7,0.0,0.0
UNI,2025-01,919.21,0.0,0.0
UNI,2025-02,2834.19,0.0,0.0
UNI,2025-03,3158.19,0.0,0.0
UNI,2025-04,996923.38,0.0,0.0
UNI,2025-05,1332347.53,0.0,0.0
UNI,2025-06,1048064.4,0.0,0.0
UNI,2025-07,602292.88,0.0,0.0
UNI,2025-08,274144.32,0.0,0.0
UNI,2025-09,224771.67,0.0,0.0
UNI,2025-10,170555.25,0.0,0.0
UNI,2025-11,74409.83,0.0,0.0
UNI,2025-12,47682.96,0.0,0.0
UNI,2026-01,44534.99,0.0,0.0
UNI,2026-02,40995.61,0.0,0.0
UNI,2026-03,10403.38,0.0,0.0
UNI,2026-04,2.62,0.0,0.0
UNI,2026-05,0.02,0.0,0.0
CRV,2020-09,0,20325760.78,0.0
CRV,2020-10,0,21003286.13,0.0
CRV,2020-11,0,20325760.78,0.0
CRV,2020-12,0,21003286.13,0.0
CRV,2021-01,0,21003286.13,0.0
CRV,2021-02,0,18970710.06,0.0
CRV,2021-03,0,21003286.13,0.0
CRV,2021-04,0,20325760.78,0.0
CRV,2021-05,0,21003286.13,0.0
CRV,2021-06,0,20325760.78,0.0
CRV,2021-07,0,21003286.13,0.0
CRV,2021-08,0,21003286.13,0.0
CRV,2021-09,0,20325760.78,0.0
CRV,2021-10,0,21003286.13,0.0
CRV,2021-11,0,20325760.78,0.0
CRV,2021-12,0,21003286.13,0.0
CRV,2022-01,0,21003286.13,0.0
CRV,2022-02,0,18970710.06,0.0
CRV,2022-03,0,21003286.13,0.0
CRV,2022-04,0,20325760.78,0.0
CRV,2022-05,0,21003286.13,0.0
CRV,2022-06,0,20325760.78,0.0
CRV,2022-07,0,21003286.13,0.0
CRV,2022-08,0,18682693.2,0.0
CRV,2022-09,0,16458105.89,0.0
CRV,2022-10,0,17006709.42,0.0
CRV,2022-11,0,16458105.89,0.0
CRV,2022-12,0,17006709.42,0.0
CRV,2023-01,0,17006709.42,0.0
CRV,2023-02,0,15360898.83,0.0
CRV,2023-03,0,17006709.42,0.0
CRV,2023-04,0,16458105.89,0.0
CRV,2023-05,0,17006709.42,0.0
CRV,2023-06,0,16458105.89,0.0
CRV,2023-07,0,17006709.42,0.0
CRV,2023-08,0,17006709.42,0.0
CRV,2023-09,0,16458105.89,0.0
CRV,2023-10,0,17006709.42,0.0
CRV,2023-11,0,16458105.89,0.0
CRV,2023-12,0,17006709.42,0.0
CRV,2024-01,0,17006709.42,0.0
CRV,2024-02,0,15909502.36,0.0
CRV,2024-03,0,17006709.42,0.0
CRV,2024-04,0,16458105.89,0.0
CRV,2024-05,0,17006709.42,0.0
CRV,2024-06,0,16458105.89,0.0
CRV,2024-07,0,17006709.42,0.0
CRV,2024-08,0,6583242.36,0.0
CRV,2024-09,0,0.0,0.0
CRV,2024-10,0,0.0,0.0
CRV,2024-11,0,0.0,0.0
CRV,2024-12,0,0.0,0.0
CRV,2025-01,0,0.0,0.0
CRV,2025-02,0,0.0,0.0
CRV,2025-03,0,0.0,0.0
CRV,2025-04,0,0.0,0.0
CRV,2025-05,0,0.0,0.0
CRV,2025-06,0,0.0,0.0
CRV,2025-07,0,0.0,0.0
CRV,2025-08,0,0.0,0.0
CRV,2025-09,0,0.0,0.0
CRV,2025-10,0,0.0,0.0
CRV,2025-11,0,0.0,0.0
CRV,2025-12,0,0.0,0.0
CRV,2026-01,0,0.0,0.0
CRV,2026-02,0,0.0,0.0
CRV,2026-03,0,0.0,0.0
CRV,2026-04,0,0.0,0.0
CRV,2026-05,0,0.0,0.0
CRV,2026-06,0,0.0,0.0
CRV,2026-07,0,0.0,0.0
CRV,2026-08,0,0.0,0.0
RPL,2017-10,0.0,0.0,0.0
RPL,2017-11,0.0,0.0,0.0
RPL,2017-12,0.0,0.0,0.0
RPL,2018-01,0.0,0.0,0.0
RPL,2018-02,0.0,0.0,0.0
RPL,2018-03,0.0,0.0,0.0
RPL,2018-04,0.0,0.0,0.0
RPL,2018-05,0.0,0.0,0.0
RPL,2018-06,0.0,0.0,0.0
RPL,2018-07,0.0,0.0,0.0
RPL,2018-08,0.0,0.0,0.0
RPL,2018-09,0.0,0.0,0.0
RPL,2018-10,0.0,0.0,0.0
RPL,2018-11,0.0,0.0,0.0
RPL,2018-12,0.0,0.0,0.0
RPL,2019-01,0.0,0.0,0.0
RPL,2019-02,0.0,0.0,0.0
RPL,2019-03,0.0,0.0,0.0
RPL,2019-04,0.0,0.0,0.0
RPL,2019-05,0.0,0.0,0.0
RPL,2019-06,0.0,0.0,0.0
RPL,2019-07,0.0,0.0,0.0
RPL,2019-08,0.0,0.0,0.0
RPL,2019-09,0.0,0.0,0.0
RPL,2019-10,0.0,0.0,0.0
RPL,2019-11,0.0,0.0,0.0
RPL,2019-12,0.0,0.0,0.0
RPL,2020-01,0.0,0.0,0.0
RPL,2020-02,0.0,0.0,0.0
RPL,2020-03,0.0,0.0,0.0
RPL,2020-04,0.0,0.0,0.0
RPL,2020-05,0.0,0.0,0.0
RPL,2020-06,0.0,0.0,0.0
RPL,2020-07,0.0,0.0,0.0
RPL,2020-08,0.0,0.0,0.0
RPL,2020-09,0.0,0.0,0.0
RPL,2020-10,0.0,0.0,0.0
RPL,2020-11,0.0,0.0,0.0
RPL,2020-12,0.0,0.0,0.0
RPL,2021-01,0.0,0.0,0.0
RPL,2021-02,0.0,0.0,0.0
RPL,2021-03,0.0,0.0,0.0
RPL,2021-04,0.0,0.0,0.0
RPL,2021-05,0.0,0.0,0.0
RPL,2021-06,0.0,0.0,0.0
RPL,2021-07,0.0,0.0,0.0
RPL,2021-08,0.0,0.0,0.0
RPL,2021-09,0.0,0.0,0.0
RPL,2021-10,9626.93,0.0,0.0
RPL,2021-11,57869.83,0.0,0.0
RPL,2021-12,67749.86,0.0,0.0
RPL,2022-01,68003.91,0.0,0.0
RPL,2022-02,68258.92,0.0,0.0
RPL,2022-03,68514.87,0.0,0.0
RPL,2022-04,68771.79,0.0,0.0
RPL,2022-05,69029.67,0.0,0.0
RPL,2022-06,69288.52,0.0,0.0
RPL,2022-07,69548.34,0.0,0.0
RPL,2022-08,69809.14,0.0,0.0
RPL,2022-09,141224.8,0.0,0.0
RPL,2022-10,70597.4,0.0,0.0
RPL,2022-11,70862.13,0.0,0.0
RPL,2022-12,71127.85,0.0,0.0
RPL,2023-01,71394.57,0.0,0.0
RPL,2023-02,71662.28,0.0,0.0
RPL,2023-03,71931.0,0.0,0.0
RPL,2023-04,72200.73,0.0,0.0
RPL,2023-05,72471.47,0.0,0.0
RPL,2023-06,72743.23,0.0,0.0
RPL,2023-07,73016.0,0.0,0.0
RPL,2023-08,146854.42,0.0,0.0
RPL,2023-09,73840.47,0.0,0.0
RPL,2023-10,74117.36,0.0,0.0
RPL,2023-11,74395.29,0.0,0.0
RPL,2023-12,74674.26,0.0,0.0
RPL,2024-01,74954.27,0.0,0.0
RPL,2024-02,75235.34,0.0,0.0
RPL,2024-03,75517.46,0.0,0.0
RPL,2024-04,75800.63,0.0,0.0
RPL,2024-05,76084.87,0.0,0.0
RPL,2024-06,76370.18,0.0,0.0
RPL,2024-07,76656.55,0.0,0.0
RPL,2024-08,154176.53,0.0,0.0
RPL,2024-09,77522.13,0.0,0.0
RPL,2024-10,77812.83,0.0,0.0
RPL,2024-11,78104.61,0.0,0.0
RPL,2024-12,78397.49,0.0,0.0
RPL,2025-01,78691.47,0.0,0.0
RPL,2025-02,78986.55,0.0,0.0
RPL,2025-03,79282.73,0.0,0.0
RPL,2025-04,79580.03,0.0,0.0
RPL,2025-05,79878.44,0.0,0.0
RPL,2025-06,80177.97,0.0,0.0
RPL,2025-07,161259.02,0.0,0.0
RPL,2025-08,81083.31,0.0,0.0
RPL,2025-09,81387.36,0.0,0.0
RPL,2025-10,81692.55,0.0,0.0
RPL,2025-11,81998.88,0.0,0.0
RPL,2025-12,82306.36,0.0,0.0
RPL,2026-01,82615.0,0.0,0.0
RPL,2026-02,82924.79,0.0,0.0
RPL,2026-03,83235.74,0.0,0.0
RPL,2026-04,83547.86,0.0,0.0
RPL,2026-05,83861.15,0.0,0.0
JUP,2024-02,0,0.0,0.0
JUP,2024-03,0,0.0,0.0
JUP,2024-04,0,0.0,0.0
JUP,2024-05,0,0.0,0.0
JUP,2024-06,0,0.0,0.0
JUP,2024-07,0,0.0,0.0
JUP,2024-08,0,0.0,0.0
JUP,2024-09,0,0.0,0.0
JUP,2024-10,0,0.0,0.0
JUP,2024-11,0,0.0,0.0
JUP,2024-12,0,0.0,0.0
JUP,2025-01,0,466666666.7,0.0
JUP,2025-02,0,38888888.89,0.0
JUP,2025-03,0,38888888.89,0.0
JUP,2025-04,0,38888888.89,0.0
JUP,2025-05,0,38888888.89,0.0
JUP,2025-06,0,38888888.89,0.0
JUP,2025-07,0,77777777.78,0.0
JUP,2025-08,0,38888888.89,0.0
JUP,2025-09,0,38888888.89,0.0
JUP,2025-10,0,38888888.89,0.0
JUP,2025-11,0,38888888.89,0.0
JUP,2025-12,0,38888888.89,0.0
JUP,2026-01,0,38888888.89,0.0
JUP,2026-02,0,0.0,0.0
MPL_SYRUP,2024-10,0.0,0.0,0.0
MPL_SYRUP,2024-11,0.0,0.0,0.0
MPL_SYRUP,2024-12,0.0,0.0,0.0
MPL_SYRUP,2025-01,0.0,0.0,0.0
MPL_SYRUP,2025-02,0.0,0.0,0.0
MPL_SYRUP,2025-03,0.0,0.0,0.0
MPL_SYRUP,2025-04,0.0,0.0,0.0
MPL_SYRUP,2025-05,0.0,0.0,0.0
MPL_SYRUP,2025-06,0.0,0.0,0.0
MPL_SYRUP,2025-07,0.0,0.0,0.0
MPL_SYRUP,2025-08,0.0,0.0,0.0
MPL_SYRUP,2025-09,0.0,0.0,0.0
MPL_SYRUP,2025-10,0.0,0.0,0.0
MPL_SYRUP,2025-11,0.0,0.0,0.0
MPL_SYRUP,2025-12,0.0,0.0,0.0
MPL_SYRUP,2026-01,0.0,0.0,0.0
MPL_SYRUP,2026-02,0.0,0.0,0.0
MPL_SYRUP,2026-03,0.0,0.0,0.0
MPL_SYRUP,2026-04,0.0,0.0,0.0
MPL_SYRUP,2026-05,0.0,0.0,0.0
MPL_SYRUP,2026-06,0.0,0.0,0.0
MPL_SYRUP,2026-07,0.0,0.0,0.0
MPL_SYRUP,2026-08,0.0,0.0,0.0
MPL_SYRUP,2026-09,0.0,0.0,0.0
GMX,2021-08,0.0,0,0.0
GMX,2021-09,0.0,0,0.0
GMX,2021-10,7042.32,0,0.0
GMX,2021-11,15436.06,0,0.0
GMX,2021-12,22073.46,0,0.0
GMX,2022-01,36651.21,0,0.0
GMX,2022-02,28571.41,0,0.0
GMX,2022-03,45382.62,0,0.0
GMX,2022-04,49302.63,0,0.0
GMX,2022-05,59290.23,0,0.0
GMX,2022-06,54331.58,0,0.0
GMX,2022-07,77511.24,0,0.0
GMX,2022-08,72946.44,0,0.0
GMX,2022-09,67747.5,0,0.0
GMX,2022-10,77882.83,0,0.0
GMX,2022-11,78876.86,0,0.0
GMX,2022-12,59326.09,0,0.0
GMX,2023-01,65216.74,0,0.0
GMX,2023-02,52902.24,0,0.0
GMX,2023-03,65452.41,0,0.0
GMX,2023-04,57926.54,0,0.0
GMX,2023-05,59910.68,0,0.0
GMX,2023-06,60198.6,0,0.0
GMX,2023-07,58410.59,0,0.0
GMX,2023-08,53669.27,0,0.0
GMX,2023-09,47804.71,0,0.0
GMX,2023-10,65351.67,0,0.0
GMX,2023-11,65836.5,0,0.0
GMX,2023-12,57320.65,0,0.0
GMX,2024-01,49169.54,0,0.0
GMX,2024-02,49659.8,0,0.0
GMX,2024-03,38513.17,0,0.0
GMX,2024-04,30446.81,0,0.0
GMX,2024-05,29507.83,0,0.0
GMX,2024-06,21870.97,0,0.0
GMX,2024-07,26692.03,0,0.0
GMX,2024-08,33643.51,0,0.0
GMX,2024-09,35100.97,0,0.0
GMX,2024-10,51929.31,0,0.0
GMX,2024-11,45266.13,0,0.0
GMX,2024-12,43083.97,0,0.0
GMX,2025-01,32982.94,0,0.0
GMX,2025-02,27947.6,0,0.0
GMX,2025-03,23755.29,0,0.0
GMX,2025-04,42197.06,0,0.0
GMX,2025-05,28264.72,0,0.0
GMX,2025-06,19264.72,0,0.0
GMX,2025-07,31014.31,0,0.0
GMX,2025-08,20251.16,0,0.0
GMX,2025-09,19967.63,0,0.0
GMX,2025-10,18011.52,0,0.0
GMX,2025-11,9859.03,0,0.0
GMX,2025-12,13997.16,0,0.0
GMX,2026-01,17224.91,0,0.0
GMX,2026-02,13198.56,0,0.0
GMX,2026-03,9112.18,0,0.0
GMX,2026-04,6848.87,0,0.0
GMX,2026-05,6405.04,0,0.0
DRIFT,2024-06,9365798.08,1642935.38,0.0
DRIFT,2024-07,9677991.35,1697699.89,0.0
DRIFT,2024-08,9677991.35,1697699.89,0.0
DRIFT,2024-09,9365798.08,1642935.38,0.0
DRIFT,2024-10,9677991.35,1697699.89,0.0
DRIFT,2024-11,9365798.08,1642935.38,0.0
DRIFT,2024-12,9677991.35,1697699.89,0.0
DRIFT,2025-01,9677991.35,1697699.89,0.0
DRIFT,2025-02,8741411.54,1533406.35,0.0
DRIFT,2025-03,9677991.35,1697699.89,0.0
DRIFT,2025-04,9365798.08,1642935.38,0.0
DRIFT,2025-05,9677991.35,5204549.21,0.0
DRIFT,2025-06,9365798.08,8218277.84,0.0
DRIFT,2025-07,9677991.35,8492220.44,0.0
DRIFT,2025-08,9677991.35,8492220.44,0.0
DRIFT,2025-09,9365798.08,8218277.84,0.0
DRIFT,2025-10,9677991.35,8492220.44,0.0
DRIFT,2025-11,9365798.08,8218277.84,0.0
DRIFT,2025-12,9677991.35,8492220.44,0.0
DRIFT,2026-01,7721456.04,8492220.44,0.0
DRIFT,2026-02,5518882.8,7670392.65,0.0
DRIFT,2026-03,6110191.68,8492220.44,0.0
DRIFT,2026-04,5913088.72,8218277.84,0.0
DRIFT,2026-05,6110191.68,4985371.12,0.0
DRIFT,2026-06,5913088.72,1642935.38,0.0
DRIFT,2026-07,6110191.68,1697699.89,0.0
DRIFT,2026-08,6110191.68,1697699.89,0.0
DRIFT,2026-09,5913088.72,1642935.38,0.0
DRIFT,2026-10,6110191.68,1697699.89,0.0
DRIFT,2026-11,5913088.72,1642935.38,0.0
DRIFT,2026-12,6110191.68,1697699.89,0.0
DRIFT,2027-01,6110191.68,1697699.89,0.0
DRIFT,2027-02,5518882.8,1533406.35,0.0
DRIFT,2027-03,6110191.68,1697699.89,0.0
DRIFT,2027-04,5913088.72,1642935.38,0.0
DRIFT,2027-05,6110191.68,1697699.89,0.0
DRIFT,2027-06,5913088.72,1642935.38,0.0
DRIFT,2027-07,6110191.68,1697699.89,0.0
DRIFT,2027-08,6110191.68,1697699.89,0.0
DRIFT,2027-09,5913088.72,1642935.38,0.0
DRIFT,2027-10,6110191.68,1697699.89,0.0
DRIFT,2027-11,5913088.72,1642935.38,0.0
DRIFT,2027-12,6110191.68,1697699.89,0.0
DRIFT,2028-01,6110191.68,1697699.89,0.0
DRIFT,2028-02,5715985.76,1588170.87,0.0
DRIFT,2028-03,6110191.68,1697699.89,0.0
DRIFT,2028-04,5913088.72,1642935.38,0.0
DRIFT,2028-05,6110191.68,1697699.89,0.0
DRIFT,2028-06,5913088.72,1642935.38,0.0
DRIFT,2028-07,6110191.68,1697699.89,0.0
DRIFT,2028-08,6110191.68,1697699.89,0.0
DRIFT,2028-09,5913088.72,1642935.38,0.0
DRIFT,2028-10,6110191.68,1697699.89,0.0
DRIFT,2028-11,5913088.72,1642935.38,0.0
DRIFT,2028-12,6110191.68,1697699.89,0.0
DRIFT,2029-01,6110191.68,1697699.89,0.0
DRIFT,2029-02,5518882.8,1533406.35,0.0
DRIFT,2029-03,6110191.68,1697699.89,0.0
DRIFT,2029-04,5913088.72,1642935.38,0.0
DRIFT,2029-05,2956544.36,821467.69,0.0
ETHFI,2024-04,6078690.2,0.0,0.0
ETHFI,2024-05,954868.51,0.0,0.0
ETHFI,2024-06,10290351.04,0.0,0.0
ETHFI,2024-07,29289011.59,0.0,0.0
ETHFI,2024-08,7165861.91,0.0,0.0
ETHFI,2024-09,13679341.84,0.0,0.0
ETHFI,2024-10,18380957.75,0.0,0.0
ETHFI,2024-11,2878811.0,0.0,0.0
ETHFI,2024-12,3037662.66,0.0,0.0
ETHFI,2025-01,4228371.43,0.0,0.0
ETHFI,2025-02,11049.5,0.0,0.0
ETHFI,2025-03,27785.37,25974468.99,0.0
ETHFI,2025-04,56207.92,41012319.45,0.0
ETHFI,2025-05,200394.13,42379396.77,0.0
ETHFI,2025-06,700315.57,41012319.45,0.0
ETHFI,2025-07,1136864.77,42379396.77,0.0
ETHFI,2025-08,755407.55,42379396.77,0.0
ETHFI,2025-09,0.0,41012319.45,0.0
ETHFI,2025-10,0.0,42379396.77,0.0
ETHFI,2025-11,0.0,41012319.45,0.0
ETHFI,2025-12,0.0,42379396.77,0.0
ETHFI,2026-01,0.0,42379396.77,0.0
ETHFI,2026-02,0.0,38278164.82,0.0
ETHFI,2026-03,0.0,19162356.25,0.0
ETHFI,2026-04,0.0,4353834.43,0.0
ETHFI,2026-05,0.0,4498962.24,0.0
ETHFI,2026-06,0.0,4353834.43,0.0
ETHFI,2026-07,0.0,4498962.24,0.0
ETHFI,2026-08,0.0,4498962.24,0.0
ETHFI,2026-09,0.0,4353834.43,0.0
ETHFI,2026-10,0.0,4498962.24,0.0
ETHFI,2026-11,0.0,4353834.43,0.0
ETHFI,2026-12,0.0,4498962.24,0.0
ETHFI,2027-01,0.0,4498962.24,0.0
ETHFI,2027-02,0.0,4063578.8,0.0
ETHFI,2027-03,0.0,1886661.58,0.0
GRT,2021-01,0.0,0.0,0.0
GRT,2021-02,0.0,0.0,0.0
GRT,2021-03,0.0,0.0,0.0
GRT,2021-04,0.0,0.0,0.0
GRT,2021-05,0.0,0.0,0.0
GRT,2021-06,0.0,4939714.58,0.0
GRT,2021-07,0.0,35739363.06,0.0
GRT,2021-08,0.0,68914808.13,0.0
GRT,2021-09,0.0,66691749.81,0.0
GRT,2021-10,0.0,68914808.13,0.0
GRT,2021-11,0.0,66691749.81,0.0
GRT,2021-12,12074179.85,63215137.46,0.0
GRT,2022-01,26735683.95,57135488.74,0.0
GRT,2022-02,24148359.7,51606247.9,0.0
GRT,2022-03,26735683.95,57135488.74,0.0
GRT,2022-04,25873242.53,55292408.46,0.0
GRT,2022-05,26735683.95,57135488.74,0.0
GRT,2022-06,25873242.53,55292408.46,0.0
GRT,2022-07,26735683.95,57135488.74,0.0
GRT,2022-08,26735683.95,57135488.74,0.0
GRT,2022-09,25873242.53,55292408.46,0.0
GRT,2022-10,26735683.95,57135488.74,0.0
GRT,2022-11,25873242.53,55292408.46,0.0
GRT,2022-12,14661504.1,57135488.74,0.0
GRT,2023-01,0.0,57135488.74,0.0
GRT,2023-02,0.0,51606247.9,0.0
GRT,2023-03,0.0,57135488.74,0.0
GRT,2023-04,0.0,55292408.46,0.0
GRT,2023-05,0.0,57135488.74,0.0
GRT,2023-06,0.0,55292408.46,0.0
GRT,2023-07,0.0,57135488.74,0.0
GRT,2023-08,0.0,57135488.74,0.0
GRT,2023-09,0.0,55292408.46,0.0
GRT,2023-10,0.0,57135488.74,0.0
GRT,2023-11,0.0,55292408.46,0.0
GRT,2023-12,0.0,57135488.74,0.0
GRT,2024-01,0.0,57135488.74,0.0
GRT,2024-02,0.0,53449328.18,0.0
GRT,2024-03,0.0,57135488.74,0.0
GRT,2024-04,0.0,55292408.46,0.0
GRT,2024-05,0.0,57135488.74,0.0
GRT,2024-06,0.0,55292408.46,0.0
GRT,2024-07,0.0,57135488.74,0.0
GRT,2024-08,0.0,57135488.74,0.0
GRT,2024-09,0.0,55292408.46,0.0
GRT,2024-10,0.0,57135488.74,0.0
GRT,2024-11,0.0,55292408.46,0.0
GRT,2024-12,0.0,29489284.51,0.0
GRT,2025-01,0.0,0.0,0.0
GRT,2025-02,0.0,0.0,0.0
GRT,2025-03,0.0,0.0,0.0
GRT,2025-04,0.0,0.0,0.0
GRT,2025-05,0.0,0.0,0.0
GRT,2025-06,0.0,0.0,0.0
GRT,2025-07,0.0,0.0,0.0
GRT,2025-08,0.0,0.0,0.0
GRT,2025-09,0.0,0.0,0.0
GRT,2025-10,0.0,0.0,0.0
GRT,2025-11,0.0,0.0,0.0
GRT,2025-12,0.0,0.0,0.0
GRT,2026-01,0.0,0.0,0.0
GRT,2026-02,0.0,0.0,0.0
GRT,2026-03,0.0,0.0,0.0
GRT,2026-04,0.0,0.0,0.0
GRT,2026-05,0.0,0.0,0.0
GRT,2026-06,0.0,0.0,0.0
GRT,2026-07,0.0,0.0,0.0
GRT,2026-08,0.0,0.0,0.0
GRT,2026-09,0.0,0.0,0.0
GRT,2026-10,0.0,0.0,0.0
GRT,2026-11,0.0,0.0,0.0
GRT,2026-12,0.0,0.0,0.0
GRT,2027-01,0.0,0.0,0.0
GRT,2027-02,0.0,0.0,0.0
GRT,2027-03,0.0,0.0,0.0
GRT,2027-04,0.0,0.0,0.0
GRT,2027-05,0.0,0.0,0.0
GRT,2027-06,0.0,0.0,0.0
GRT,2027-07,0.0,0.0,0.0
GRT,2027-08,0.0,0.0,0.0
GRT,2027-09,0.0,0.0,0.0
GRT,2027-10,0.0,0.0,0.0
GRT,2027-11,0.0,0.0,0.0
GRT,2027-12,0.0,0.0,0.0
GRT,2028-01,0.0,0.0,0.0
GRT,2028-02,0.0,0.0,0.0
GRT,2028-03,0.0,0.0,0.0
GRT,2028-04,0.0,0.0,0.0
GRT,2028-05,0.0,0.0,0.0
GRT,2028-06,0.0,0.0,0.0
GRT,2028-07,0.0,0.0,0.0
GRT,2028-08,0.0,0.0,0.0
GRT,2028-09,0.0,0.0,0.0
GRT,2028-10,0.0,0.0,0.0
GRT,2028-11,0.0,0.0,0.0
GRT,2028-12,0.0,0.0,0.0
GRT,2029-01,0.0,0.0,0.0
GRT,2029-02,0.0,0.0,0.0
GRT,2029-03,0.0,0.0,0.0
GRT,2029-04,0.0,0.0,0.0
GRT,2029-05,0.0,0.0,0.0
GRT,2029-06,0.0,0.0,0.0
GRT,2029-07,0.0,0.0,0.0
GRT,2029-08,0.0,0.0,0.0
GRT,2029-09,0.0,0.0,0.0
GRT,2029-10,0.0,0.0,0.0
GRT,2029-11,0.0,0.0,0.0
GRT,2029-12,0.0,0.0,0.0
GRT,2030-01,0.0,0.0,0.0
GRT,2030-02,0.0,0.0,0.0
GRT,2030-03,0.0,0.0,0.0
GRT,2030-04,0.0,0.0,0.0
GRT,2030-05,0.0,0.0,0.0
GRT,2030-06,0.0,0.0,0.0
GRT,2030-07,0.0,0.0,0.0
GRT,2030-08,0.0,0.0,0.0
GRT,2030-09,0.0,0.0,0.0
GRT,2030-10,0.0,0.0,0.0
GRT,2030-11,0.0,0.0,0.0
GRT,2030-12,0.0,0.0,0.0
OP,2022-07,0,0.0,0.0
OP,2022-08,0,0.0,0.0
OP,2022-09,0,0.0,0.0
OP,2022-10,0,0.0,0.0
OP,2022-11,0,0.0,0.0
OP,2022-12,0,0.0,0.0
OP,2023-01,0,0.0,0.0
OP,2023-02,0,0.0,0.0
OP,2023-03,0,0.0,0.0
OP,2023-04,0,0.0,0.0
OP,2023-05,0,386547056.64,0.0
OP,2023-06,0,0.0,0.0
OP,2023-07,0,64424509.44,0.0
OP,2023-08,0,32212254.72,0.0
OP,2023-09,0,32212254.72,0.0
OP,2023-10,0,32212254.72,0.0
OP,2023-11,0,32212254.72,0.0
OP,2023-12,0,32212254.72,0.0
OP,2024-01,0,32212254.72,0.0
OP,2024-02,0,32212254.72,0.0
OP,2024-03,0,32212254.72,0.0
OP,2024-04,0,32212254.72,0.0
OP,2024-05,0,32212254.72,0.0
OP,2024-06,0,32212254.72,0.0
OP,2024-07,0,60845369.72,0.0
OP,2024-08,0,32212254.72,0.0
OP,2024-09,0,32212254.72,0.0
OP,2024-10,0,32212254.72,0.0
OP,2024-11,0,32212254.72,0.0
OP,2024-12,0,36686178.72,0.0
OP,2025-01,0,32212254.72,0.0
OP,2025-02,0,0.0,0.0
OP,2025-03,0,68898433.44,0.0
OP,2025-04,0,0.0,0.0
OP,2025-05,0,64424509.44,0.0
OP,2025-06,0,36686178.72,0.0
OP,2025-07,0,32212254.72,0.0
OP,2025-08,0,32212254.72,0.0
OP,2025-09,0,36686178.72,0.0
OP,2025-10,0,32212254.72,0.0
OP,2025-11,0,32212254.72,0.0
OP,2025-12,0,36686178.72,0.0
OP,2026-01,0,32212254.72,0.0
OP,2026-02,0,0.0,0.0
OP,2026-03,0,68898433.44,0.0
OP,2026-04,0,0.0,0.0
OP,2026-05,0,64424509.44,0.0
OP,2026-06,0,4473924.0,0.0
OP,2026-07,0,0.0,0.0
OP,2026-08,0,0.0,0.0
OP,2026-09,0,4473924.0,0.0
OP,2026-10,0,0.0,0.0
OP,2026-11,0,0.0,0.0
OP,2026-12,0,4473924.0,0.0
OP,2027-01,0,0.0,0.0
OP,2027-02,0,0.0,0.0
OP,2027-03,0,4473924.0,0.0
OP,2027-04,0,0.0,0.0
OP,2027-05,0,0.0,0.0
OP,2027-06,0,4473924.0,0.0
OP,2027-07,0,0.0,0.0
OP,2027-08,0,0.0,0.0
OP,2027-09,0,4473924.0,0.0
OP,2027-10,0,0.0,0.0
OP,2027-11,0,0.0,0.0
OP,2027-12,0,4473924.0,0.0
OP,2028-01,0,0.0,0.0
OP,2028-02,0,0.0,0.0
OP,2028-03,0,4473924.0,0.0
OP,2028-04,0,0.0,0.0
OP,2028-05,0,0.0,0.0
OP,2028-06,0,4473924.0,0.0
OP,2028-07,0,0.0,0.0
OP,2028-08,0,0.0,0.0
OP,2028-09,0,4473924.0,0.0
OP,2028-10,0,0.0,0.0
OP,2028-11,0,0.0,0.0
OP,2028-12,0,4473924.0,0.0
OP,2029-01,0,0.0,0.0
OP,2029-02,0,0.0,0.0
OP,2029-03,0,4473924.0,0.0
OP,2029-04,0,0.0,0.0
OP,2029-05,0,0.0,0.0
OP,2029-06,0,4473924.0,0.0
OP,2029-07,0,0.0,0.0
OP,2029-08,0,0.0,0.0
OP,2029-09,0,4473924.0,0.0
ARB,2023-04,0,0.0,0.0
ARB,2023-05,0,0.0,0.0
ARB,2023-06,0,0.0,0.0
ARB,2023-07,0,0.0,0.0
ARB,2023-08,0,0.0,0.0
ARB,2023-09,0,0.0,0.0
ARB,2023-10,0,0.0,0.0
ARB,2023-11,0,0.0,0.0
ARB,2023-12,0,0.0,0.0
ARB,2024-01,0,0.0,0.0
ARB,2024-02,0,0.0,0.0
ARB,2024-03,0,1111750000.0,0.0
ARB,2024-04,0,92645833.33,0.0
ARB,2024-05,0,92645833.33,0.0
ARB,2024-06,0,92645833.33,0.0
ARB,2024-07,0,92645833.33,0.0
ARB,2024-08,0,92645833.33,0.0
ARB,2024-09,0,92645833.33,0.0
ARB,2024-10,0,92645833.33,0.0
ARB,2024-11,0,92645833.33,0.0
ARB,2024-12,0,92645833.33,0.0
ARB,2025-01,0,92645833.33,0.0
ARB,2025-02,0,92645833.33,0.0
ARB,2025-03,0,92645833.33,0.0
ARB,2025-04,0,92645833.33,0.0
ARB,2025-05,0,92645833.33,0.0
ARB,2025-06,0,92645833.33,0.0
ARB,2025-07,0,92645833.33,0.0
ARB,2025-08,0,92645833.33,0.0
ARB,2025-09,0,92645833.33,0.0
ARB,2025-10,0,92645833.33,0.0
ARB,2025-11,0,92645833.33,0.0
ARB,2025-12,0,92645833.33,0.0
ARB,2026-01,0,92645833.33,0.0
ARB,2026-02,0,92645833.33,0.0
ARB,2026-03,0,92645833.33,0.0
ARB,2026-04,0,92645833.33,0.0
ARB,2026-05,0,92645833.33,0.0
ARB,2026-06,0,92645833.33,0.0
ARB,2026-07,0,92645833.33,0.0
ARB,2026-08,0,92645833.33,0.0
ARB,2026-09,0,92645833.33,0.0
ARB,2026-10,0,92645833.33,0.0
ARB,2026-11,0,92645833.33,0.0
ARB,2026-12,0,92645833.33,0.0
ARB,2027-01,0,92645833.33,0.0
ARB,2027-02,0,92645833.33,0.0
ARB,2027-03,0,92645833.33,0.0
ARB,2027-04,0,0.0,0.0
ENS,2021-12,0,414606.43,0.0
ENS,2022-01,0,414606.43,0.0
ENS,2022-02,0,374483.23,0.0
ENS,2022-03,0,414606.43,0.0
ENS,2022-04,0,401232.03,0.0
ENS,2022-05,0,414606.43,0.0
ENS,2022-06,0,401232.03,0.0
ENS,2022-07,0,414606.43,0.0
ENS,2022-08,0,414606.43,0.0
ENS,2022-09,0,401232.03,0.0
ENS,2022-10,0,414606.43,0.0
ENS,2022-11,0,401232.03,0.0
ENS,2022-12,0,414606.43,0.0
ENS,2023-01,0,414606.43,0.0
ENS,2023-02,0,374483.23,0.0
ENS,2023-03,0,414606.43,0.0
ENS,2023-04,0,401232.03,0.0
ENS,2023-05,0,414606.43,0.0
ENS,2023-06,0,401232.03,0.0
ENS,2023-07,0,414606.43,0.0
ENS,2023-08,0,414606.43,0.0
ENS,2023-09,0,401232.03,0.0
ENS,2023-10,0,414606.43,0.0
ENS,2023-11,0,401232.03,0.0
ENS,2023-12,0,414606.43,0.0
ENS,2024-01,0,414606.43,0.0
ENS,2024-02,0,387857.63,0.0
ENS,2024-03,0,414606.43,0.0
ENS,2024-04,0,401232.03,0.0
ENS,2024-05,0,414606.43,0.0
ENS,2024-06,0,401232.03,0.0
ENS,2024-07,0,414606.43,0.0
ENS,2024-08,0,414606.43,0.0
ENS,2024-09,0,401232.03,0.0
ENS,2024-10,0,414606.43,0.0
ENS,2024-11,0,401232.03,0.0
ENS,2024-12,0,414606.43,0.0
ENS,2025-01,0,414606.43,0.0
ENS,2025-02,0,374483.23,0.0
ENS,2025-03,0,414606.43,0.0
ENS,2025-04,0,401232.03,0.0
ENS,2025-05,0,414606.43,0.0
ENS,2025-06,0,401232.03,0.0
ENS,2025-07,0,414606.43,0.0
ENS,2025-08,0,414606.43,0.0
ENS,2025-09,0,401232.03,0.0
ENS,2025-10,0,414606.43,0.0
ENS,2025-11,0,93620.81,0.0
GRASS,2024-11,3696316.78,0.0,0.0
GRASS,2024-12,3729175.49,0.0,0.0
GRASS,2025-01,3729175.49,0.0,0.0
GRASS,2025-02,3630599.37,0.0,0.0
GRASS,2025-03,3729175.49,0.0,0.0
GRASS,2025-04,3696316.78,0.0,0.0
GRASS,2025-05,3729175.49,0.0,0.0
GRASS,2025-06,3696316.78,0.0,0.0
GRASS,2025-07,3729175.49,0.0,0.0
GRASS,2025-08,3729175.49,0.0,0.0
GRASS,2025-09,3696316.78,0.0,0.0
GRASS,2025-10,3729175.49,126000000.0,0.0
GRASS,2025-11,3696316.78,10500000.0,0.0
GRASS,2025-12,3729175.49,10500000.0,0.0
GRASS,2026-01,3729175.49,10500000.0,0.0
GRASS,2026-02,3630599.37,10500000.0,0.0
GRASS,2026-03,3729175.49,10500000.0,0.0
GRASS,2026-04,3696316.78,10500000.0,0.0
GRASS,2026-05,3729175.49,10500000.0,0.0
GRASS,2026-06,3696316.78,10500000.0,0.0
GRASS,2026-07,3729175.49,10500000.0,0.0
GRASS,2026-08,3729175.49,10500000.0,0.0
GRASS,2026-09,3696316.78,10500000.0,0.0
GRASS,2026-10,3729175.49,10500000.0,0.0
GRASS,2026-11,3696316.78,0.0,0.0
GRASS,2026-12,3729175.49,0.0,0.0
GRASS,2027-01,3729175.49,0.0,0.0
GRASS,2027-02,3630599.37,0.0,0.0
GRASS,2027-03,3729175.49,0.0,0.0
GRASS,2027-04,3630599.37,0.0,0.0
GRASS,2027-05,2710555.56,0.0,0.0
GRASS,2027-06,2710555.56,0.0,0.0
GRASS,2027-07,2710555.56,0.0,0.0
GRASS,2027-08,2710555.56,0.0,0.0
GRASS,2027-09,2710555.56,0.0,0.0
GRASS,2027-10,2710555.56,0.0,0.0
GRASS,2027-11,0.0,0.0,0.0
GRASS,2027-12,0.0,0.0,0.0
GRASS,2028-01,0.0,0.0,0.0
GRASS,2028-02,0.0,0.0,0.0
GRASS,2028-03,0.0,0.0,0.0
GRASS,2028-04,0.0,0.0,0.0
GRASS,2028-05,0.0,0.0,0.0
GRASS,2028-06,0.0,0.0,0.0
GRASS,2028-07,0.0,0.0,0.0
GRASS,2028-08,0.0,0.0,0.0
GRASS,2028-09,0.0,0.0,0.0
GRASS,2028-10,0.0,0.0,0.0
GRASS,2028-11,0.0,0.0,0.0
GRASS,2028-12,0.0,0.0,0.0
GRASS,2029-01,0.0,0.0,0.0
GRASS,2029-02,0.0,0.0,0.0
GRASS,2029-03,0.0,0.0,0.0
GRASS,2029-04,0.0,0.0,0.0
GRASS,2029-05,0.0,0.0,0.0
GRASS,2029-06,0.0,0.0,0.0
GRASS,2029-07,0.0,0.0,0.0
GRASS,2029-08,0.0,0.0,0.0
GRASS,2029-09,0.0,0.0,0.0
GRASS,2029-10,0.0,0.0,0.0
GRASS,2029-11,0.0,0.0,0.0
GRASS,2029-12,0.0,0.0,0.0
GRASS,2030-01,0.0,0.0,0.0
GRASS,2030-02,0.0,0.0,0.0
GRASS,2030-03,0.0,0.0,0.0
GRASS,2030-04,0.0,0.0,0.0
GRASS,2030-05,0.0,0.0,0.0
GRASS,2030-06,0.0,0.0,0.0
GRASS,2030-07,0.0,0.0,0.0
GRASS,2030-08,0.0,0.0,0.0
GRASS,2030-09,0.0,0.0,0.0
GRASS,2030-10,0.0,0.0,0.0
HNT,2019-09,0,1480524.43,0.0
HNT,2019-10,0,1529875.25,0.0
HNT,2019-11,0,1480524.43,0.0
HNT,2019-12,0,1529875.25,0.0
HNT,2020-01,0,1529875.25,0.0
HNT,2020-02,0,1431173.62,0.0
HNT,2020-03,0,1529875.25,0.0
HNT,2020-04,0,1480524.43,0.0
HNT,2020-05,0,1529875.25,0.0
HNT,2020-06,0,1480524.43,0.0
HNT,2020-07,0,1529875.25,0.0
HNT,2020-08,0,1486164.53,0.0
HNT,2020-09,0,1438223.74,0.0
HNT,2020-10,0,1486164.53,0.0
HNT,2020-11,0,1438223.74,0.0
HNT,2020-12,0,1486164.53,0.0
HNT,2021-01,0,1486164.53,0.0
HNT,2021-02,0,1342342.15,0.0
HNT,2021-03,0,1486164.53,0.0
HNT,2021-04,0,1438223.74,0.0
HNT,2021-05,0,1486164.53,0.0
HNT,2021-06,0,1438223.74,0.0
HNT,2021-07,0,1486164.53,0.0
HNT,2021-08,0,840264.35,0.0
HNT,2021-09,0,813159.05,0.0
HNT,2021-10,0,840264.35,0.0
HNT,2021-11,0,813159.05,0.0
HNT,2021-12,0,840264.35,0.0
HNT,2022-01,0,840264.35,0.0
HNT,2022-02,0,758948.45,0.0
HNT,2022-03,0,840264.35,0.0
HNT,2022-04,0,813159.05,0.0
HNT,2022-05,0,840264.35,0.0
HNT,2022-06,0,813159.05,0.0
HNT,2022-07,0,840264.35,0.0
HNT,2022-08,0,814801.8,0.0
HNT,2022-09,0,788517.87,0.0
HNT,2022-10,0,814801.8,0.0
HNT,2022-11,0,788517.87,0.0
HNT,2022-12,0,814801.8,0.0
HNT,2023-01,0,814801.8,0.0
HNT,2023-02,0,735950.01,0.0
HNT,2023-03,0,814801.8,0.0
HNT,2023-04,0,788517.87,0.0
HNT,2023-05,0,814801.8,0.0
HNT,2023-06,0,788517.87,0.0
HNT,2023-07,0,814801.8,0.0
HNT,2023-08,0,394669.62,0.0
HNT,2023-09,0,381938.34,0.0
HNT,2023-10,0,394669.62,0.0
HNT,2023-11,0,381938.34,0.0
HNT,2023-12,0,394669.62,0.0
HNT,2024-01,0,394669.62,0.0
HNT,2024-02,0,369207.06,0.0
HNT,2024-03,0,394669.62,0.0
HNT,2024-04,0,381938.34,0.0
HNT,2024-05,0,394669.62,0.0
HNT,2024-06,0,381938.34,0.0
HNT,2024-07,0,394669.62,0.0
HNT,2024-08,0,381938.34,0.0
HNT,2024-09,0,369617.75,0.0
HNT,2024-10,0,381938.34,0.0
HNT,2024-11,0,369617.75,0.0
HNT,2024-12,0,381938.34,0.0
HNT,2025-01,0,381938.34,0.0
HNT,2025-02,0,344976.57,0.0
HNT,2025-03,0,381938.34,0.0
HNT,2025-04,0,369617.75,0.0
HNT,2025-05,0,381938.34,0.0
HNT,2025-06,0,369617.75,0.0
HNT,2025-07,0,381938.34,0.0
HNT,2025-08,0,184603.53,0.0
HNT,2025-09,0,178648.58,0.0
HNT,2025-10,0,184603.53,0.0
HNT,2025-11,0,178648.58,0.0
HNT,2025-12,0,184603.53,0.0
HNT,2026-01,0,184603.53,0.0
HNT,2026-02,0,166738.67,0.0
HNT,2026-03,0,184603.53,0.0
HNT,2026-04,0,178648.58,0.0
HNT,2026-05,0,184603.53,0.0
HNT,2026-06,0,178648.58,0.0
HNT,2026-07,0,184603.53,0.0
HNT,2026-08,0,178237.89,0.0
HNT,2026-09,0,172488.28,0.0
HNT,2026-10,0,178237.89,0.0
HNT,2026-11,0,172488.28,0.0
HNT,2026-12,0,178237.89,0.0
HNT,2027-01,0,178237.89,0.0
HNT,2027-02,0,160989.06,0.0
HNT,2027-03,0,178237.89,0.0
HNT,2027-04,0,172488.28,0.0
HNT,2027-05,0,178237.89,0.0
HNT,2027-06,0,172488.28,0.0
HNT,2027-07,0,178237.89,0.0
HNT,2027-08,0,85936.13,0.0
HNT,2027-09,0,83163.99,0.0
HNT,2027-10,0,85936.13,0.0
HNT,2027-11,0,83163.99,0.0
HNT,2027-12,0,85936.13,0.0
HNT,2028-01,0,85936.13,0.0
HNT,2028-02,0,80391.86,0.0
HNT,2028-03,0,85936.13,0.0
HNT,2028-04,0,83163.99,0.0
HNT,2028-05,0,85936.13,0.0
HNT,2028-06,0,83163.99,0.0
HNT,2028-07,0,85936.13,0.0
HNT,2028-08,0,82753.31,0.0
HNT,2028-09,0,80083.85,0.0
HNT,2028-10,0,82753.31,0.0
HNT,2028-11,0,80083.85,0.0
HNT,2028-12,0,82753.31,0.0
HNT,2029-01,0,82753.31,0.0
HNT,2029-02,0,74744.92,0.0
HNT,2029-03,0,82753.31,0.0
HNT,2029-04,0,80083.85,0.0
HNT,2029-05,0,82753.31,0.0
HNT,2029-06,0,80083.85,0.0
HNT,2029-07,0,82753.31,0.0
HNT,2029-08,0,39785.24,0.0
HNT,2029-09,0,38501.85,0.0
HNT,2029-10,0,39785.24,0.0
HNT,2029-11,0,38501.85,0.0
HNT,2029-12,0,39785.24,0.0
HNT,2030-01,0,39785.24,0.0
HNT,2030-02,0,35935.06,0.0
HNT,2030-03,0,39785.24,0.0
HNT,2030-04,0,38501.85,0.0
HNT,2030-05,0,39785.24,0.0
HNT,2030-06,0,38501.85,0.0
HNT,2030-07,0,39785.24,0.0
HNT,2030-08,0,38193.83,0.0
HNT,2030-09,0,36961.78,0.0
HNT,2030-10,0,38193.83,0.0
HNT,2030-11,0,36961.78,0.0
HNT,2030-12,0,38193.83,0.0
HNT,2031-01,0,38193.83,0.0
HNT,2031-02,0,34497.66,0.0
HNT,2031-03,0,38193.83,0.0
HNT,2031-04,0,36961.78,0.0
HNT,2031-05,0,38193.83,0.0
HNT,2031-06,0,36961.78,0.0
HNT,2031-07,0,38193.83,0.0
HNT,2031-08,0,18301.21,0.0
HNT,2031-09,0,17710.85,0.0
HNT,2031-10,0,18301.21,0.0
HNT,2031-11,0,17710.85,0.0
HNT,2031-12,0,18301.21,0.0
HNT,2032-01,0,18301.21,0.0
HNT,2032-02,0,17120.49,0.0
HNT,2032-03,0,18301.21,0.0
HNT,2032-04,0,17710.85,0.0
HNT,2032-05,0,18301.21,0.0
HNT,2032-06,0,17710.85,0.0
HNT,2032-07,0,18301.21,0.0
HNT,2032-08,0,17505.51,0.0
HNT,2032-09,0,16940.81,0.0
HNT,2032-10,0,17505.51,0.0
HNT,2032-11,0,16940.81,0.0
HNT,2032-12,0,17505.51,0.0
HNT,2033-01,0,17505.51,0.0
HNT,2033-02,0,15811.43,0.0
HNT,2033-03,0,17505.51,0.0
HNT,2033-04,0,16940.81,0.0
HNT,2033-05,0,17505.51,0.0
HNT,2033-06,0,16940.81,0.0
HNT,2033-07,0,17505.51,0.0
HNT,2033-08,0,8354.9,0.0
HNT,2033-09,0,8085.39,0.0
HNT,2033-10,0,8354.9,0.0
HNT,2033-11,0,8085.39,0.0
HNT,2033-12,0,8354.9,0.0
HNT,2034-01,0,8354.9,0.0
HNT,2034-02,0,7546.36,0.0
HNT,2034-03,0,8354.9,0.0
HNT,2034-04,0,8085.39,0.0
HNT,2034-05,0,8354.9,0.0
HNT,2034-06,0,8085.39,0.0
HNT,2034-07,0,8354.9,0.0
HNT,2034-08,0,7957.05,0.0
HNT,2034-09,0,7700.37,0.0
HNT,2034-10,0,7957.05,0.0
HNT,2034-11,0,7700.37,0.0
HNT,2034-12,0,7957.05,0.0
HNT,2035-01,0,7957.05,0.0
HNT,2035-02,0,7187.01,0.0
HNT,2035-03,0,7957.05,0.0
HNT,2035-04,0,7700.37,0.0
HNT,2035-05,0,7957.05,0.0
HNT,2035-06,0,7700.37,0.0
HNT,2035-07,0,7957.05,0.0
HNT,2035-08,0,3779.6,0.0
HNT,2035-09,0,3657.68,0.0
HNT,2035-10,0,3779.6,0.0
HNT,2035-11,0,3657.68,0.0
HNT,2035-12,0,3779.6,0.0
HNT,2036-01,0,3779.6,0.0
HNT,2036-02,0,3535.75,0.0
HNT,2036-03,0,3779.6,0.0
HNT,2036-04,0,3657.68,0.0
HNT,2036-05,0,3779.6,0.0
HNT,2036-06,0,3657.68,0.0
HNT,2036-07,0,3779.6,0.0
HNT,2036-08,0,3580.67,0.0
HNT,2036-09,0,3465.17,0.0
HNT,2036-10,0,3580.67,0.0
HNT,2036-11,0,3465.17,0.0
HNT,2036-12,0,3580.67,0.0
HNT,2037-01,0,3580.67,0.0
HNT,2037-02,0,3234.16,0.0
HNT,2037-03,0,3580.67,0.0
HNT,2037-04,0,3465.17,0.0
HNT,2037-05,0,3580.67,0.0
HNT,2037-06,0,3465.17,0.0
HNT,2037-07,0,3580.67,0.0
HNT,2037-08,0,1690.87,0.0
HNT,2037-09,0,1636.33,0.0
HNT,2037-10,0,1690.87,0.0
HNT,2037-11,0,1636.33,0.0
HNT,2037-12,0,1690.87,0.0
HNT,2038-01,0,1690.87,0.0
HNT,2038-02,0,1527.24,0.0
HNT,2038-03,0,1690.87,0.0
HNT,2038-04,0,1636.33,0.0
HNT,2038-05,0,1690.87,0.0
HNT,2038-06,0,1636.33,0.0
HNT,2038-07,0,1690.87,0.0
HNT,2038-08,0,1591.41,0.0
HNT,2038-09,0,1540.07,0.0
HNT,2038-10,0,1591.41,0.0
HNT,2038-11,0,1540.07,0.0
HNT,2038-12,0,1591.41,0.0
HNT,2039-01,0,1591.41,0.0
HNT,2039-02,0,1437.4,0.0
HNT,2039-03,0,1591.41,0.0
HNT,2039-04,0,1540.07,0.0
HNT,2039-05,0,1591.41,0.0
HNT,2039-06,0,1540.07,0.0
HNT,2039-07,0,1591.41,0.0
HNT,2039-08,0,745.97,0.0
HNT,2039-09,0,721.91,0.0
HNT,2039-10,0,745.97,0.0
HNT,2039-11,0,721.91,0.0
HNT,2039-12,0,745.97,0.0
HNT,2040-01,0,745.97,0.0
HNT,2040-02,0,697.85,0.0
HNT,2040-03,0,745.97,0.0
HNT,2040-04,0,721.91,0.0
HNT,2040-05,0,745.97,0.0
HNT,2040-06,0,721.91,0.0
HNT,2040-07,0,745.97,0.0
HNT,2040-08,0,745.97,0.0
HNT,2040-09,0,721.91,0.0
HNT,2040-10,0,745.97,0.0
HNT,2040-11,0,721.91,0.0
HNT,2040-12,0,745.97,0.0
HNT,2041-01,0,745.97,0.0
HNT,2041-02,0,673.78,0.0
HNT,2041-03,0,745.97,0.0
HNT,2041-04,0,721.91,0.0
HNT,2041-05,0,745.97,0.0
HNT,2041-06,0,721.91,0.0
HNT,2041-07,0,745.97,0.0
HNT,2041-08,0,372.99,0.0
HNT,2041-09,0,360.95,0.0
HNT,2041-10,0,372.99,0.0
HNT,2041-11,0,360.95,0.0
HNT,2041-12,0,372.99,0.0
HNT,2042-01,0,372.99,0.0
HNT,2042-02,0,336.89,0.0
HNT,2042-03,0,372.99,0.0
HNT,2042-04,0,360.95,0.0
HNT,2042-05,0,372.99,0.0
HNT,2042-06,0,360.95,0.0
HNT,2042-07,0,372.99,0.0
HNT,2042-08,0,372.99,0.0
HNT,2042-09,0,360.95,0.0
HNT,2042-10,0,372.99,0.0
HNT,2042-11,0,360.95,0.0
HNT,2042-12,0,372.99,0.0
HNT,2043-01,0,372.99,0.0
HNT,2043-02,0,336.89,0.0
HNT,2043-03,0,372.99,0.0
HNT,2043-04,0,360.95,0.0
HNT,2043-05,0,372.99,0.0
HNT,2043-06,0,360.95,0.0
HNT,2043-07,0,372.99,0.0
HNT,2043-08,0,186.49,0.0
HNT,2043-09,0,180.48,0.0
HNT,2043-10,0,186.49,0.0
HNT,2043-11,0,180.48,0.0
HNT,2043-12,0,186.49,0.0
HNT,2044-01,0,186.49,0.0
HNT,2044-02,0,174.46,0.0
HNT,2044-03,0,186.49,0.0
HNT,2044-04,0,180.48,0.0
HNT,2044-05,0,186.49,0.0
HNT,2044-06,0,180.48,0.0
HNT,2044-07,0,186.49,0.0
HNT,2044-08,0,186.49,0.0
HNT,2044-09,0,180.48,0.0
HNT,2044-10,0,186.49,0.0
HNT,2044-11,0,180.48,0.0
HNT,2044-12,0,186.49,0.0
HNT,2045-01,0,186.49,0.0
HNT,2045-02,0,168.45,0.0
HNT,2045-03,0,186.49,0.0
HNT,2045-04,0,180.48,0.0
HNT,2045-05,0,186.49,0.0
HNT,2045-06,0,180.48,0.0
HNT,2045-07,0,186.49,0.0
HNT,2045-08,0,93.25,0.0
HNT,2045-09,0,90.24,0.0
HNT,2045-10,0,93.25,0.0
HNT,2045-11,0,90.24,0.0
HNT,2045-12,0,93.25,0.0
HNT,2046-01,0,93.25,0.0
HNT,2046-02,0,84.22,0.0
HNT,2046-03,0,93.25,0.0
HNT,2046-04,0,90.24,0.0
HNT,2046-05,0,93.25,0.0
HNT,2046-06,0,90.24,0.0
HNT,2046-07,0,93.25,0.0
HNT,2046-08,0,93.25,0.0
HNT,2046-09,0,90.24,0.0
HNT,2046-10,0,93.25,0.0
HNT,2046-11,0,90.24,0.0
HNT,2046-12,0,93.25,0.0
HNT,2047-01,0,93.25,0.0
HNT,2047-02,0,84.22,0.0
HNT,2047-03,0,93.25,0.0
HNT,2047-04,0,90.24,0.0
HNT,2047-05,0,93.25,0.0
HNT,2047-06,0,90.24,0.0
HNT,2047-07,0,93.25,0.0
HNT,2047-08,0,46.62,0.0
HNT,2047-09,0,45.12,0.0
HNT,2047-10,0,46.62,0.0
HNT,2047-11,0,45.12,0.0
HNT,2047-12,0,46.62,0.0
HNT,2048-01,0,46.62,0.0
HNT,2048-02,0,43.62,0.0
HNT,2048-03,0,46.62,0.0
HNT,2048-04,0,45.12,0.0
HNT,2048-05,0,46.62,0.0
HNT,2048-06,0,45.12,0.0
HNT,2048-07,0,46.62,0.0
HNT,2048-08,0,46.62,0.0
HNT,2048-09,0,45.12,0.0
HNT,2048-10,0,46.62,0.0
HNT,2048-11,0,45.12,0.0
HNT,2048-12,0,46.62,0.0
HNT,2049-01,0,46.62,0.0
HNT,2049-02,0,42.11,0.0
HNT,2049-03,0,46.62,0.0
HNT,2049-04,0,45.12,0.0
HNT,2049-05,0,46.62,0.0
HNT,2049-06,0,45.12,0.0
HNT,2049-07,0,46.62,0.0
HNT,2049-08,0,23.31,0.0
HNT,2049-09,0,22.56,0.0
HNT,2049-10,0,23.31,0.0
HNT,2049-11,0,22.56,0.0
HNT,2049-12,0,23.31,0.0
HNT,2050-01,0,23.31,0.0
HNT,2050-02,0,21.06,0.0
HNT,2050-03,0,23.31,0.0
HNT,2050-04,0,22.56,0.0
HNT,2050-05,0,23.31,0.0
HNT,2050-06,0,22.56,0.0
HNT,2050-07,0,23.31,0.0
HNT,2050-08,0,23.31,0.0
HNT,2050-09,0,22.56,0.0
HNT,2050-10,0,23.31,0.0
HNT,2050-11,0,22.56,0.0
HNT,2050-12,0,23.31,0.0
HNT,2051-01,0,23.31,0.0
HNT,2051-02,0,21.06,0.0
HNT,2051-03,0,23.31,0.0
HNT,2051-04,0,22.56,0.0
HNT,2051-05,0,23.31,0.0
HNT,2051-06,0,22.56,0.0
HNT,2051-07,0,23.31,0.0
HNT,2051-08,0,11.66,0.0
HNT,2051-09,0,11.28,0.0
HNT,2051-10,0,11.66,0.0
HNT,2051-11,0,11.28,0.0
HNT,2051-12,0,11.66,0.0
HNT,2052-01,0,11.66,0.0
HNT,2052-02,0,10.9,0.0
HNT,2052-03,0,11.66,0.0
HNT,2052-04,0,11.28,0.0
HNT,2052-05,0,11.66,0.0
HNT,2052-06,0,11.28,0.0
HNT,2052-07,0,11.66,0.0
HNT,2052-08,0,11.66,0.0
HNT,2052-09,0,11.28,0.0
HNT,2052-10,0,11.66,0.0
HNT,2052-11,0,11.28,0.0
HNT,2052-12,0,11.66,0.0
HNT,2053-01,0,11.66,0.0
HNT,2053-02,0,10.53,0.0
HNT,2053-03,0,11.66,0.0
HNT,2053-04,0,11.28,0.0
HNT,2053-05,0,11.66,0.0
HNT,2053-06,0,11.28,0.0
HNT,2053-07,0,11.66,0.0
HNT,2053-08,0,5.83,0.0
HNT,2053-09,0,5.64,0.0
HNT,2053-10,0,5.83,0.0
HNT,2053-11,0,5.64,0.0
HNT,2053-12,0,5.83,0.0
HNT,2054-01,0,5.83,0.0
HNT,2054-02,0,5.26,0.0
HNT,2054-03,0,5.83,0.0
HNT,2054-04,0,5.64,0.0
HNT,2054-05,0,5.83,0.0
HNT,2054-06,0,5.64,0.0
HNT,2054-07,0,5.83,0.0
HNT,2054-08,0,5.83,0.0
HNT,2054-09,0,5.64,0.0
HNT,2054-10,0,5.83,0.0
HNT,2054-11,0,5.64,0.0
HNT,2054-12,0,5.83,0.0
HNT,2055-01,0,5.83,0.0
HNT,2055-02,0,5.26,0.0
HNT,2055-03,0,5.83,0.0
HNT,2055-04,0,5.64,0.0
HNT,2055-05,0,5.83,0.0
HNT,2055-06,0,5.64,0.0
HNT,2055-07,0,5.83,0.0
HNT,2055-08,0,2.91,0.0
HNT,2055-09,0,2.82,0.0
HNT,2055-10,0,2.91,0.0
HNT,2055-11,0,2.82,0.0
HNT,2055-12,0,2.91,0.0
HNT,2056-01,0,2.91,0.0
HNT,2056-02,0,2.73,0.0
HNT,2056-03,0,2.91,0.0
HNT,2056-04,0,2.82,0.0
HNT,2056-05,0,2.91,0.0
HNT,2056-06,0,2.82,0.0
HNT,2056-07,0,2.91,0.0
HNT,2056-08,0,2.91,0.0
HNT,2056-09,0,2.82,0.0
HNT,2056-10,0,2.91,0.0
HNT,2056-11,0,2.82,0.0
HNT,2056-12,0,2.91,0.0
HNT,2057-01,0,2.91,0.0
HNT,2057-02,0,2.63,0.0
HNT,2057-03,0,2.91,0.0
HNT,2057-04,0,2.82,0.0
HNT,2057-05,0,2.91,0.0
HNT,2057-06,0,2.82,0.0
HNT,2057-07,0,2.91,0.0
HNT,2057-08,0,1.46,0.0
HNT,2057-09,0,1.41,0.0
HNT,2057-10,0,1.46,0.0
HNT,2057-11,0,1.41,0.0
HNT,2057-12,0,1.46,0.0
HNT,2058-01,0,1.46,0.0
HNT,2058-02,0,1.32,0.0
HNT,2058-03,0,1.46,0.0
HNT,2058-04,0,1.41,0.0
HNT,2058-05,0,1.46,0.0
HNT,2058-06,0,1.41,0.0
HNT,2058-07,0,1.46,0.0
HNT,2058-08,0,1.46,0.0
HNT,2058-09,0,1.41,0.0
HNT,2058-10,0,1.46,0.0
HNT,2058-11,0,1.41,0.0
HNT,2058-12,0,1.46,0.0
HNT,2059-01,0,1.46,0.0
HNT,2059-02,0,1.32,0.0
HNT,2059-03,0,1.46,0.0
HNT,2059-04,0,1.41,0.0
HNT,2059-05,0,1.46,0.0
HNT,2059-06,0,1.41,0.0
HNT,2059-07,0,1.46,0.0
HNT,2059-08,0,0.73,0.0
HNT,2059-09,0,0.7,0.0
HNT,2059-10,0,0.73,0.0
HNT,2059-11,0,0.7,0.0
HNT,2059-12,0,0.73,0.0
HNT,2060-01,0,0.73,0.0
HNT,2060-02,0,0.68,0.0
HNT,2060-03,0,0.73,0.0
HNT,2060-04,0,0.7,0.0
HNT,2060-05,0,0.73,0.0
HNT,2060-06,0,0.7,0.0
HNT,2060-07,0,0.73,0.0
HNT,2060-08,0,0.73,0.0
HNT,2060-09,0,0.7,0.0
HNT,2060-10,0,0.73,0.0
HNT,2060-11,0,0.7,0.0
HNT,2060-12,0,0.73,0.0
HNT,2061-01,0,0.73,0.0
HNT,2061-02,0,0.66,0.0
HNT,2061-03,0,0.73,0.0
HNT,2061-04,0,0.7,0.0
HNT,2061-05,0,0.73,0.0
HNT,2061-06,0,0.7,0.0
HNT,2061-07,0,0.73,0.0
HNT,2061-08,0,0.36,0.0
HNT,2061-09,0,0.35,0.0
HNT,2061-10,0,0.36,0.0
HNT,2061-11,0,0.35,0.0
HNT,2061-12,0,0.36,0.0
HNT,2062-01,0,0.36,0.0
HNT,2062-02,0,0.33,0.0
HNT,2062-03,0,0.36,0.0
HNT,2062-04,0,0.35,0.0
HNT,2062-05,0,0.36,0.0
HNT,2062-06,0,0.35,0.0
HNT,2062-07,0,0.36,0.0
HNT,2062-08,0,0.36,0.0
HNT,2062-09,0,0.35,0.0
HNT,2062-10,0,0.36,0.0
HNT,2062-11,0,0.35,0.0
HNT,2062-12,0,0.36,0.0
HNT,2063-01,0,0.36,0.0
HNT,2063-02,0,0.33,0.0
HNT,2063-03,0,0.36,0.0
HNT,2063-04,0,0.35,0.0
HNT,2063-05,0,0.36,0.0
HNT,2063-06,0,0.35,0.0
HNT,2063-07,0,0.36,0.0
HNT,2063-08,0,0.18,0.0
HNT,2063-09,0,0.18,0.0
HNT,2063-10,0,0.18,0.0
HNT,2063-11,0,0.18,0.0
HNT,2063-12,0,0.18,0.0
HNT,2064-01,0,0.18,0.0
HNT,2064-02,0,0.17,0.0
HNT,2064-03,0,0.18,0.0
HNT,2064-04,0,0.18,0.0
HNT,2064-05,0,0.18,0.0
HNT,2064-06,0,0.18,0.0
HNT,2064-07,0,0.18,0.0
HNT,2064-08,0,0.18,0.0
HNT,2064-09,0,0.18,0.0
HNT,2064-10,0,0.18,0.0
HNT,2064-11,0,0.18,0.0
HNT,2064-12,0,0.18,0.0
HNT,2065-01,0,0.18,0.0
HNT,2065-02,0,0.16,0.0
HNT,2065-03,0,0.18,0.0
HNT,2065-04,0,0.18,0.0
HNT,2065-05,0,0.18,0.0
HNT,2065-06,0,0.18,0.0
HNT,2065-07,0,0.18,0.0
HNT,2065-08,0,0.09,0.0
HNT,2065-09,0,0.09,0.0
HNT,2065-10,0,0.09,0.0
HNT,2065-11,0,0.09,0.0
HNT,2065-12,0,0.09,0.0
HNT,2066-01,0,0.09,0.0
HNT,2066-02,0,0.08,0.0
HNT,2066-03,0,0.09,0.0
HNT,2066-04,0,0.09,0.0
HNT,2066-05,0,0.09,0.0
HNT,2066-06,0,0.09,0.0
HNT,2066-07,0,0.09,0.0
HNT,2066-08,0,0.09,0.0
HNT,2066-09,0,0.09,0.0
HNT,2066-10,0,0.09,0.0
HNT,2066-11,0,0.09,0.0
HNT,2066-12,0,0.09,0.0
HNT,2067-01,0,0.09,0.0
HNT,2067-02,0,0.08,0.0
HNT,2067-03,0,0.09,0.0
HNT,2067-04,0,0.09,0.0
HNT,2067-05,0,0.09,0.0
HNT,2067-06,0,0.09,0.0
HNT,2067-07,0,0.09,0.0
HNT,2067-08,0,0.05,0.0
HNT,2067-09,0,0.04,0.0
HNT,2067-10,0,0.05,0.0
HNT,2067-11,0,0.04,0.0
HNT,2067-12,0,0.05,0.0
HNT,2068-01,0,0.05,0.0
HNT,2068-02,0,0.04,0.0
HNT,2068-03,0,0.05,0.0
HNT,2068-04,0,0.04,0.0
HNT,2068-05,0,0.05,0.0
HNT,2068-06,0,0.04,0.0
HNT,2068-07,0,0.05,0.0
HNT,2068-08,0,0.05,0.0
HNT,2068-09,0,0.04,0.0
HNT,2068-10,0,0.05,0.0
HNT,2068-11,0,0.04,0.0
HNT,2068-12,0,0.05,0.0
HNT,2069-01,0,0.05,0.0
HNT,2069-02,0,0.04,0.0
HNT,2069-03,0,0.05,0.0
HNT,2069-04,0,0.04,0.0
HNT,2069-05,0,0.05,0.0
HNT,2069-06,0,0.04,0.0
HNT,2069-07,0,0.05,0.0
HNT,2069-08,0,0.0,0.0
GEOD,2023-03,4411938.91,0.0,0.0
GEOD,2023-04,3998172.4,0.0,1088000.0
GEOD,2023-05,4199128.78,0.0,302000.0
GEOD,2023-06,4190111.68,28125000.0,200000.0
GEOD,2023-07,2315327.93,0.0,200000.0
GEOD,2023-08,2991907.05,59375000.0,500000.0
GEOD,2023-09,2455392.61,0.0,500000.0
GEOD,2023-10,2817483.96,0.0,500000.0
GEOD,2023-11,2792213.85,1869740.86,450000.0
GEOD,2023-12,3280590.11,17000000.0,300000.0
GEOD,2024-01,3938077.06,0.0,300000.0
GEOD,2024-02,4438332.32,8212121.0,430000.0
GEOD,2024-03,5851241.48,29818181.0,230000.0
GEOD,2024-04,5861564.66,8333333.0,290000.0
GEOD,2024-05,7006341.43,0.0,310000.0
GEOD,2024-06,8057364.21,2500011.0,430007.0
GEOD,2024-07,4774363.5,29999989.0,560385.52
GEOD,2024-08,5165368.29,0.0,710039.86
GEOD,2024-09,5431990.15,0.0,580000.0
GEOD,2024-10,6108599.63,0.0,500000.0
GEOD,2024-11,6383043.18,12500000.0,570000.0
GEOD,2024-12,7023932.71,8333333.33,850000.0
GEOD,2025-01,7758807.07,45250000.0,710000.0
GEOD,2025-02,7123939.27,0.0,650000.0
GEOD,2025-03,8197685.33,0.0,890000.0
GEOD,2025-04,9375035.73,0.0,1060000.0
GEOD,2025-05,9816738.35,0.0,1250000.0
GEOD,2025-06,9885322.64,0.0,1440000.0
GEOD,2025-07,5588137.87,0.0,1590000.0
GEOD,2025-08,5357258.15,0.0,2170000.0
GEOD,2025-09,4854363.6,2500000.0,2210000.0
GEOD,2025-10,4266613.11,0.0,2763000.0
GEOD,2025-11,4220896.36,0.0,1895000.0
GEOD,2025-12,4264383.37,0.0,1415000.0
GEOD,2026-01,4565076.46,0.0,1395000.0
GEOD,2026-02,3848674.42,0.0,1305000.0
GEOD,2026-03,4879435.48,0.0,1410000.0
GEOD,2026-04,4487870.34,0.0,1350000.0
GEOD,2026-05,4489179.63,0.0,1250000.0
FIL,2020-11,0,1232314.01,0.0
FIL,2020-12,0,1273391.15,0.0
FIL,2021-01,0,1273391.15,0.0
FIL,2021-02,0,1150159.74,0.0
FIL,2021-03,0,1273391.15,0.0
FIL,2021-04,0,1232314.01,0.0
FIL,2021-05,0,1273391.15,0.0
FIL,2021-06,0,1232314.01,0.0
FIL,2021-07,0,1273391.15,0.0
FIL,2021-08,0,1273391.15,0.0
FIL,2021-09,0,1232314.01,0.0
FIL,2021-10,0,1273391.15,0.0
FIL,2021-11,0,1232314.01,0.0
FIL,2021-12,0,1273391.15,0.0
FIL,2022-01,0,1273391.15,0.0
FIL,2022-02,0,1150159.74,0.0
FIL,2022-03,0,1273391.15,0.0
FIL,2022-04,0,1232314.01,0.0
FIL,2022-05,0,1273391.15,0.0
FIL,2022-06,0,1232314.01,0.0
FIL,2022-07,0,1273391.15,0.0
FIL,2022-08,0,1273391.15,0.0
FIL,2022-09,0,1232314.01,0.0
FIL,2022-10,0,1273391.15,0.0
FIL,2022-11,0,1232314.01,0.0
FIL,2022-12,0,1273391.15,0.0
FIL,2023-01,0,1273391.15,0.0
FIL,2023-02,0,1150159.74,0.0
FIL,2023-03,0,1273391.15,0.0
FIL,2023-04,0,1232314.01,0.0
FIL,2023-05,0,1273391.15,0.0
FIL,2023-06,0,1232314.01,0.0
FIL,2023-07,0,1273391.15,0.0
FIL,2023-08,0,1273391.15,0.0
FIL,2023-09,0,1232314.01,0.0
FIL,2023-10,0,1273391.15,0.0
FIL,2023-11,0,1232314.01,0.0
FIL,2023-12,0,1273391.15,0.0
FIL,2024-01,0,1273391.15,0.0
FIL,2024-02,0,1191236.88,0.0
FIL,2024-03,0,1273391.15,0.0
FIL,2024-04,0,1232314.01,0.0
FIL,2024-05,0,1273391.15,0.0
FIL,2024-06,0,1232314.01,0.0
FIL,2024-07,0,1273391.15,0.0
FIL,2024-08,0,1273391.15,0.0
FIL,2024-09,0,1232314.01,0.0
FIL,2024-10,0,1273391.15,0.0
FIL,2024-11,0,1232314.01,0.0
FIL,2024-12,0,1273391.15,0.0
FIL,2025-01,0,1273391.15,0.0
FIL,2025-02,0,1150159.74,0.0
FIL,2025-03,0,1273391.15,0.0
FIL,2025-04,0,1232314.01,0.0
FIL,2025-05,0,1273391.15,0.0
FIL,2025-06,0,1232314.01,0.0
FIL,2025-07,0,1273391.15,0.0
FIL,2025-08,0,1273391.15,0.0
FIL,2025-09,0,1232314.01,0.0
FIL,2025-10,0,1273391.15,0.0
FIL,2025-11,0,1232314.01,0.0
FIL,2025-12,0,1273391.15,0.0
FIL,2026-01,0,1273391.15,0.0
FIL,2026-02,0,1150159.74,0.0
FIL,2026-03,0,1273391.15,0.0
FIL,2026-04,0,1232314.01,0.0
FIL,2026-05,0,1273391.15,0.0
FIL,2026-06,0,1232314.01,0.0
FIL,2026-07,0,1273391.15,0.0
FIL,2026-08,0,1273391.15,0.0
FIL,2026-09,0,1232314.01,0.0
FIL,2026-10,0,616157.01,0.0
FIL,2026-11,0,0.0,0.0
FIL,2026-12,0,0.0,0.0
FIL,2027-01,0,0.0,0.0
FIL,2027-02,0,0.0,0.0
FIL,2027-03,0,0.0,0.0
FIL,2027-04,0,0.0,0.0
FIL,2027-05,0,0.0,0.0
FIL,2027-06,0,0.0,0.0
FIL,2027-07,0,0.0,0.0
FIL,2027-08,0,0.0,0.0
FIL,2027-09,0,0.0,0.0
FIL,2027-10,0,0.0,0.0
FIL,2027-11,0,0.0,0.0
FIL,2027-12,0,0.0,0.0
FIL,2028-01,0,0.0,0.0
FIL,2028-02,0,0.0,0.0
FIL,2028-03,0,0.0,0.0
FIL,2028-04,0,0.0,0.0
FIL,2028-05,0,0.0,0.0
FIL,2028-06,0,0.0,0.0
FIL,2028-07,0,0.0,0.0
FIL,2028-08,0,0.0,0.0
FIL,2028-09,0,0.0,0.0
FIL,2028-10,0,0.0,0.0
FIL,2028-11,0,0.0,0.0
FIL,2028-12,0,0.0,0.0
FIL,2029-01,0,0.0,0.0
FIL,2029-02,0,0.0,0.0
FIL,2029-03,0,0.0,0.0
FIL,2029-04,0,0.0,0.0
FIL,2029-05,0,0.0,0.0
FIL,2029-06,0,0.0,0.0
FIL,2029-07,0,0.0,0.0
FIL,2029-08,0,0.0,0.0
FIL,2029-09,0,0.0,0.0
FIL,2029-10,0,0.0,0.0
FIL,2029-11,0,0.0,0.0
FIL,2029-12,0,0.0,0.0
FIL,2030-01,0,0.0,0.0
FIL,2030-02,0,0.0,0.0
FIL,2030-03,0,0.0,0.0
FIL,2030-04,0,0.0,0.0
FIL,2030-05,0,0.0,0.0
FIL,2030-06,0,0.0,0.0
FIL,2030-07,0,0.0,0.0
FIL,2030-08,0,0.0,0.0
FIL,2030-09,0,0.0,0.0
FIL,2030-10,0,0.0,0.0
FIL,2030-11,0,0.0,0.0
FIL,2030-12,0,0.0,0.0
FIL,2031-01,0,0.0,0.0
FIL,2031-02,0,0.0,0.0
FIL,2031-03,0,0.0,0.0
FIL,2031-04,0,0.0,0.0
FIL,2031-05,0,0.0,0.0
FIL,2031-06,0,0.0,0.0
FIL,2031-07,0,0.0,0.0
FIL,2031-08,0,0.0,0.0
FIL,2031-09,0,0.0,0.0
FIL,2031-10,0,0.0,0.0
FIL,2031-11,0,0.0,0.0
FIL,2031-12,0,0.0,0.0
FIL,2032-01,0,0.0,0.0
FIL,2032-02,0,0.0,0.0
FIL,2032-03,0,0.0,0.0
FIL,2032-04,0,0.0,0.0
FIL,2032-05,0,0.0,0.0
FIL,2032-06,0,0.0,0.0
FIL,2032-07,0,0.0,0.0
FIL,2032-08,0,0.0,0.0
FIL,2032-09,0,0.0,0.0
FIL,2032-10,0,0.0,0.0
FIL,2032-11,0,0.0,0.0
FIL,2032-12,0,0.0,0.0
FIL,2033-01,0,0.0,0.0
FIL,2033-02,0,0.0,0.0
FIL,2033-03,0,0.0,0.0
FIL,2033-04,0,0.0,0.0
FIL,2033-05,0,0.0,0.0
FIL,2033-06,0,0.0,0.0
FIL,2033-07,0,0.0,0.0
FIL,2033-08,0,0.0,0.0
FIL,2033-09,0,0.0,0.0
FIL,2033-10,0,0.0,0.0
FIL,2033-11,0,0.0,0.0
FIL,2033-12,0,0.0,0.0
FIL,2034-01,0,0.0,0.0
FIL,2034-02,0,0.0,0.0
FIL,2034-03,0,0.0,0.0
FIL,2034-04,0,0.0,0.0
FIL,2034-05,0,0.0,0.0
FIL,2034-06,0,0.0,0.0
FIL,2034-07,0,0.0,0.0
FIL,2034-08,0,0.0,0.0
FIL,2034-09,0,0.0,0.0
FIL,2034-10,0,0.0,0.0
FIL,2034-11,0,0.0,0.0
FIL,2034-12,0,0.0,0.0
FIL,2035-01,0,0.0,0.0
FIL,2035-02,0,0.0,0.0
FIL,2035-03,0,0.0,0.0
FIL,2035-04,0,0.0,0.0
FIL,2035-05,0,0.0,0.0
FIL,2035-06,0,0.0,0.0
FIL,2035-07,0,0.0,0.0
FIL,2035-08,0,0.0,0.0
FIL,2035-09,0,0.0,0.0
FIL,2035-10,0,0.0,0.0
FIL,2035-11,0,0.0,0.0
FIL,2035-12,0,0.0,0.0
FIL,2036-01,0,0.0,0.0
FIL,2036-02,0,0.0,0.0
FIL,2036-03,0,0.0,0.0
FIL,2036-04,0,0.0,0.0
FIL,2036-05,0,0.0,0.0
FIL,2036-06,0,0.0,0.0
FIL,2036-07,0,0.0,0.0
FIL,2036-08,0,0.0,0.0
FIL,2036-09,0,0.0,0.0
FIL,2036-10,0,0.0,0.0
FIL,2036-11,0,0.0,0.0
FIL,2036-12,0,0.0,0.0
FIL,2037-01,0,0.0,0.0
FIL,2037-02,0,0.0,0.0
FIL,2037-03,0,0.0,0.0
FIL,2037-04,0,0.0,0.0
FIL,2037-05,0,0.0,0.0
FIL,2037-06,0,0.0,0.0
FIL,2037-07,0,0.0,0.0
FIL,2037-08,0,0.0,0.0
FIL,2037-09,0,0.0,0.0
FIL,2037-10,0,0.0,0.0
FIL,2037-11,0,0.0,0.0
FIL,2037-12,0,0.0,0.0
FIL,2038-01,0,0.0,0.0
FIL,2038-02,0,0.0,0.0
FIL,2038-03,0,0.0,0.0
FIL,2038-04,0,0.0,0.0
FIL,2038-05,0,0.0,0.0
FIL,2038-06,0,0.0,0.0
FIL,2038-07,0,0.0,0.0
FIL,2038-08,0,0.0,0.0
FIL,2038-09,0,0.0,0.0
FIL,2038-10,0,0.0,0.0
FIL,2038-11,0,0.0,0.0
FIL,2038-12,0,0.0,0.0
FIL,2039-01,0,0.0,0.0
FIL,2039-02,0,0.0,0.0
FIL,2039-03,0,0.0,0.0
FIL,2039-04,0,0.0,0.0
FIL,2039-05,0,0.0,0.0
FIL,2039-06,0,0.0,0.0
FIL,2039-07,0,0.0,0.0
FIL,2039-08,0,0.0,0.0
FIL,2039-09,0,0.0,0.0
FIL,2039-10,0,0.0,0.0
FIL,2039-11,0,0.0,0.0
FIL,2039-12,0,0.0,0.0
FIL,2040-01,0,0.0,0.0
FIL,2040-02,0,0.0,0.0
FIL,2040-03,0,0.0,0.0
FIL,2040-04,0,0.0,0.0
FIL,2040-05,0,0.0,0.0
FIL,2040-06,0,0.0,0.0
FIL,2040-07,0,0.0,0.0
FIL,2040-08,0,0.0,0.0
FIL,2040-09,0,0.0,0.0
FIL,2040-10,0,0.0,0.0
FIL,2040-11,0,0.0,0.0
FIL,2040-12,0,0.0,0.0
FIL,2041-01,0,0.0,0.0
FIL,2041-02,0,0.0,0.0
FIL,2041-03,0,0.0,0.0
FIL,2041-04,0,0.0,0.0
FIL,2041-05,0,0.0,0.0
FIL,2041-06,0,0.0,0.0
FIL,2041-07,0,0.0,0.0
FIL,2041-08,0,0.0,0.0
FIL,2041-09,0,0.0,0.0
FIL,2041-10,0,0.0,0.0
FIL,2041-11,0,0.0,0.0
FIL,2041-12,0,0.0,0.0
FIL,2042-01,0,0.0,0.0
FIL,2042-02,0,0.0,0.0
FIL,2042-03,0,0.0,0.0
FIL,2042-04,0,0.0,0.0
FIL,2042-05,0,0.0,0.0
FIL,2042-06,0,0.0,0.0
FIL,2042-07,0,0.0,0.0
FIL,2042-08,0,0.0,0.0
FIL,2042-09,0,0.0,0.0
FIL,2042-10,0,0.0,0.0
FIL,2042-11,0,0.0,0.0
FIL,2042-12,0,0.0,0.0
FIL,2043-01,0,0.0,0.0
FIL,2043-02,0,0.0,0.0
FIL,2043-03,0,0.0,0.0
FIL,2043-04,0,0.0,0.0
FIL,2043-05,0,0.0,0.0
FIL,2043-06,0,0.0,0.0
FIL,2043-07,0,0.0,0.0
FIL,2043-08,0,0.0,0.0
FIL,2043-09,0,0.0,0.0
FIL,2043-10,0,0.0,0.0
FIL,2043-11,0,0.0,0.0
FIL,2043-12,0,0.0,0.0
FIL,2044-01,0,0.0,0.0
FIL,2044-02,0,0.0,0.0
FIL,2044-03,0,0.0,0.0
FIL,2044-04,0,0.0,0.0
FIL,2044-05,0,0.0,0.0
FIL,2044-06,0,0.0,0.0
FIL,2044-07,0,0.0,0.0
FIL,2044-08,0,0.0,0.0
FIL,2044-09,0,0.0,0.0
FIL,2044-10,0,0.0,0.0
FIL,2044-11,0,0.0,0.0
FIL,2044-12,0,0.0,0.0
FIL,2045-01,0,0.0,0.0
FIL,2045-02,0,0.0,0.0
FIL,2045-03,0,0.0,0.0
FIL,2045-04,0,0.0,0.0
FIL,2045-05,0,0.0,0.0
FIL,2045-06,0,0.0,0.0
FIL,2045-07,0,0.0,0.0
FIL,2045-08,0,0.0,0.0
FIL,2045-09,0,0.0,0.0
FIL,2045-10,0,0.0,0.0
FIL,2045-11,0,0.0,0.0
FIL,2045-12,0,0.0,0.0
FIL,2046-01,0,0.0,0.0
FIL,2046-02,0,0.0,0.0
FIL,2046-03,0,0.0,0.0
FIL,2046-04,0,0.0,0.0
FIL,2046-05,0,0.0,0.0
FIL,2046-06,0,0.0,0.0
FIL,2046-07,0,0.0,0.0
FIL,2046-08,0,0.0,0.0
FIL,2046-09,0,0.0,0.0
FIL,2046-10,0,0.0,0.0
FIL,2046-11,0,0.0,0.0
FIL,2046-12,0,0.0,0.0
FIL,2047-01,0,0.0,0.0
FIL,2047-02,0,0.0,0.0
FIL,2047-03,0,0.0,0.0
FIL,2047-04,0,0.0,0.0
FIL,2047-05,0,0.0,0.0
FIL,2047-06,0,0.0,0.0
FIL,2047-07,0,0.0,0.0
FIL,2047-08,0,0.0,0.0
FIL,2047-09,0,0.0,0.0
FIL,2047-10,0,0.0,0.0
FIL,2047-11,0,0.0,0.0
FIL,2047-12,0,0.0,0.0
FIL,2048-01,0,0.0,0.0
FIL,2048-02,0,0.0,0.0
FIL,2048-03,0,0.0,0.0
FIL,2048-04,0,0.0,0.0
FIL,2048-05,0,0.0,0.0
FIL,2048-06,0,0.0,0.0
FIL,2048-07,0,0.0,0.0
FIL,2048-08,0,0.0,0.0
FIL,2048-09,0,0.0,0.0
FIL,2048-10,0,0.0,0.0
FIL,2048-11,0,0.0,0.0
FIL,2048-12,0,0.0,0.0
FIL,2049-01,0,0.0,0.0
FIL,2049-02,0,0.0,0.0
FIL,2049-03,0,0.0,0.0
FIL,2049-04,0,0.0,0.0
FIL,2049-05,0,0.0,0.0
FIL,2049-06,0,0.0,0.0
FIL,2049-07,0,0.0,0.0
FIL,2049-08,0,0.0,0.0
FIL,2049-09,0,0.0,0.0
FIL,2049-10,0,0.0,0.0
FIL,2049-11,0,0.0,0.0
FIL,2049-12,0,0.0,0.0
FIL,2050-01,0,0.0,0.0
FIL,2050-02,0,0.0,0.0
FIL,2050-03,0,0.0,0.0
FIL,2050-04,0,0.0,0.0
FIL,2050-05,0,0.0,0.0
FIL,2050-06,0,0.0,0.0
FIL,2050-07,0,0.0,0.0
FIL,2050-08,0,0.0,0.0
FIL,2050-09,0,0.0,0.0
FIL,2050-10,0,0.0,0.0
FIL,2050-11,0,0.0,0.0
FIL,2050-12,0,0.0,0.0
FIL,2051-01,0,0.0,0.0
FIL,2051-02,0,0.0,0.0
FIL,2051-03,0,0.0,0.0
FIL,2051-04,0,0.0,0.0
FIL,2051-05,0,0.0,0.0
FIL,2051-06,0,0.0,0.0
FIL,2051-07,0,0.0,0.0
FIL,2051-08,0,0.0,0.0
FIL,2051-09,0,0.0,0.0
FIL,2051-10,0,0.0,0.0
FIL,2051-11,0,0.0,0.0
FIL,2051-12,0,0.0,0.0
FIL,2052-01,0,0.0,0.0
FIL,2052-02,0,0.0,0.0
FIL,2052-03,0,0.0,0.0
FIL,2052-04,0,0.0,0.0
FIL,2052-05,0,0.0,0.0
FIL,2052-06,0,0.0,0.0
FIL,2052-07,0,0.0,0.0
FIL,2052-08,0,0.0,0.0
FIL,2052-09,0,0.0,0.0
FIL,2052-10,0,0.0,0.0
FIL,2052-11,0,0.0,0.0
FIL,2052-12,0,0.0,0.0
FIL,2053-01,0,0.0,0.0
FIL,2053-02,0,0.0,0.0
FIL,2053-03,0,0.0,0.0
FIL,2053-04,0,0.0,0.0
FIL,2053-05,0,0.0,0.0
FIL,2053-06,0,0.0,0.0
FIL,2053-07,0,0.0,0.0
FIL,2053-08,0,0.0,0.0
FIL,2053-09,0,0.0,0.0
FIL,2053-10,0,0.0,0.0
FIL,2053-11,0,0.0,0.0
FIL,2053-12,0,0.0,0.0
FIL,2054-01,0,0.0,0.0
FIL,2054-02,0,0.0,0.0
FIL,2054-03,0,0.0,0.0
FIL,2054-04,0,0.0,0.0
FIL,2054-05,0,0.0,0.0
FIL,2054-06,0,0.0,0.0
FIL,2054-07,0,0.0,0.0
FIL,2054-08,0,0.0,0.0
FIL,2054-09,0,0.0,0.0
FIL,2054-10,0,0.0,0.0
FIL,2054-11,0,0.0,0.0
FIL,2054-12,0,0.0,0.0
FIL,2055-01,0,0.0,0.0
FIL,2055-02,0,0.0,0.0
FIL,2055-03,0,0.0,0.0
FIL,2055-04,0,0.0,0.0
FIL,2055-05,0,0.0,0.0
FIL,2055-06,0,0.0,0.0
FIL,2055-07,0,0.0,0.0
FIL,2055-08,0,0.0,0.0
FIL,2055-09,0,0.0,0.0
FIL,2055-10,0,0.0,0.0
FIL,2055-11,0,0.0,0.0
FIL,2055-12,0,0.0,0.0
FIL,2056-01,0,0.0,0.0
FIL,2056-02,0,0.0,0.0
FIL,2056-03,0,0.0,0.0
FIL,2056-04,0,0.0,0.0
FIL,2056-05,0,0.0,0.0
FIL,2056-06,0,0.0,0.0
FIL,2056-07,0,0.0,0.0
FIL,2056-08,0,0.0,0.0
FIL,2056-09,0,0.0,0.0
FIL,2056-10,0,0.0,0.0
ZRO,2024-07,0,0.0,0.0
ZRO,2024-08,0,0.0,0.0
ZRO,2024-09,0,0.0,0.0
ZRO,2024-10,0,0.0,0.0
ZRO,2024-11,0,0.0,0.0
ZRO,2024-12,0,0.0,0.0
ZRO,2025-01,0,0.0,0.0
ZRO,2025-02,0,0.0,0.0
ZRO,2025-03,0,0.0,0.0
ZRO,2025-04,0,0.0,0.0
ZRO,2025-05,0,0.0,0.0
ZRO,2025-06,0,0.0,0.0
ZRO,2025-07,0,23625000.0,0.0
ZRO,2025-08,0,23625000.0,0.0
ZRO,2025-09,0,23625000.0,0.0
ZRO,2025-10,0,23625000.0,0.0
ZRO,2025-11,0,23625000.0,0.0
ZRO,2025-12,0,23625000.0,0.0
ZRO,2026-01,0,23625000.0,0.0
ZRO,2026-02,0,23625000.0,0.0
ZRO,2026-03,0,23625000.0,0.0
ZRO,2026-04,0,23625000.0,0.0
ZRO,2026-05,0,23625000.0,0.0
ZRO,2026-06,0,23625000.0,0.0
ZRO,2026-07,0,23625000.0,0.0
ZRO,2026-08,0,23625000.0,0.0
ZRO,2026-09,0,23625000.0,0.0
ZRO,2026-10,0,23625000.0,0.0
ZRO,2026-11,0,23625000.0,0.0
ZRO,2026-12,0,23625000.0,0.0
ZRO,2027-01,0,23625000.0,0.0
ZRO,2027-02,0,23625000.0,0.0
ZRO,2027-03,0,23625000.0,0.0
ZRO,2027-04,0,23625000.0,0.0
ZRO,2027-05,0,23625000.0,0.0
ZRO,2027-06,0,23625000.0,0.0
MOR,2024-03,0,0,0.0
MOR,2024-04,0,0,0.0
MOR,2024-05,0,0,0.0
MOR,2024-06,0,0,0.0
MOR,2024-07,0,0,0.0
MOR,2024-08,0,0,0.0
MOR,2024-09,0,0,0.0
MOR,2024-10,0,0,0.0
MOR,2024-11,0,0,0.0
MOR,2024-12,0,0,0.0
MOR,2025-01,0,0,0.0
MOR,2025-02,0,0,0.0
MOR,2025-03,0,0,0.0
MOR,2025-04,0,0,0.0
MOR,2025-05,0,0,0.0
MOR,2025-06,0,0,0.0
MOR,2025-07,0,0,0.0
MOR,2025-08,0,0,0.0
MOR,2025-09,0,0,0.0
MOR,2025-10,0,0,0.0
MOR,2025-11,0,0,0.0
MOR,2025-12,0,0,0.0
MOR,2026-01,0,0,0.0
MOR,2026-02,0,0,0.0
MOR,2026-03,0,0,0.0
MOR,2026-04,0,0,0.0
MOR,2026-05,0,0,0.0
MOR,2026-06,0,0,0.0
MOR,2026-07,0,0,0.0
MOR,2026-08,0,0,0.0
MOR,2026-09,0,0,0.0
MOR,2026-10,0,0,0.0
MOR,2026-11,0,0,0.0
MOR,2026-12,0,0,0.0
MOR,2027-01,0,0,0.0
MOR,2027-02,0,0,0.0
MOR,2027-03,0,0,0.0
MOR,2027-04,0,0,0.0
MOR,2027-05,0,0,0.0
MOR,2027-06,0,0,0.0
MOR,2027-07,0,0,0.0
MOR,2027-08,0,0,0.0
MOR,2027-09,0,0,0.0
MOR,2027-10,0,0,0.0
MOR,2027-11,0,0,0.0
MOR,2027-12,0,0,0.0
MOR,2028-01,0,0,0.0
MOR,2028-02,0,0,0.0
MOR,2028-03,0,0,0.0
MOR,2028-04,0,0,0.0
MOR,2028-05,0,0,0.0
MOR,2028-06,0,0,0.0
MOR,2028-07,0,0,0.0
MOR,2028-08,0,0,0.0
MOR,2028-09,0,0,0.0
MOR,2028-10,0,0,0.0
MOR,2028-11,0,0,0.0
MOR,2028-12,0,0,0.0
MOR,2029-01,0,0,0.0
MOR,2029-02,0,0,0.0
MOR,2029-03,0,0,0.0
MOR,2029-04,0,0,0.0
MOR,2029-05,0,0,0.0
MOR,2029-06,0,0,0.0
MOR,2029-07,0,0,0.0
MOR,2029-08,0,0,0.0
MOR,2029-09,0,0,0.0
MOR,2029-10,0,0,0.0
MOR,2029-11,0,0,0.0
MOR,2029-12,0,0,0.0
MOR,2030-01,0,0,0.0
MOR,2030-02,0,0,0.0
MOR,2030-03,0,0,0.0
MOR,2030-04,0,0,0.0
MOR,2030-05,0,0,0.0
MOR,2030-06,0,0,0.0
MOR,2030-07,0,0,0.0
MOR,2030-08,0,0,0.0
MOR,2030-09,0,0,0.0
MOR,2030-10,0,0,0.0
MOR,2030-11,0,0,0.0
MOR,2030-12,0,0,0.0
MOR,2031-01,0,0,0.0
MOR,2031-02,0,0,0.0
MOR,2031-03,0,0,0.0
MOR,2031-04,0,0,0.0
MOR,2031-05,0,0,0.0
MOR,2031-06,0,0,0.0
MOR,2031-07,0,0,0.0
MOR,2031-08,0,0,0.0
MOR,2031-09,0,0,0.0
MOR,2031-10,0,0,0.0
MOR,2031-11,0,0,0.0
MOR,2031-12,0,0,0.0
MOR,2032-01,0,0,0.0
MOR,2032-02,0,0,0.0
MOR,2032-03,0,0,0.0
MOR,2032-04,0,0,0.0
MOR,2032-05,0,0,0.0
MOR,2032-06,0,0,0.0
MOR,2032-07,0,0,0.0
MOR,2032-08,0,0,0.0
MOR,2032-09,0,0,0.0
MOR,2032-10,0,0,0.0
MOR,2032-11,0,0,0.0
MOR,2032-12,0,0,0.0
MOR,2033-01,0,0,0.0
MOR,2033-02,0,0,0.0
MOR,2033-03,0,0,0.0
MOR,2033-04,0,0,0.0
MOR,2033-05,0,0,0.0
MOR,2033-06,0,0,0.0
MOR,2033-07,0,0,0.0
MOR,2033-08,0,0,0.0
MOR,2033-09,0,0,0.0
MOR,2033-10,0,0,0.0
MOR,2033-11,0,0,0.0
MOR,2033-12,0,0,0.0
MOR,2034-01,0,0,0.0
MOR,2034-02,0,0,0.0
MOR,2034-03,0,0,0.0
MOR,2034-04,0,0,0.0
MOR,2034-05,0,0,0.0
MOR,2034-06,0,0,0.0
MOR,2034-07,0,0,0.0
MOR,2034-08,0,0,0.0
MOR,2034-09,0,0,0.0
MOR,2034-10,0,0,0.0
MOR,2034-11,0,0,0.0
MOR,2034-12,0,0,0.0
MOR,2035-01,0,0,0.0
MOR,2035-02,0,0,0.0
MOR,2035-03,0,0,0.0
MOR,2035-04,0,0,0.0
MOR,2035-05,0,0,0.0
MOR,2035-06,0,0,0.0
MOR,2035-07,0,0,0.0
MOR,2035-08,0,0,0.0
MOR,2035-09,0,0,0.0
MOR,2035-10,0,0,0.0
MOR,2035-11,0,0,0.0
MOR,2035-12,0,0,0.0
MOR,2036-01,0,0,0.0
MOR,2036-02,0,0,0.0
MOR,2036-03,0,0,0.0
MOR,2036-04,0,0,0.0
MOR,2036-05,0,0,0.0
MOR,2036-06,0,0,0.0
MOR,2036-07,0,0,0.0
MOR,2036-08,0,0,0.0
MOR,2036-09,0,0,0.0
MOR,2036-10,0,0,0.0
MOR,2036-11,0,0,0.0
MOR,2036-12,0,0,0.0
MOR,2037-01,0,0,0.0
MOR,2037-02,0,0,0.0
MOR,2037-03,0,0,0.0
MOR,2037-04,0,0,0.0
MOR,2037-05,0,0,0.0
MOR,2037-06,0,0,0.0
MOR,2037-07,0,0,0.0
MOR,2037-08,0,0,0.0
MOR,2037-09,0,0,0.0
MOR,2037-10,0,0,0.0
MOR,2037-11,0,0,0.0
MOR,2037-12,0,0,0.0
MOR,2038-01,0,0,0.0
MOR,2038-02,0,0,0.0
MOR,2038-03,0,0,0.0
MOR,2038-04,0,0,0.0
MOR,2038-05,0,0,0.0
MOR,2038-06,0,0,0.0
MOR,2038-07,0,0,0.0
MOR,2038-08,0,0,0.0
MOR,2038-09,0,0,0.0
MOR,2038-10,0,0,0.0
MOR,2038-11,0,0,0.0
MOR,2038-12,0,0,0.0
MOR,2039-01,0,0,0.0
MOR,2039-02,0,0,0.0
MOR,2039-03,0,0,0.0
MOR,2039-04,0,0,0.0
MOR,2039-05,0,0,0.0
MOR,2039-06,0,0,0.0
MOR,2039-07,0,0,0.0
MOR,2039-08,0,0,0.0
MOR,2039-09,0,0,0.0
MOR,2039-10,0,0,0.0
MOR,2039-11,0,0,0.0
MOR,2039-12,0,0,0.0
MOR,2040-01,0,0,0.0
AXL,2022-10,9516567.87,0.0,0.0
AXL,2022-11,7104631.27,0.0,0.0
AXL,2022-12,8908628.15,1498345.96,0.0
AXL,2023-01,8996779.45,9289744.95,0.0
AXL,2023-02,8196944.52,8390737.38,0.0
AXL,2023-03,9164383.03,9289744.95,0.0
AXL,2023-04,8951168.97,8990075.76,0.0
AXL,2023-05,9340875.31,9289744.95,0.0
AXL,2023-06,9126467.68,8990075.76,0.0
AXL,2023-07,9520766.57,9289744.95,0.0
AXL,2023-08,9614975.92,9289744.95,0.0
AXL,2023-09,9391376.1,8990075.76,0.0
AXL,2023-10,9412079.11,9289744.95,0.0
AXL,2023-11,6422616.82,8990075.76,0.0
AXL,2023-12,4500616.1,9289744.95,0.0
AXL,2024-01,4520750.25,9289744.95,0.0
AXL,2024-02,4246351.13,8690406.57,0.0
AXL,2024-03,4513952.91,9289744.95,0.0
AXL,2024-04,4089892.08,8990075.76,0.0
AXL,2024-05,4243619.26,9289744.95,0.0
AXL,2024-06,4122676.65,8990075.76,0.0
AXL,2024-07,4277636.1,9289744.95,0.0
AXL,2024-08,4294746.64,9289744.95,0.0
AXL,2024-09,4172903.0,8990075.76,0.0
AXL,2024-10,4329731.63,9289744.95,0.0
AXL,2024-11,4206352.98,8990075.76,0.0
AXL,2024-12,4364438.75,8373192.28,0.0
AXL,2025-01,4381896.5,3607118.41,0.0
AXL,2025-02,3972813.26,3258042.44,0.0
AXL,2025-03,4326531.2,3607118.41,0.0
AXL,2025-04,3396429.29,3490759.75,0.0
AXL,2025-05,3521081.04,3607118.41,0.0
AXL,2025-06,3417974.06,3490759.75,0.0
AXL,2025-07,3543416.53,3607118.41,0.0
AXL,2025-08,3554637.34,3607118.41,0.0
AXL,2025-09,3450911.84,3490759.75,0.0
AXL,2025-10,3577185.68,3607118.41,0.0
AXL,2025-11,3472802.22,3490759.75,0.0
AXL,2025-12,3599877.06,3607118.41,0.0
AXL,2026-01,3611645.41,3607118.41,0.0
AXL,2026-02,3271900.58,3258042.44,0.0
AXL,2026-03,3633813.2,3607118.41,0.0
AXL,2026-04,3527765.32,3490759.75,0.0
AXL,2026-05,3420262.5,3607118.41,0.0
AXL,2026-06,0.0,3490759.75,0.0
AXL,2026-07,0.0,3607118.41,0.0
AXL,2026-08,0.0,3607118.41,0.0
AXL,2026-09,0.0,3490759.75,0.0
AXL,2026-10,0.0,3607118.41,0.0
AXL,2026-11,0.0,3490759.75,0.0
AXL,2026-12,0.0,3025325.12,0.0
LDO,2021-02,5050000.0,0.0,0.0
LDO,2021-03,5850000.0,0.0,0.0
LDO,2021-04,4892400.0,0.0,0.0
LDO,2021-05,201894629.63,0.0,0.0
LDO,2021-06,3761250.0,0.0,0.0
LDO,2021-07,4004600.0,0.0,0.0
LDO,2021-08,5101513.43,0.0,0.0
LDO,2021-09,9662053.19,0.0,0.0
LDO,2021-10,5289401.45,0.0,0.0
LDO,2021-11,4798471.97,0.0,0.0
LDO,2021-12,4508241.87,15279452.05,0.0
LDO,2022-01,5085833.0,31577534.25,0.0
LDO,2022-02,5918407.0,28521643.84,0.0
LDO,2022-03,6651494.0,31577534.25,0.0
LDO,2022-04,6820453.06,30558904.11,0.0
LDO,2022-05,7722912.45,31577534.25,0.0
LDO,2022-06,5430111.24,30558904.11,0.0
LDO,2022-07,3372042.55,31577534.25,0.0
LDO,2022-08,14244117.62,31577534.25,0.0
LDO,2022-09,3630396.05,30558904.11,0.0
LDO,2022-10,3598227.49,31577534.25,0.0
LDO,2022-11,3450650.89,30558904.11,0.0
LDO,2022-12,3034425.51,16298082.19,0.0
LDO,2023-01,2434703.05,0.0,0.0
LDO,2023-02,1573067.58,0.0,0.0
LDO,2023-03,6521113.52,0.0,0.0
LDO,2023-04,5946252.22,0.0,0.0
LDO,2023-05,2241467.13,0.0,0.0
LDO,2023-06,150000.0,0.0,0.0
LDO,2023-07,0.0,0.0,0.0
LDO,2023-08,83975.12,0.0,0.0
LDO,2023-09,1449211.63,0.0,0.0
LDO,2023-10,93333.32,0.0,0.0
LDO,2023-11,1406.6,0.0,0.0
LDO,2023-12,665065.28,0.0,0.0
LDO,2024-01,33333.32,0.0,0.0
LDO,2024-02,1464595.81,0.0,0.0
LDO,2024-03,16666.66,0.0,0.0
LDO,2024-04,21666.66,0.0,0.0
LDO,2024-05,750454.92,0.0,0.0
LDO,2024-06,618630.84,0.0,0.0
LDO,2024-07,690566.21,0.0,0.0
LDO,2024-08,714870.38,0.0,0.0
LDO,2024-09,929397.95,0.0,0.0
LDO,2024-10,762952.91,0.0,0.0
LDO,2024-11,16666.66,0.0,0.0
LDO,2024-12,695474.81,0.0,0.0
LDO,2025-01,16666.66,0.0,0.0
LDO,2025-02,908450.71,0.0,0.0
LDO,2025-03,1516221.93,0.0,0.0
LDO,2025-04,16666.66,0.0,0.0
LDO,2025-05,0.0,0.0,0.0
LDO,2025-06,0.0,0.0,0.0
LDO,2025-07,0.0,0.0,0.0
LDO,2025-08,90503.0,0.0,0.0
LDO,2025-09,289119.39,0.0,0.0
LDO,2025-10,5000.0,0.0,0.0
LDO,2025-11,31907.99,0.0,0.0
LDO,2025-12,5000123.14,0.0,0.0
LDO,2026-01,0.0,0.0,0.0
LDO,2026-02,1330176.38,0.0,0.0
LDO,2026-03,1364344.47,0.0,0.0
ATH,2024-07,0,0.0,0.0
ATH,2024-08,0,0.0,0.0
ATH,2024-09,0,0.0,0.0
ATH,2024-10,0,0.0,0.0
ATH,2024-11,0,0.0,0.0
ATH,2024-12,0,0.0,0.0
ATH,2025-01,0,0.0,0.0
ATH,2025-02,0,0.0,0.0
ATH,2025-03,0,0.0,0.0
ATH,2025-04,0,0.0,0.0
ATH,2025-05,0,0.0,0.0
ATH,2025-06,0,170763400.72,0.0
ATH,2025-07,0,294092523.46,0.0
ATH,2025-08,0,294092523.46,0.0
ATH,2025-09,0,284605667.87,0.0
ATH,2025-10,0,294092523.46,0.0
ATH,2025-11,0,284605667.87,0.0
ATH,2025-12,0,389919378.02,0.0
ATH,2026-01,0,442624148.03,0.0
ATH,2026-02,0,399789553.06,0.0
ATH,2026-03,0,442624148.03,0.0
ATH,2026-04,0,428345949.71,0.0
ATH,2026-05,0,442624148.03,0.0
ATH,2026-06,0,428345949.71,0.0
ATH,2026-07,0,442624148.03,0.0
ATH,2026-08,0,442624148.03,0.0
ATH,2026-09,0,428345949.71,0.0
ATH,2026-10,0,442624148.03,0.0
ATH,2026-11,0,428345949.71,0.0
ATH,2026-12,0,442624148.03,0.0
ATH,2027-01,0,442624148.03,0.0
ATH,2027-02,0,399789553.06,0.0
ATH,2027-03,0,442624148.03,0.0
ATH,2027-04,0,428345949.71,0.0
ATH,2027-05,0,442624148.03,0.0
ATH,2027-06,0,257582548.99,0.0
ATH,2027-07,0,148531624.57,0.0
ATH,2027-08,0,148531624.57,0.0
ATH,2027-09,0,143740281.85,0.0
ATH,2027-10,0,148531624.57,0.0
ATH,2027-11,0,143740281.85,0.0
ATH,2027-12,0,148531624.57,0.0
ATH,2028-01,0,148531624.57,0.0
ATH,2028-02,0,138948939.12,0.0
ATH,2028-03,0,148531624.57,0.0
ATH,2028-04,0,143740281.85,0.0
ATH,2028-05,0,148531624.57,0.0
ATH,2028-06,0,143740281.85,0.0
ATH,2028-07,0,148531624.57,0.0
ATH,2028-08,0,148531624.57,0.0
ATH,2028-09,0,143740281.85,0.0
ATH,2028-10,0,148531624.57,0.0
ATH,2028-11,0,143740281.85,0.0
ATH,2028-12,0,52704770.01,0.0
HYPE,2024-12,20780.48,0.01,0.0
HYPE,2025-01,764976.52,0.0,0.0
HYPE,2025-02,707132.93,0.0,0.0
HYPE,2025-03,777624.16,0.0,0.0
HYPE,2025-04,750454.64,0.0,0.0
HYPE,2025-05,775672.31,0.0,0.0
HYPE,2025-06,749526.71,0.0,0.0
HYPE,2025-07,778336.49,0.0,0.0
HYPE,2025-08,779775.87,0.0,0.0
HYPE,2025-09,758713.21,0.0,0.0
HYPE,2025-10,778183.25,0.0,0.0
HYPE,2025-11,748534.0,1745745.0,0.0
HYPE,2025-12,784947.17,0.0,0.0
HYPE,2026-01,380248.25,1125766.0,0.0
HYPE,2026-02,0.0,140333.0,0.0
HYPE,2026-03,0.0,173217.0,0.0
HYPE,2026-04,0.0,333335.0,0.0
HYPE,2026-05,25362.44,421879.0,0.0
BAL,2020-07,725000.0,469030.57,0.0
BAL,2020-08,580000.0,469030.57,0.0
BAL,2020-09,725000.0,453900.56,0.0
BAL,2020-10,580000.0,469030.57,0.0
BAL,2020-11,580000.0,453900.56,0.0
BAL,2020-12,725000.0,469030.57,0.0
BAL,2021-01,580000.0,469030.57,0.0
BAL,2021-02,580000.0,423640.52,0.0
BAL,2021-03,725000.0,469030.57,0.0
BAL,2021-04,580000.0,453900.56,0.0
BAL,2021-05,580000.0,469030.57,0.0
BAL,2021-06,725000.0,453900.56,0.0
BAL,2021-07,580000.0,469030.57,0.0
BAL,2021-08,725000.0,469030.57,0.0
BAL,2021-09,580000.0,453900.56,0.0
BAL,2021-10,580000.0,469030.57,0.0
BAL,2021-11,725000.0,453900.56,0.0
BAL,2021-12,580000.0,469030.57,0.0
BAL,2022-01,580000.0,469030.57,0.0
BAL,2022-02,580000.0,423640.52,0.0
BAL,2022-03,932142.86,469030.57,0.0
BAL,2022-04,378294.35,453900.56,0.0
BAL,2022-05,505367.84,469030.57,0.0
BAL,2022-06,683040.36,453900.56,0.0
BAL,2022-07,665622.35,469030.57,0.0
BAL,2022-08,620570.06,469030.57,0.0
BAL,2022-09,692638.93,453900.56,0.0
BAL,2022-10,627216.26,469030.57,0.0
BAL,2022-11,604393.53,453900.56,0.0
BAL,2022-12,671459.44,469030.57,0.0
BAL,2023-01,618477.21,469030.57,0.0
BAL,2023-02,572687.43,423640.52,0.0
BAL,2023-03,661490.4,469030.57,0.0
BAL,2023-04,489889.54,453900.56,0.0
BAL,2023-05,526574.69,469030.57,0.0
BAL,2023-06,519363.95,302600.37,0.0
BAL,2023-07,494566.05,0.0,0.0
BAL,2023-08,559760.25,0.0,0.0
BAL,2023-09,504383.86,0.0,0.0
BAL,2023-10,502672.75,0.0,0.0
BAL,2023-11,565829.35,0.0,0.0
BAL,2023-12,503893.73,0.0,0.0
BAL,2024-01,504346.07,0.0,0.0
BAL,2024-02,501604.6,0.0,0.0
BAL,2024-03,561172.47,0.0,0.0
BAL,2024-04,452536.85,0.0,0.0
BAL,2024-05,471482.7,0.0,0.0
BAL,2024-06,427293.91,0.0,0.0
BAL,2024-07,432032.15,0.0,0.0
BAL,2024-08,479517.01,0.0,0.0
BAL,2024-09,414367.34,0.0,0.0
BAL,2024-10,470214.89,0.0,0.0
BAL,2024-11,423466.3,0.0,0.0
BAL,2024-12,429722.52,0.0,0.0
BAL,2025-01,438476.16,0.0,0.0
BAL,2025-02,394690.91,0.0,0.0
BAL,2025-03,420997.46,0.0,0.0
BAL,2025-04,382812.52,0.0,0.0
BAL,2025-05,384527.54,0.0,0.0
BAL,2025-06,343937.7,0.0,0.0
BAL,2025-07,402515.52,0.0,0.0
BAL,2025-08,361031.79,0.0,0.0
BAL,2025-09,353421.13,0.0,0.0
BAL,2025-10,382026.53,0.0,0.0
BAL,2025-11,361113.62,0.0,0.0
BAL,2025-12,302405.2,0.0,0.0
BAL,2026-01,403594.33,0.0,0.0
BAL,2026-02,293041.36,0.0,0.0
BAL,2026-03,372228.32,0.0,0.0
BAL,2026-04,254185.2,0.0,0.0
BAL,2026-05,2050.57,0.0,0.0
ENA,2024-04,0,0.0,0.0
ENA,2024-05,0,0.0,0.0
ENA,2024-06,0,0.0,0.0
ENA,2024-07,0,0.0,0.0
ENA,2024-08,0,0.0,0.0
ENA,2024-09,0,0.0,0.0
ENA,2024-10,0,0.0,0.0
ENA,2024-11,0,0.0,0.0
ENA,2024-12,0,0.0,0.0
ENA,2025-01,0,0.0,0.0
ENA,2025-02,0,0.0,0.0
ENA,2025-03,0,1694081893.17,0.0
ENA,2025-04,0,479989869.73,0.0
ENA,2025-05,0,175055128.96,0.0
ENA,2025-06,0,169408189.32,0.0
ENA,2025-07,0,175055128.96,0.0
ENA,2025-08,0,175055128.96,0.0
ENA,2025-09,0,169408189.32,0.0
ENA,2025-10,0,175055128.96,0.0
ENA,2025-11,0,169408189.32,0.0
ENA,2025-12,0,175055128.96,0.0
ENA,2026-01,0,175055128.96,0.0
ENA,2026-02,0,158114310.03,0.0
ENA,2026-03,0,175055128.96,0.0
ENA,2026-04,0,169408189.32,0.0
ENA,2026-05,0,175055128.96,0.0
ENA,2026-06,0,169408189.32,0.0
ENA,2026-07,0,175055128.96,0.0
ENA,2026-08,0,175055128.96,0.0
ENA,2026-09,0,169408189.32,0.0
ENA,2026-10,0,175055128.96,0.0
ENA,2026-11,0,169408189.32,0.0
ENA,2026-12,0,175055128.96,0.0
ENA,2027-01,0,175055128.96,0.0
ENA,2027-02,0,158114310.03,0.0
ENA,2027-03,0,175055128.96,0.0
ENA,2027-04,0,169408189.32,0.0
ENA,2027-05,0,175055128.96,0.0
ENA,2027-06,0,169408189.32,0.0
ENA,2027-07,0,175055128.96,0.0
ENA,2027-08,0,175055128.96,0.0
ENA,2027-09,0,169408189.32,0.0
ENA,2027-10,0,175055128.96,0.0
ENA,2027-11,0,169408189.32,0.0
ENA,2027-12,0,175055128.96,0.0
ENA,2028-01,0,175055128.96,0.0
ENA,2028-02,0,163761249.67,0.0
ENA,2028-03,0,175055128.96,0.0
ENA,2028-04,0,28234698.22,0.0
PUMP,2025-08,0.0,0.0,0.0
PUMP,2025-09,0.0,0.0,0.0
PUMP,2025-10,0.0,0.0,0.0
PUMP,2025-11,0.0,0.0,0.0
PUMP,2025-12,0.0,0.0,0.0
PUMP,2026-01,0.0,0.0,0.0
PUMP,2026-02,0.0,0.0,0.0
PUMP,2026-03,0.0,0.0,0.0
PUMP,2026-04,0.0,0.0,0.0
PUMP,2026-05,0.0,0.0,0.0
PUMP,2026-06,0.0,0.0,0.0
PUMP,2026-07,0.0,82500000000.0,0.0
PUMP,2026-08,0.0,6875000000.0,0.0
PUMP,2026-09,0.0,6875000000.0,0.0
PUMP,2026-10,0.0,6875000000.0,0.0
PUMP,2026-11,0.0,6875000000.0,0.0
PUMP,2026-12,0.0,6875000000.0,0.0
PUMP,2027-01,0.0,6875000000.0,0.0
PUMP,2027-02,0.0,6875000000.0,0.0
PUMP,2027-03,0.0,6875000000.0,0.0
PUMP,2027-04,0.0,6875000000.0,0.0
PUMP,2027-05,0.0,6875000000.0,0.0
PUMP,2027-06,0.0,6875000000.0,0.0
PUMP,2027-07,0.0,6875000000.0,0.0
PUMP,2027-08,0.0,6875000000.0,0.0
PUMP,2027-09,0.0,6875000000.0,0.0
PUMP,2027-10,0.0,6875000000.0,0.0
PUMP,2027-11,0.0,6875000000.0,0.0
PUMP,2027-12,0.0,6875000000.0,0.0
PUMP,2028-01,0.0,6875000000.0,0.0
PUMP,2028-02,0.0,6875000000.0,0.0
PUMP,2028-03,0.0,6875000000.0,0.0
PUMP,2028-04,0.0,6875000000.0,0.0
PUMP,2028-05,0.0,6875000000.0,0.0
PUMP,2028-06,0.0,6875000000.0,0.0
PUMP,2028-07,0.0,6875000000.0,0.0
PUMP,2028-08,0.0,6875000000.0,0.0
PUMP,2028-09,0.0,6875000000.0,0.0
PUMP,2028-10,0.0,6875000000.0,0.0
PUMP,2028-11,0.0,6875000000.0,0.0
PUMP,2028-12,0.0,6875000000.0,0.0
PUMP,2029-01,0.0,6875000000.0,0.0
PUMP,2029-02,0.0,6875000000.0,0.0
PUMP,2029-03,0.0,6875000000.0,0.0
PUMP,2029-04,0.0,6875000000.0,0.0
PUMP,2029-05,0.0,6875000000.0,0.0
PUMP,2029-06,0.0,6875000000.0,0.0
PUMP,2029-07,0.0,6875000000.0,0.0
JTO,2024-01,0,0.0,0.0
JTO,2024-02,0,0.0,0.0
JTO,2024-03,0,0.0,0.0
JTO,2024-04,0,0.0,0.0
JTO,2024-05,0,0.0,0.0
JTO,2024-06,0,0.0,0.0
JTO,2024-07,0,0.0,0.0
JTO,2024-08,0,0.0,0.0
JTO,2024-09,0,0.0,0.0
JTO,2024-10,0,0.0,0.0
JTO,2024-11,0,0.0,0.0
JTO,2024-12,0,144952742.25,0.0
JTO,2025-01,0,11514733.72,0.0
JTO,2025-02,0,10400404.65,0.0
JTO,2025-03,0,11514733.72,0.0
JTO,2025-04,0,11143290.7,0.0
JTO,2025-05,0,11514733.72,0.0
JTO,2025-06,0,11143290.7,0.0
JTO,2025-07,0,11514733.72,0.0
JTO,2025-08,0,11514733.72,0.0
JTO,2025-09,0,11143290.7,0.0
JTO,2025-10,0,11514733.72,0.0
JTO,2025-11,0,11143290.7,0.0
JTO,2025-12,0,11514733.72,0.0
JTO,2026-01,0,11514733.72,0.0
JTO,2026-02,0,10400404.65,0.0
JTO,2026-03,0,11514733.72,0.0
JTO,2026-04,0,11143290.7,0.0
JTO,2026-05,0,11514733.72,0.0
JTO,2026-06,0,11143290.7,0.0
JTO,2026-07,0,11514733.72,0.0
JTO,2026-08,0,11514733.72,0.0
JTO,2026-09,0,11143290.7,0.0
JTO,2026-10,0,11514733.72,0.0
JTO,2026-11,0,11143290.7,0.0
JTO,2026-12,0,2228658.14,0.0
KMNO,2024-05,0.0,0.0,0.0
KMNO,2024-06,0.0,0.0,0.0
KMNO,2024-07,0.0,0.0,0.0
KMNO,2024-08,0.0,0.0,0.0
KMNO,2024-09,0.0,0.0,0.0
KMNO,2024-10,0.0,0.0,0.0
KMNO,2024-11,0.0,0.0,0.0
KMNO,2024-12,0.0,0.0,0.0
KMNO,2025-01,0.0,0.0,0.0
KMNO,2025-02,0.0,0.0,0.0
KMNO,2025-03,0.0,0.0,0.0
KMNO,2025-04,0.0,0.0,0.0
KMNO,2025-05,0.0,233406764.65,0.0
KMNO,2025-06,0.0,225877514.18,0.0
KMNO,2025-07,0.0,233406764.65,0.0
KMNO,2025-08,0.0,233406764.65,0.0
KMNO,2025-09,0.0,225877514.18,0.0
KMNO,2025-10,0.0,233406764.65,0.0
KMNO,2025-11,0.0,225877514.18,0.0
KMNO,2025-12,0.0,233406764.65,0.0
KMNO,2026-01,0.0,233406764.65,0.0
KMNO,2026-02,0.0,210819013.23,0.0
KMNO,2026-03,0.0,233406764.65,0.0
KMNO,2026-04,0.0,225877514.18,0.0
KMNO,2026-05,0.0,233406764.65,0.0
KMNO,2026-06,0.0,225877514.18,0.0
KMNO,2026-07,0.0,233406764.65,0.0
KMNO,2026-08,0.0,233406764.65,0.0
KMNO,2026-09,0.0,225877514.18,0.0
KMNO,2026-10,0.0,233406764.65,0.0
KMNO,2026-11,0.0,225877514.18,0.0
KMNO,2026-12,0.0,233406764.65,0.0
KMNO,2027-01,0.0,233406764.65,0.0
KMNO,2027-02,0.0,210819013.23,0.0
KMNO,2027-03,0.0,233406764.65,0.0
KMNO,2027-04,0.0,225877514.18,0.0
KMNO,2027-05,0.0,0.0,0.0
FXS,2021-01,0.0,931848.55,0.0
FXS,2021-02,0.0,841669.66,0.0
FXS,2021-03,0.0,931848.55,0.0
FXS,2021-04,0.0,901788.92,0.0
FXS,2021-05,0.0,931848.55,0.0
FXS,2021-06,0.0,1998453.51,0.0
FXS,2021-07,645005.0,4331508.78,0.0
FXS,2021-08,355000.0,4331508.78,0.0
FXS,2021-09,1598952.04,4191782.69,0.0
FXS,2021-10,2216822.43,4331508.78,0.0
FXS,2021-11,4232025.0,4191782.69,0.0
FXS,2021-12,1014163.78,2797158.75,0.0
FXS,2022-01,1302326.0,84854.01,0.0
FXS,2022-02,1534829.0,76642.34,0.0
FXS,2022-03,945140.4,84854.01,0.0
FXS,2022-04,3559000.0,82116.79,0.0
FXS,2022-05,2101340.28,84854.01,0.0
FXS,2022-06,891422.0,82116.79,0.0
FXS,2022-07,710000.0,84854.01,0.0
FXS,2022-08,2610643.0,84854.01,0.0
FXS,2022-09,447000.0,82116.79,0.0
FXS,2022-10,633542.0,84854.01,0.0
FXS,2022-11,360900.0,82116.79,0.0
FXS,2022-12,280375.0,84854.01,0.0
FXS,2023-01,231611.0,84854.01,0.0
FXS,2023-02,196917.0,76642.34,0.0
FXS,2023-03,1210120.0,84854.01,0.0
FXS,2023-04,298023.0,82116.79,0.0
FXS,2023-05,217623.0,84854.01,0.0
FXS,2023-06,183620.54,82116.79,0.0
FXS,2023-07,188571.0,84854.01,0.0
FXS,2023-08,170888.28,84854.01,0.0
FXS,2023-09,1822410.0,82116.79,0.0
FXS,2023-10,83626.0,84854.01,0.0
FXS,2023-11,114601.0,82116.79,0.0
FXS,2023-12,61163.0,54744.53,0.0
FXS,2024-01,110719.0,0.0,0.0
FXS,2024-02,52476.0,0.0,0.0
FXS,2024-03,54288.82,0.0,0.0
FXS,2024-04,246816.0,0.0,0.0
FXS,2024-05,533690.0,0.0,0.0
FXS,2024-06,222696.0,0.0,0.0
FXS,2024-07,545644.0,0.0,0.0
FXS,2024-08,1767491.0,0.0,0.0
FXS,2024-09,1780854.47,0.0,0.0
FXS,2024-10,1309432.0,0.0,0.0
FXS,2024-11,1245375.0,0.0,0.0
FXS,2024-12,745403.45,0.0,0.0
FXS,2025-01,778663.85,0.0,0.0
FXS,2025-02,293995.95,0.0,0.0
FXS,2025-03,944569.9,0.0,0.0
FXS,2025-04,1153967.2,0.0,0.0
FXS,2025-05,732233.0,0.0,0.0
FXS,2025-06,205498.0,0.0,0.0
FXS,2025-07,296584.6,0.0,0.0
FXS,2025-08,363277.98,0.0,0.0
FXS,2025-09,324092.46,0.0,0.0
FXS,2025-10,528584.17,0.0,0.0
FXS,2025-11,461144.52,0.0,0.0
FXS,2025-12,515137.0,0.0,0.0
FXS,2026-01,522143.0,0.0,0.0
FXS,2026-02,513062.0,0.0,0.0
FXS,2026-03,518381.3,0.0,0.0
SNX,2018-04,0.0,0.0,0.0
SNX,2018-05,0.0,0.0,0.0
SNX,2018-06,0.0,3490341.45,0.0
SNX,2018-07,0.0,958505.93,0.0
SNX,2018-08,0.0,958505.93,0.0
SNX,2018-09,0.0,1065024.29,0.0
SNX,2018-10,0.0,2378697.64,0.0
SNX,2018-11,0.0,2301965.46,0.0
SNX,2018-12,0.0,2378697.64,0.0
SNX,2019-01,0.0,2378697.64,0.0
SNX,2019-02,0.0,2148501.09,0.0
SNX,2019-03,0.0,2214064.41,0.0
SNX,2019-04,0.0,1067216.26,0.0
SNX,2019-05,0.0,1102790.14,0.0
SNX,2019-06,0.0,1067216.26,0.0
SNX,2019-07,0.0,1102790.14,0.0
SNX,2019-08,0.0,1102790.14,0.0
SNX,2019-09,0.0,1067216.26,0.0
SNX,2019-10,0.0,1102790.14,0.0
SNX,2019-11,0.0,1067216.26,0.0
SNX,2019-12,0.0,1102790.14,0.0
SNX,2020-01,0.0,1102790.14,0.0
SNX,2020-02,0.0,1031642.39,0.0
SNX,2020-03,0.0,960494.64,0.0
SNX,2020-04,0.0,0.0,0.0
SNX,2020-05,3906369.6,0.0,0.0
SNX,2020-06,385066.03,407650.94,0.0
SNX,2020-07,3979015.68,4212393.06,0.0
SNX,2020-08,3979015.68,4212393.06,0.0
SNX,2020-09,3850660.33,4076509.41,0.0
SNX,2020-10,3979015.68,4212393.06,0.0
SNX,2020-11,3850660.33,4076509.41,0.0
SNX,2020-12,3979015.68,4212393.06,0.0
SNX,2021-01,3979015.68,4212393.06,0.0
SNX,2021-02,3593949.64,3804742.12,0.0
SNX,2021-03,3979015.68,3668858.47,0.0
SNX,2021-04,3850660.33,0.0,0.0
SNX,2021-05,3979015.68,0.0,0.0
SNX,2021-06,3850660.33,0.0,0.0
SNX,2021-07,3979015.68,0.0,0.0
SNX,2021-08,3979015.68,0.0,0.0
SNX,2021-09,3850660.33,0.0,0.0
SNX,2021-10,3979015.68,0.0,0.0
SNX,2021-11,3850660.33,0.0,0.0
SNX,2021-12,3979015.68,0.0,0.0
SNX,2022-01,3979015.68,0.0,0.0
SNX,2022-02,3990396.2,0.0,0.0
SNX,2022-03,5909737.0,0.0,0.0
SNX,2022-04,7235197.21,0.0,0.0
SNX,2022-05,9129973.2,0.0,0.0
SNX,2022-06,11412466.5,0.0,0.0
SNX,2022-07,8467764.83,0.0,0.0
SNX,2022-08,6897047.36,0.0,0.0
SNX,2022-09,6930753.29,0.0,0.0
SNX,2022-10,4346860.0,0.0,0.0
SNX,2022-11,3540545.0,0.0,0.0
SNX,2022-12,3516936.0,0.0,0.0
SNX,2023-01,2231426.0,0.0,0.0
SNX,2023-02,1817511.0,0.0,0.0
SNX,2023-03,1831726.0,0.0,0.0
SNX,2023-04,1310125.0,0.0,0.0
SNX,2023-05,1301780.0,0.0,0.0
SNX,2023-06,1627225.0,0.0,0.0
SNX,2023-07,1301780.0,0.0,0.0
SNX,2023-08,1627225.0,0.0,0.0
SNX,2023-09,1301780.0,0.0,0.0
SNX,2023-10,1431958.0,0.0,0.0
SNX,2023-11,1627225.0,0.0,0.0
SNX,2023-12,325445.0,0.0,0.0
SNX,2024-01,0.0,0.0,0.0
SNX,2024-02,0.0,0.0,0.0
SNX,2024-03,0.0,0.0,0.0
SNX,2024-04,0.0,0.0,0.0
SNX,2024-05,0.0,0.0,0.0
SNX,2024-06,0.0,0.0,0.0
SNX,2024-07,0.0,0.0,0.0
SNX,2024-08,0.0,0.0,0.0
SNX,2024-09,0.0,0.0,0.0
SNX,2024-10,0.0,0.0,0.0
SNX,2024-11,0.0,0.0,0.0
SNX,2024-12,11696746.0,0.0,0.0
SNX,2025-01,0.0,0.0,0.0
SNX,2025-02,0.0,0.0,0.0
SNX,2025-03,0.0,0.0,0.0
SNX,2025-04,0.0,0.0,0.0
SNX,2025-05,4000000.01,0.0,0.0
SNX,2025-06,0.0,0.0,0.0
SNX,2025-07,0.0,0.0,0.0
SNX,2025-08,0.0,0.0,0.0
SNX,2025-09,0.0,0.0,0.0
SNX,2025-10,0.0,0.0,0.0
SNX,2025-11,0.0,0.0,0.0
SNX,2025-12,0.0,0.0,0.0
SNX,2026-01,0.0,0.0,0.0
SNX,2026-02,1050017.46,0.0,0.0
DOT,2020-07,8485648.67,0.0,0.0
DOT,2020-08,8485648.67,0.0,0.0
DOT,2020-09,8211918.06,0.0,0.0
DOT,2020-10,8485648.67,0.0,0.0
DOT,2020-11,8211918.06,0.0,0.0
DOT,2020-12,8485648.67,0.0,0.0
DOT,2021-01,8485648.67,0.0,0.0
DOT,2021-02,7664456.86,0.0,0.0
DOT,2021-03,8485648.67,0.0,0.0
DOT,2021-04,8211918.06,0.0,0.0
DOT,2021-05,8485648.67,0.0,0.0
DOT,2021-06,8211918.06,0.0,0.0
DOT,2021-07,8485648.67,0.0,0.0
DOT,2021-08,8485648.67,0.0,0.0
DOT,2021-09,8211918.06,0.0,0.0
DOT,2021-10,8485648.67,0.0,0.0
DOT,2021-11,8211918.06,0.0,0.0
DOT,2021-12,8485648.67,0.0,0.0
DOT,2022-01,8485648.67,0.0,0.0
DOT,2022-02,7664456.86,0.0,0.0
DOT,2022-03,8485648.67,0.0,0.0
DOT,2022-04,8211918.06,0.0,0.0
DOT,2022-05,8485648.67,0.0,0.0
DOT,2022-06,8211918.06,0.0,0.0
DOT,2022-07,8485648.67,0.0,0.0
DOT,2022-08,8485648.67,0.0,0.0
DOT,2022-09,8211918.06,0.0,0.0
DOT,2022-10,8485648.67,0.0,0.0
DOT,2022-11,8211918.06,0.0,0.0
DOT,2022-12,8485648.67,0.0,0.0
DOT,2023-01,8485648.67,0.0,0.0
DOT,2023-02,7664456.86,0.0,0.0
DOT,2023-03,8485648.67,0.0,0.0
DOT,2023-04,8211918.06,0.0,0.0
DOT,2023-05,8485648.67,0.0,0.0
DOT,2023-06,8211918.06,0.0,0.0
DOT,2023-07,8485648.67,0.0,0.0
DOT,2023-08,8485648.67,0.0,0.0
DOT,2023-09,8211918.06,0.0,0.0
DOT,2023-10,8485648.67,0.0,0.0
DOT,2023-11,8211918.06,0.0,0.0
DOT,2023-12,8485648.67,0.0,0.0
DOT,2024-01,8485648.67,0.0,0.0
DOT,2024-02,7938187.46,0.0,0.0
DOT,2024-03,8485648.67,0.0,0.0
DOT,2024-04,8211918.06,0.0,0.0
DOT,2024-05,8485648.67,0.0,0.0
DOT,2024-06,8211918.06,0.0,0.0
DOT,2024-07,8485648.67,0.0,0.0
DOT,2024-08,8485648.67,0.0,0.0
DOT,2024-09,8211918.06,0.0,0.0
DOT,2024-10,8485648.67,0.0,0.0
DOT,2024-11,8299997.02,0.0,0.0
DOT,2024-12,8656301.65,0.0,0.0
DOT,2025-01,8656301.65,0.0,0.0
DOT,2025-02,7818595.04,0.0,0.0
DOT,2025-03,8656301.65,0.0,0.0
DOT,2025-04,8377066.12,0.0,0.0
DOT,2025-05,8656301.65,0.0,0.0
DOT,2025-06,8377066.12,0.0,0.0
DOT,2025-07,8656301.65,0.0,0.0
DOT,2025-08,8656301.65,0.0,0.0
DOT,2025-09,8377066.12,0.0,0.0
DOT,2025-10,8656301.65,0.0,0.0
DOT,2025-11,8377066.12,0.0,0.0
DOT,2025-12,8656301.65,0.0,0.0
DOT,2026-01,8656301.65,0.0,0.0
DOT,2026-02,7818595.04,0.0,0.0
DOT,2026-03,6327412.74,0.0,0.0
DOT,2026-04,4495584.59,0.0,0.0
DOT,2026-05,4645437.41,0.0,0.0
DOT,2026-06,4495584.59,0.0,0.0
DOT,2026-07,4645437.41,0.0,0.0
DOT,2026-08,4645437.41,0.0,0.0
DOT,2026-09,4495584.59,0.0,0.0
DOT,2026-10,4645437.41,0.0,0.0
DOT,2026-11,4495584.59,0.0,0.0
DOT,2026-12,4645437.41,0.0,0.0
DOT,2027-01,4645437.41,0.0,0.0
DOT,2027-02,4195878.95,0.0,0.0
DOT,2027-03,4645437.41,0.0,0.0
DOT,2027-04,4495584.59,0.0,0.0
DOT,2027-05,4645437.41,0.0,0.0
DOT,2027-06,4495584.59,0.0,0.0
DOT,2027-07,4645437.41,0.0,0.0
DOT,2027-08,4645437.41,0.0,0.0
DOT,2027-09,4495584.59,0.0,0.0
DOT,2027-10,4645437.41,0.0,0.0
DOT,2027-11,4495584.59,0.0,0.0
DOT,2027-12,4645437.41,0.0,0.0
DOT,2028-01,4645437.41,0.0,0.0
DOT,2028-02,4345731.77,0.0,0.0
DOT,2028-03,4291005.52,0.0,0.0
DOT,2028-04,3904864.77,0.0,0.0
DOT,2028-05,4035026.93,0.0,0.0
DOT,2028-06,3904864.77,0.0,0.0
DOT,2028-07,4035026.93,0.0,0.0
DOT,2028-08,4035026.93,0.0,0.0
DOT,2028-09,3904864.77,0.0,0.0
DOT,2028-10,4035026.93,0.0,0.0
DOT,2028-11,3904864.77,0.0,0.0
DOT,2028-12,4035026.93,0.0,0.0
DOT,2029-01,4035026.93,0.0,0.0
DOT,2029-02,3644540.46,0.0,0.0
DOT,2029-03,4035026.93,0.0,0.0
DOT,2029-04,3904864.77,0.0,0.0
DOT,2029-05,4035026.93,0.0,0.0
DOT,2029-06,3904864.77,0.0,0.0
DOT,2029-07,4035026.93,0.0,0.0
DOT,2029-08,4035026.93,0.0,0.0
DOT,2029-09,3904864.77,0.0,0.0
DOT,2029-10,4035026.93,0.0,0.0
DOT,2029-11,3904864.77,0.0,0.0
DOT,2029-12,4035026.93,0.0,0.0
DOT,2030-01,4035026.93,0.0,0.0
DOT,2030-02,3644540.46,0.0,0.0
DOT,2030-03,3727167.39,0.0,0.0
DOT,2030-04,3391765.54,0.0,0.0
DOT,2030-05,3504824.39,0.0,0.0
DOT,2030-06,3391765.54,0.0,0.0
DOT,2030-07,3504824.39,0.0,0.0
DOT,2030-08,3504824.39,0.0,0.0
DOT,2030-09,3391765.54,0.0,0.0
DOT,2030-10,3504824.39,0.0,0.0
DOT,2030-11,3391765.54,0.0,0.0
DOT,2030-12,3504824.39,0.0,0.0
DOT,2031-01,3504824.39,0.0,0.0
DOT,2031-02,3165647.84,0.0,0.0
DOT,2031-03,3504824.39,0.0,0.0
DOT,2031-04,3391765.54,0.0,0.0
DOT,2031-05,3504824.39,0.0,0.0
DOT,2031-06,3391765.54,0.0,0.0
DOT,2031-07,3504824.39,0.0,0.0
DOT,2031-08,3504824.39,0.0,0.0
DOT,2031-09,3391765.54,0.0,0.0
DOT,2031-10,3504824.39,0.0,0.0
DOT,2031-11,3391765.54,0.0,0.0
DOT,2031-12,3504824.39,0.0,0.0
DOT,2032-01,3504824.39,0.0,0.0
DOT,2032-02,3278706.69,0.0,0.0
DOT,2032-03,3237417.6,0.0,0.0
DOT,2032-04,2946087.55,0.0,0.0
DOT,2032-05,3044290.47,0.0,0.0
DOT,2032-06,2946087.55,0.0,0.0
DOT,2032-07,3044290.47,0.0,0.0
DOT,2032-08,3044290.47,0.0,0.0
DOT,2032-09,2946087.55,0.0,0.0
DOT,2032-10,3044290.47,0.0,0.0
DOT,2032-11,2946087.55,0.0,0.0
DOT,2032-12,3044290.47,0.0,0.0
DOT,2033-01,3044290.47,0.0,0.0
DOT,2033-02,2749681.71,0.0,0.0
DOT,2033-03,3044290.47,0.0,0.0
DOT,2033-04,2946087.55,0.0,0.0
DOT,2033-05,3044290.47,0.0,0.0
DOT,2033-06,2946087.55,0.0,0.0
DOT,2033-07,3044290.47,0.0,0.0
DOT,2033-08,3044290.47,0.0,0.0
DOT,2033-09,2946087.55,0.0,0.0
DOT,2033-10,3044290.47,0.0,0.0
DOT,2033-11,2946087.55,0.0,0.0
DOT,2033-12,3044290.47,0.0,0.0
DOT,2034-01,3044290.47,0.0,0.0
DOT,2034-02,2749681.71,0.0,0.0
DOT,2034-03,1276637.94,0.0,0.0
TAO,2021-02,118574.45,0,0.0
TAO,2021-03,131278.86,0,0.0
TAO,2021-04,127044.06,0,0.0
TAO,2021-05,46582.82,0,0.0
TAO,2021-06,0.0,0,0.0
TAO,2021-07,0.0,0,0.0
TAO,2021-08,0.0,0,0.0
TAO,2021-09,0.0,0,0.0
TAO,2021-10,0.0,0,0.0
TAO,2021-11,0.0,0,0.0
TAO,2021-12,0.0,0,0.0
TAO,2022-01,0.0,0,0.0
TAO,2022-02,0.0,0,0.0
TAO,2022-03,0.0,0,0.0
TAO,2022-04,0.0,0,0.0
TAO,2022-05,0.0,0,0.0
TAO,2022-06,0.0,0,0.0
TAO,2022-07,0.0,0,0.0
TAO,2022-08,0.0,0,0.0
TAO,2022-09,0.0,0,0.0
TAO,2022-10,0.0,0,0.0
TAO,2022-11,0.0,0,0.0
TAO,2022-12,0.0,0,0.0
TAO,2023-01,0.0,0,0.0
TAO,2023-02,0.0,0,0.0
TAO,2023-03,0.0,0,0.0
TAO,2023-04,0.0,0,0.0
TAO,2023-05,0.0,0,0.0
TAO,2023-06,0.0,0,0.0
TAO,2023-07,0.0,0,0.0
TAO,2023-08,0.0,0,0.0
TAO,2023-09,0.0,0,0.0
TAO,2023-10,0.0,0,0.0
TAO,2023-11,0.0,0,0.0
TAO,2023-12,0.0,0,0.0
TAO,2024-01,0.0,0,0.0
TAO,2024-02,0.0,0,0.0
TAO,2024-03,0.0,0,0.0
TAO,2024-04,18720.38,0,0.0
TAO,2024-05,580331.68,0,0.0
TAO,2024-06,561611.31,0,0.0
TAO,2024-07,580331.68,0,0.0
TAO,2024-08,580331.68,0,0.0
TAO,2024-09,561611.31,0,0.0
TAO,2024-10,580331.68,0,0.0
TAO,2024-11,561611.31,0,0.0
TAO,2024-12,580331.68,0,0.0
TAO,2025-01,580331.68,0,0.0
TAO,2025-02,524170.55,0,0.0
TAO,2025-03,580331.68,0,0.0
TAO,2025-04,561611.31,0,0.0
TAO,2025-05,580331.68,0,0.0
TAO,2025-06,561611.31,0,0.0
TAO,2025-07,580331.68,0,0.0
TAO,2025-08,580331.68,0,0.0
TAO,2025-09,561611.31,0,0.0
TAO,2025-10,308164.9,0,0.0
TAO,2025-11,108000.0,0,0.0
TAO,2025-12,111600.0,0,0.0
TAO,2026-01,111600.0,0,0.0
TAO,2026-02,100800.0,0,0.0
TAO,2026-03,111600.0,0,0.0
TAO,2026-04,108000.0,0,0.0
TAO,2026-05,111600.0,0,0.0
TAO,2026-06,108000.0,0,0.0
TAO,2026-07,111600.0,0,0.0
TAO,2026-08,111600.0,0,0.0
TAO,2026-09,108000.0,0,0.0
TAO,2026-10,111600.0,0,0.0
TAO,2026-11,108000.0,0,0.0
TAO,2026-12,111600.0,0,0.0
TAO,2027-01,111600.0,0,0.0
TAO,2027-02,100800.0,0,0.0
TAO,2027-03,111600.0,0,0.0
TAO,2027-04,108000.0,0,0.0
TAO,2027-05,111600.0,0,0.0
TAO,2027-06,108000.0,0,0.0
TAO,2027-07,111600.0,0,0.0
TAO,2027-08,111600.0,0,0.0
TAO,2027-09,108000.0,0,0.0
TAO,2027-10,111600.0,0,0.0
TAO,2027-11,108000.0,0,0.0
TAO,2027-12,111600.0,0,0.0
TAO,2028-01,111600.0,0,0.0
TAO,2028-02,104400.0,0,0.0
TAO,2028-03,111600.0,0,0.0
TAO,2028-04,108000.0,0,0.0
TAO,2028-05,111600.0,0,0.0
TAO,2028-06,108000.0,0,0.0
TAO,2028-07,111600.0,0,0.0
TAO,2028-08,111600.0,0,0.0
TAO,2028-09,108000.0,0,0.0
TAO,2028-10,111600.0,0,0.0
TAO,2028-11,108000.0,0,0.0
TAO,2028-12,111600.0,0,0.0
TAO,2029-01,111600.0,0,0.0
TAO,2029-02,100800.0,0,0.0
TAO,2029-03,111600.0,0,0.0
TAO,2029-04,108000.0,0,0.0
TAO,2029-05,111600.0,0,0.0
TAO,2029-06,108000.0,0,0.0
TAO,2029-07,111600.0,0,0.0
TAO,2029-08,111600.0,0,0.0
TAO,2029-09,108000.0,0,0.0
TAO,2029-10,73800.0,0,0.0
TAO,2029-11,54000.0,0,0.0
TAO,2029-12,55800.0,0,0.0
TAO,2030-01,55800.0,0,0.0
TAO,2030-02,50400.0,0,0.0
TAO,2030-03,55800.0,0,0.0
TAO,2030-04,54000.0,0,0.0
TAO,2030-05,55800.0,0,0.0
TAO,2030-06,54000.0,0,0.0
TAO,2030-07,55800.0,0,0.0
TAO,2030-08,55800.0,0,0.0
TAO,2030-09,54000.0,0,0.0
TAO,2030-10,55800.0,0,0.0
TAO,2030-11,54000.0,0,0.0
TAO,2030-12,55800.0,0,0.0
TAO,2031-01,55800.0,0,0.0
TAO,2031-02,50400.0,0,0.0
TAO,2031-03,55800.0,0,0.0
TAO,2031-04,54000.0,0,0.0
TAO,2031-05,55800.0,0,0.0
TAO,2031-06,54000.0,0,0.0
TAO,2031-07,55800.0,0,0.0
TAO,2031-08,55800.0,0,0.0
TAO,2031-09,54000.0,0,0.0
TAO,2031-10,55800.0,0,0.0
TAO,2031-11,54000.0,0,0.0
TAO,2031-12,55800.0,0,0.0
TAO,2032-01,55800.0,0,0.0
TAO,2032-02,52200.0,0,0.0
TAO,2032-03,55800.0,0,0.0
TAO,2032-04,54000.0,0,0.0
TAO,2032-05,55800.0,0,0.0
TAO,2032-06,54000.0,0,0.0
TAO,2032-07,55800.0,0,0.0
TAO,2032-08,55800.0,0,0.0
TAO,2032-09,54000.0,0,0.0
TAO,2032-10,55800.0,0,0.0
TAO,2032-11,54000.0,0,0.0
TAO,2032-12,55800.0,0,0.0
TAO,2033-01,55800.0,0,0.0
TAO,2033-02,50400.0,0,0.0
TAO,2033-03,55800.0,0,0.0
TAO,2033-04,54000.0,0,0.0
TAO,2033-05,55800.0,0,0.0
TAO,2033-06,54000.0,0,0.0
TAO,2033-07,55800.0,0,0.0
TAO,2033-08,55800.0,0,0.0
TAO,2033-09,54000.0,0,0.0
TAO,2033-10,34200.0,0,0.0
TAO,2033-11,27000.0,0,0.0
TAO,2033-12,27900.0,0,0.0
TAO,2034-01,27900.0,0,0.0
TAO,2034-02,25200.0,0,0.0
TAO,2034-03,27900.0,0,0.0
TAO,2034-04,27000.0,0,0.0
TAO,2034-05,27900.0,0,0.0
TAO,2034-06,27000.0,0,0.0
TAO,2034-07,27900.0,0,0.0
TAO,2034-08,27900.0,0,0.0
TAO,2034-09,27000.0,0,0.0
TAO,2034-10,27900.0,0,0.0
TAO,2034-11,27000.0,0,0.0
TAO,2034-12,27900.0,0,0.0
TAO,2035-01,27900.0,0,0.0
TAO,2035-02,25200.0,0,0.0
TAO,2035-03,27900.0,0,0.0
TAO,2035-04,27000.0,0,0.0
TAO,2035-05,27900.0,0,0.0
TAO,2035-06,27000.0,0,0.0
TAO,2035-07,27900.0,0,0.0
TAO,2035-08,27900.0,0,0.0
TAO,2035-09,27000.0,0,0.0
TAO,2035-10,27900.0,0,0.0
TAO,2035-11,27000.0,0,0.0
TAO,2035-12,27900.0,0,0.0
TAO,2036-01,27900.0,0,0.0
TAO,2036-02,26100.0,0,0.0
TAO,2036-03,27900.0,0,0.0
TAO,2036-04,27000.0,0,0.0
TAO,2036-05,27900.0,0,0.0
TAO,2036-06,27000.0,0,0.0
TAO,2036-07,27900.0,0,0.0
TAO,2036-08,27900.0,0,0.0
TAO,2036-09,27000.0,0,0.0
TAO,2036-10,27900.0,0,0.0
TAO,2036-11,27000.0,0,0.0
TAO,2036-12,27900.0,0,0.0
TAO,2037-01,27900.0,0,0.0
TAO,2037-02,25200.0,0,0.0
TAO,2037-03,27900.0,0,0.0
TAO,2037-04,27000.0,0,0.0
TAO,2037-05,27900.0,0,0.0
TAO,2037-06,27000.0,0,0.0
TAO,2037-07,27900.0,0,0.0
TAO,2037-08,27900.0,0,0.0
TAO,2037-09,27000.0,0,0.0
TAO,2037-10,10350.0,0,0.0
TAO,2037-11,6750.0,0,0.0
TAO,2037-12,6975.0,0,0.0
TAO,2038-01,6975.0,0,0.0
TAO,2038-02,6300.0,0,0.0
TAO,2038-03,6975.0,0,0.0
TAO,2038-04,6750.0,0,0.0
TAO,2038-05,6975.0,0,0.0
TAO,2038-06,6750.0,0,0.0
TAO,2038-07,6975.0,0,0.0
TAO,2038-08,6975.0,0,0.0
TAO,2038-09,6750.0,0,0.0
TAO,2038-10,6975.0,0,0.0
TAO,2038-11,6750.0,0,0.0
TAO,2038-12,6975.0,0,0.0
TAO,2039-01,6975.0,0,0.0
TAO,2039-02,6300.0,0,0.0
TAO,2039-03,6975.0,0,0.0
TAO,2039-04,6750.0,0,0.0
TAO,2039-05,6975.0,0,0.0
TAO,2039-06,6750.0,0,0.0
TAO,2039-07,6975.0,0,0.0
TAO,2039-08,6975.0,0,0.0
TAO,2039-09,6750.0,0,0.0
TAO,2039-10,6975.0,0,0.0
TAO,2039-11,6750.0,0,0.0
TAO,2039-12,6975.0,0,0.0
TAO,2040-01,6975.0,0,0.0
TAO,2040-02,6525.0,0,0.0
TAO,2040-03,6975.0,0,0.0
TAO,2040-04,6750.0,0,0.0
TAO,2040-05,6975.0,0,0.0
TAO,2040-06,6750.0,0,0.0
TAO,2040-07,6975.0,0,0.0
TAO,2040-08,6975.0,0,0.0
TAO,2040-09,6750.0,0,0.0
TAO,2040-10,6975.0,0,0.0
TAO,2040-11,6750.0,0,0.0
TAO,2040-12,6975.0,0,0.0
TAO,2041-01,6975.0,0,0.0
TAO,2041-02,6300.0,0,0.0
TAO,2041-03,6975.0,0,0.0
TAO,2041-04,6750.0,0,0.0
TAO,2041-05,6975.0,0,0.0
TAO,2041-06,6750.0,0,0.0
TAO,2041-07,6975.0,0,0.0
TAO,2041-08,6975.0,0,0.0
TAO,2041-09,6750.0,0,0.0
TAO,2041-10,6975.0,0,0.0
TAO,2041-11,6750.0,0,0.0
TAO,2041-12,6975.0,0,0.0
TAO,2042-01,6975.0,0,0.0
TAO,2042-02,6300.0,0,0.0
TAO,2042-03,6975.0,0,0.0
TAO,2042-04,6750.0,0,0.0
TAO,2042-05,6975.0,0,0.0
TAO,2042-06,6750.0,0,0.0
TAO,2042-07,6975.0,0,0.0
TAO,2042-08,6975.0,0,0.0
TAO,2042-09,6750.0,0,0.0
TAO,2042-10,6975.0,0,0.0
TAO,2042-11,6750.0,0,0.0
TAO,2042-12,6975.0,0,0.0
TAO,2043-01,6975.0,0,0.0
TAO,2043-02,6300.0,0,0.0
TAO,2043-03,6975.0,0,0.0
TAO,2043-04,6750.0,0,0.0
TAO,2043-05,6975.0,0,0.0
TAO,2043-06,6750.0,0,0.0
TAO,2043-07,6975.0,0,0.0
TAO,2043-08,6975.0,0,0.0
TAO,2043-09,6750.0,0,0.0
TAO,2043-10,6975.0,0,0.0
TAO,2043-11,6750.0,0,0.0
TAO,2043-12,6975.0,0,0.0
TAO,2044-01,6975.0,0,0.0
TAO,2044-02,6525.0,0,0.0
TAO,2044-03,6975.0,0,0.0
TAO,2044-04,6750.0,0,0.0
TAO,2044-05,6975.0,0,0.0
TAO,2044-06,6750.0,0,0.0
TAO,2044-07,6975.0,0,0.0
TAO,2044-08,6975.0,0,0.0
TAO,2044-09,6750.0,0,0.0
TAO,2044-10,6975.0,0,0.0
TAO,2044-11,6750.0,0,0.0
TAO,2044-12,6975.0,0,0.0
TAO,2045-01,6975.0,0,0.0
TAO,2045-02,6300.0,0,0.0
TAO,2045-03,6975.0,0,0.0
TAO,2045-04,6750.0,0,0.0
TAO,2045-05,6975.0,0,0.0
TAO,2045-06,6750.0,0,0.0
TAO,2045-07,6975.0,0,0.0
TAO,2045-08,6975.0,0,0.0
TAO,2045-09,6750.0,0,0.0
TAO,2045-10,6975.0,0,0.0
TAO,2045-11,6750.0,0,0.0
TAO,2045-12,6975.0,0,0.0
TAO,2046-01,6975.0,0,0.0
TAO,2046-02,6300.0,0,0.0
TAO,2046-03,6975.0,0,0.0
TAO,2046-04,6750.0,0,0.0
TAO,2046-05,6975.0,0,0.0
TAO,2046-06,6750.0,0,0.0
TAO,2046-07,6975.0,0,0.0
TAO,2046-08,6975.0,0,0.0
TAO,2046-09,6750.0,0,0.0
TAO,2046-10,6975.0,0,0.0
TAO,2046-11,6750.0,0,0.0
TAO,2046-12,6975.0,0,0.0
TAO,2047-01,6975.0,0,0.0
TAO,2047-02,6300.0,0,0.0
TAO,2047-03,6975.0,0,0.0
TAO,2047-04,6750.0,0,0.0
TAO,2047-05,6975.0,0,0.0
TAO,2047-06,6750.0,0,0.0
TAO,2047-07,6975.0,0,0.0
TAO,2047-08,6975.0,0,0.0
TAO,2047-09,6750.0,0,0.0
TAO,2047-10,6975.0,0,0.0
TAO,2047-11,6750.0,0,0.0
TAO,2047-12,6975.0,0,0.0
TAO,2048-01,6975.0,0,0.0
TAO,2048-02,6525.0,0,0.0
TAO,2048-03,6975.0,0,0.0
TAO,2048-04,6750.0,0,0.0
TAO,2048-05,6975.0,0,0.0
TAO,2048-06,6750.0,0,0.0
TAO,2048-07,6975.0,0,0.0
TAO,2048-08,6975.0,0,0.0
TAO,2048-09,6750.0,0,0.0
TAO,2048-10,6975.0,0,0.0
TAO,2048-11,6750.0,0,0.0
TAO,2048-12,6975.0,0,0.0
TAO,2049-01,6975.0,0,0.0
TAO,2049-02,6300.0,0,0.0
TAO,2049-03,6975.0,0,0.0
TAO,2049-04,6750.0,0,0.0
TAO,2049-05,6975.0,0,0.0
TAO,2049-06,6750.0,0,0.0
TAO,2049-07,6975.0,0,0.0
TAO,2049-08,6975.0,0,0.0
TAO,2049-09,6412.5,0,0.0
TAO,2049-10,3487.51,0,0.0
TAO,2049-11,3375.01,0,0.0
TAO,2049-12,3487.51,0,0.0
TAO,2050-01,3487.51,0,0.0
TAO,2050-02,3150.01,0,0.0
TAO,2050-03,3487.51,0,0.0
TAO,2050-04,3375.01,0,0.0
TAO,2050-05,3487.51,0,0.0
TAO,2050-06,3375.01,0,0.0
TAO,2050-07,3487.51,0,0.0
TAO,2050-08,3487.51,0,0.0
TAO,2050-09,3375.01,0,0.0
TAO,2050-10,3487.51,0,0.0
TAO,2050-11,3375.01,0,0.0
TAO,2050-12,3487.51,0,0.0
TAO,2051-01,3487.51,0,0.0
TAO,2051-02,3150.01,0,0.0
TAO,2051-03,3487.51,0,0.0
TAO,2051-04,3375.01,0,0.0
TAO,2051-05,3487.51,0,0.0
TAO,2051-06,3375.01,0,0.0
TAO,2051-07,3487.51,0,0.0
TAO,2051-08,3487.51,0,0.0
TAO,2051-09,3375.01,0,0.0
TAO,2051-10,3487.51,0,0.0
TAO,2051-11,3375.01,0,0.0
TAO,2051-12,3487.51,0,0.0
TAO,2052-01,3487.51,0,0.0
TAO,2052-02,3262.51,0,0.0
TAO,2052-03,3487.51,0,0.0
TAO,2052-04,3375.01,0,0.0
TAO,2052-05,3487.51,0,0.0
TAO,2052-06,3375.01,0,0.0
TAO,2052-07,3487.51,0,0.0
TAO,2052-08,3487.51,0,0.0
TAO,2052-09,3375.01,0,0.0
TAO,2052-10,3487.51,0,0.0
TAO,2052-11,3375.01,0,0.0
TAO,2052-12,3487.51,0,0.0
TAO,2053-01,3487.51,0,0.0
TAO,2053-02,3150.01,0,0.0
TAO,2053-03,3487.51,0,0.0
TAO,2053-04,3375.01,0,0.0
TAO,2053-05,3487.51,0,0.0
TAO,2053-06,3375.01,0,0.0
TAO,2053-07,3487.51,0,0.0
TAO,2053-08,3487.51,0,0.0
TAO,2053-09,3037.51,0,0.0
TAO,2053-10,1743.74,0,0.0
TAO,2053-11,1687.49,0,0.0
TAO,2053-12,1743.74,0,0.0
TAO,2054-01,1743.74,0,0.0
TAO,2054-02,1575.0,0,0.0
TAO,2054-03,1743.74,0,0.0
TAO,2054-04,1687.49,0,0.0
TAO,2054-05,1743.74,0,0.0
TAO,2054-06,1687.49,0,0.0
TAO,2054-07,1743.74,0,0.0
TAO,2054-08,1743.74,0,0.0
TAO,2054-09,1687.49,0,0.0
TAO,2054-10,1743.74,0,0.0
TAO,2054-11,1687.49,0,0.0
TAO,2054-12,1743.74,0,0.0
TAO,2055-01,1743.74,0,0.0
TAO,2055-02,1575.0,0,0.0
TAO,2055-03,1743.74,0,0.0
TAO,2055-04,1687.49,0,0.0
TAO,2055-05,1743.74,0,0.0
TAO,2055-06,1687.49,0,0.0
TAO,2055-07,1743.74,0,0.0
TAO,2055-08,1743.74,0,0.0
TAO,2055-09,1687.49,0,0.0
TAO,2055-10,1743.74,0,0.0
TAO,2055-11,1687.49,0,0.0
TAO,2055-12,1743.74,0,0.0
TAO,2056-01,1743.74,0,0.0
TAO,2056-02,1631.25,0,0.0
TAO,2056-03,1743.74,0,0.0
TAO,2056-04,1687.49,0,0.0
TAO,2056-05,1743.74,0,0.0
TAO,2056-06,1687.49,0,0.0
TAO,2056-07,1743.74,0,0.0
TAO,2056-08,1743.74,0,0.0
TAO,2056-09,1687.49,0,0.0
TAO,2056-10,1743.74,0,0.0
TAO,2056-11,1687.49,0,0.0
TAO,2056-12,1743.74,0,0.0
TAO,2057-01,1743.74,0,0.0
TAO,2057-02,1575.0,0,0.0
TAO,2057-03,1743.74,0,0.0
TAO,2057-04,1687.49,0,0.0
TAO,2057-05,1743.74,0,0.0
TAO,2057-06,1687.49,0,0.0
TAO,2057-07,1743.74,0,0.0
TAO,2057-08,1743.74,0,0.0
TAO,2057-09,1434.37,0,0.0
TAO,2057-10,871.88,0,0.0
TAO,2057-11,843.76,0,0.0
TAO,2057-12,871.88,0,0.0
TAO,2058-01,871.88,0,0.0
TAO,2058-02,787.51,0,0.0
TAO,2058-03,871.88,0,0.0
TAO,2058-04,843.76,0,0.0
TAO,2058-05,871.88,0,0.0
TAO,2058-06,843.76,0,0.0
TAO,2058-07,871.88,0,0.0
TAO,2058-08,871.88,0,0.0
TAO,2058-09,843.76,0,0.0
TAO,2058-10,871.88,0,0.0
TAO,2058-11,843.76,0,0.0
TAO,2058-12,871.88,0,0.0
TAO,2059-01,871.88,0,0.0
TAO,2059-02,787.51,0,0.0
TAO,2059-03,871.88,0,0.0
TAO,2059-04,843.76,0,0.0
TAO,2059-05,871.88,0,0.0
TAO,2059-06,843.76,0,0.0
TAO,2059-07,871.88,0,0.0
TAO,2059-08,871.88,0,0.0
TAO,2059-09,843.76,0,0.0
TAO,2059-10,871.88,0,0.0
TAO,2059-11,843.76,0,0.0
TAO,2059-12,871.88,0,0.0
TAO,2060-01,871.88,0,0.0
TAO,2060-02,815.63,0,0.0
TAO,2060-03,871.88,0,0.0
TAO,2060-04,843.76,0,0.0
TAO,2060-05,871.88,0,0.0
TAO,2060-06,843.76,0,0.0
TAO,2060-07,871.88,0,0.0
TAO,2060-08,871.88,0,0.0
TAO,2060-09,843.76,0,0.0
TAO,2060-10,871.88,0,0.0
TAO,2060-11,843.76,0,0.0
TAO,2060-12,871.88,0,0.0
TAO,2061-01,871.88,0,0.0
TAO,2061-02,787.51,0,0.0
TAO,2061-03,871.88,0,0.0
TAO,2061-04,843.76,0,0.0
TAO,2061-05,871.88,0,0.0
TAO,2061-06,843.76,0,0.0
TAO,2061-07,871.88,0,0.0
TAO,2061-08,871.88,0,0.0
TAO,2061-09,689.07,0,0.0
TAO,2061-10,435.94,0,0.0
TAO,2061-11,421.88,0,0.0
TAO,2061-12,435.94,0,0.0
TAO,2062-01,435.94,0,0.0
TAO,2062-02,393.75,0,0.0
TAO,2062-03,435.94,0,0.0
TAO,2062-04,421.88,0,0.0
TAO,2062-05,435.94,0,0.0
TAO,2062-06,421.88,0,0.0
TAO,2062-07,435.94,0,0.0
TAO,2062-08,435.94,0,0.0
TAO,2062-09,421.88,0,0.0
TAO,2062-10,435.94,0,0.0
TAO,2062-11,421.88,0,0.0
TAO,2062-12,435.94,0,0.0
TAO,2063-01,435.94,0,0.0
TAO,2063-02,393.75,0,0.0
TAO,2063-03,435.94,0,0.0
TAO,2063-04,421.88,0,0.0
TAO,2063-05,435.94,0,0.0
TAO,2063-06,421.88,0,0.0
TAO,2063-07,435.94,0,0.0
TAO,2063-08,435.94,0,0.0
TAO,2063-09,421.88,0,0.0
TAO,2063-10,435.94,0,0.0
TAO,2063-11,421.88,0,0.0
TAO,2063-12,435.94,0,0.0
TAO,2064-01,435.94,0,0.0
TAO,2064-02,407.82,0,0.0
TAO,2064-03,435.94,0,0.0
TAO,2064-04,421.88,0,0.0
TAO,2064-05,435.94,0,0.0
TAO,2064-06,421.88,0,0.0
TAO,2064-07,435.94,0,0.0
TAO,2064-08,435.94,0,0.0
TAO,2064-09,421.88,0,0.0
TAO,2064-10,435.94,0,0.0
TAO,2064-11,421.88,0,0.0
TAO,2064-12,435.94,0,0.0
TAO,2065-01,435.94,0,0.0
TAO,2065-02,393.75,0,0.0
TAO,2065-03,435.94,0,0.0
TAO,2065-04,421.88,0,0.0
TAO,2065-05,435.94,0,0.0
TAO,2065-06,421.88,0,0.0
TAO,2065-07,435.94,0,0.0
TAO,2065-08,435.94,0,0.0
TAO,2065-09,323.44,0,0.0
TAO,2065-10,217.97,0,0.0
TAO,2065-11,210.94,0,0.0
TAO,2065-12,217.97,0,0.0
TAO,2066-01,217.97,0,0.0
TAO,2066-02,196.88,0,0.0
TAO,2066-03,217.97,0,0.0
TAO,2066-04,210.94,0,0.0
TAO,2066-05,217.97,0,0.0
TAO,2066-06,210.94,0,0.0
TAO,2066-07,217.97,0,0.0
TAO,2066-08,217.97,0,0.0
TAO,2066-09,210.94,0,0.0
TAO,2066-10,217.97,0,0.0
TAO,2066-11,210.94,0,0.0
TAO,2066-12,217.97,0,0.0
TAO,2067-01,217.97,0,0.0
TAO,2067-02,196.88,0,0.0
TAO,2067-03,217.97,0,0.0
TAO,2067-04,210.94,0,0.0
TAO,2067-05,217.97,0,0.0
TAO,2067-06,210.94,0,0.0
TAO,2067-07,217.97,0,0.0
TAO,2067-08,217.97,0,0.0
TAO,2067-09,210.94,0,0.0
TAO,2067-10,217.97,0,0.0
TAO,2067-11,210.94,0,0.0
TAO,2067-12,217.97,0,0.0
TAO,2068-01,217.97,0,0.0
TAO,2068-02,203.91,0,0.0
TAO,2068-03,217.97,0,0.0
TAO,2068-04,210.94,0,0.0
TAO,2068-05,217.97,0,0.0
TAO,2068-06,210.94,0,0.0
TAO,2068-07,217.97,0,0.0
TAO,2068-08,217.97,0,0.0
TAO,2068-09,210.94,0,0.0
TAO,2068-10,217.97,0,0.0
TAO,2068-11,210.94,0,0.0
TAO,2068-12,217.97,0,0.0
TAO,2069-01,217.97,0,0.0
TAO,2069-02,196.88,0,0.0
TAO,2069-03,217.97,0,0.0
TAO,2069-04,210.94,0,0.0
TAO,2069-05,217.97,0,0.0
TAO,2069-06,210.94,0,0.0
TAO,2069-07,217.97,0,0.0
TAO,2069-08,217.97,0,0.0
TAO,2069-09,91.41,0,0.0
