token,sector,month,new_supply,mean_price_usd,new_supply_value_usd
COMP,DeFi,2020-07,217448.41,167.941828,36518682.97
COMP,DeFi,2020-08,70235.98,172.144172,12090714.75
COMP,DeFi,2020-09,96167.3,165.183539,15885254.4
COMP,DeFi,2020-10,579121.0,109.095775,63179654.18
COMP,DeFi,2020-11,51559.94,107.366692,5535820.61
COMP,DeFi,2020-12,158548.26,142.743705,22631766.77
COMP,DeFi,2021-01,129849.61,201.020538,26102439.37
COMP,DeFi,2021-02,73898.41,444.855882,32874142.52
COMP,DeFi,2021-03,186368.28,432.789939,80658315.4
COMP,DeFi,2021-04,594608.37,517.699011,307828164.56
COMP,DeFi,2021-05,112575.77,627.644615,70657578.73
COMP,DeFi,2021-06,165708.02,321.121194,53212355.92
COMP,DeFi,2021-07,19585.14,399.831557,7830756.58
COMP,DeFi,2021-08,5171.98,449.68981,2325788.51
COMP,DeFi,2021-09,265426.07,400.54822,106315939.05
COMP,DeFi,2021-10,445454.2,315.96501,140747941.31
COMP,DeFi,2021-11,83054.87,325.297893,27017575.41
COMP,DeFi,2021-12,102377.98,214.927803,22003873.49
COMP,DeFi,2022-01,246774.64,171.924231,42426539.76
COMP,DeFi,2022-02,46372.65,125.330415,5811904.11
COMP,DeFi,2022-03,73863.41,114.87773,8485260.41
COMP,DeFi,2022-04,67471.69,139.224363,9393703.6
COMP,DeFi,2022-05,100908.02,78.284863,7899570.23
COMP,DeFi,2022-06,32305.34,46.743137,1510052.78
COMP,DeFi,2022-07,-32137.7,52.578148,-1689741.01
COMP,DeFi,2022-08,32155.75,56.365687,1812480.96
COMP,DeFi,2022-09,10122.25,54.445912,551114.95
COMP,DeFi,2022-10,-27817.77,54.711604,-1521954.65
COMP,DeFi,2022-11,5726.57,41.414925,237165.51
COMP,DeFi,2022-12,-4460.63,35.691931,-159208.51
COMP,DeFi,2023-01,-8155.86,44.111288,-359765.31
COMP,DeFi,2023-02,24881.57,52.558748,1307744.43
COMP,DeFi,2023-03,-3260.15,44.220068,-144164.18
COMP,DeFi,2023-04,-6393.5,42.555788,-272080.57
COMP,DeFi,2023-05,2959.42,36.682555,108559.26
COMP,DeFi,2023-06,4.83,32.339476,156.11
COMP,DeFi,2023-07,-3238.81,66.390351,-215025.79
COMP,DeFi,2023-08,-1704.16,50.277462,-85681.07
COMP,DeFi,2023-09,-26994.56,40.205425,-1085327.62
COMP,DeFi,2023-10,17357.56,43.41717,753616.26
COMP,DeFi,2023-11,18675.29,51.405698,960016.36
COMP,DeFi,2023-12,-1320.63,53.863129,-71133.43
COMP,DeFi,2024-01,-20010.82,54.56276,-1091845.42
COMP,DeFi,2024-02,14292.27,60.306061,861910.54
COMP,DeFi,2024-03,-11645.9,82.39595,-959575.29
COMP,DeFi,2024-04,17248.38,62.778429,1082826.21
COMP,DeFi,2024-05,-8933.34,57.824801,-516568.34
COMP,DeFi,2024-06,-3707.57,52.83273,-195881.05
COMP,DeFi,2024-07,952.17,49.376309,47014.87
COMP,DeFi,2024-08,1513505.61,45.241417,68473137.96
COMP,DeFi,2024-09,416106.03,44.816962,18648608.01
COMP,DeFi,2024-10,4883.7,44.179437,215759.19
COMP,DeFi,2024-11,61111.17,53.165184,3248986.47
COMP,DeFi,2024-12,16014.74,94.166523,1508052.07
COMP,DeFi,2025-01,18533.13,77.61954,1438532.99
COMP,DeFi,2025-02,-19453.21,54.793035,-1065900.23
COMP,DeFi,2025-03,65448.14,44.585031,2918007.56
COMP,DeFi,2025-04,9705.69,41.5016,402801.67
COMP,DeFi,2025-05,142976.75,43.088233,6160615.29
COMP,DeFi,2025-06,210186.63,48.331165,10158564.96
COMP,DeFi,2025-07,112786.67,47.237306,5327738.3
COMP,DeFi,2025-08,50510.25,47.282183,2388235.12
COMP,DeFi,2025-09,202459.67,43.353389,8777312.87
COMP,DeFi,2025-10,-17945.82,38.130363,-684280.59
COMP,DeFi,2025-11,31656.14,32.236667,1020488.53
COMP,DeFi,2025-12,-4797.14,28.722892,-137787.65
COMP,DeFi,2026-01,128.9,25.486962,3285.33
COMP,DeFi,2026-02,-3863.18,18.342289,-70859.52
COMP,DeFi,2026-03,6694.57,18.261077,122249.99
COMP,DeFi,2026-04,-3440.12,17.316697,-59571.55
MKR,DeFi,2018-02,0.0,1059.621599,0.0
MKR,DeFi,2018-03,0.0,777.142219,0.0
MKR,DeFi,2018-04,0.0,729.989794,0.0
MKR,DeFi,2018-05,-0.0,927.442669,-0.0
MKR,DeFi,2018-06,0.0,633.976249,0.0
MKR,DeFi,2018-07,50000.0,587.307576,29365378.8
MKR,DeFi,2018-08,317.15,473.534889,150181.02
MKR,DeFi,2018-09,59682.62,421.98644,25185256.89
MKR,DeFi,2018-10,53.93,638.300879,34425.02
MKR,DeFi,2018-11,-347.26,542.859638,-188515.59
MKR,DeFi,2018-12,-55.94,392.421295,-21952.6
MKR,DeFi,2019-01,542.21,450.811718,244432.83
MKR,DeFi,2019-02,-269.97,520.939481,-140637.17
MKR,DeFi,2019-03,271533.78,683.07641,185478322.24
MKR,DeFi,2019-04,335.57,647.338937,217229.13
MKR,DeFi,2019-05,751.38,618.167808,464476.78
MKR,DeFi,2019-06,-417.61,725.681063,-303048.84
MKR,DeFi,2019-07,-257465.37,613.278174,-157897891.0
MKR,DeFi,2019-08,-40.49,519.744029,-21045.12
MKR,DeFi,2019-09,537.8,476.898404,256475.72
MKR,DeFi,2019-10,-428.03,484.617867,-207431.49
MKR,DeFi,2019-11,-0.0,584.179592,-0.0
MKR,DeFi,2019-12,-555.88,484.767788,-269472.61
MKR,DeFi,2020-01,126447.58,482.339262,60990631.64
MKR,DeFi,2020-02,385.07,594.674656,228989.75
MKR,DeFi,2020-03,21305.24,372.306073,7932071.48
MKR,DeFi,2020-04,-5836.88,312.76566,-1825574.69
MKR,DeFi,2020-05,1937.45,345.988943,670336.59
MKR,DeFi,2020-06,15714.77,513.053576,8062518.12
MKR,DeFi,2020-07,-232.4,476.941963,-110842.38
MKR,DeFi,2020-08,-1140.23,636.916068,-726229.62
MKR,DeFi,2020-09,11556.02,523.980105,6055122.17
MKR,DeFi,2020-10,1132.85,564.749659,639776.83
MKR,DeFi,2020-11,-5988.1,536.052691,-3209936.27
MKR,DeFi,2020-12,-6525.48,540.687394,-3528246.64
MKR,DeFi,2021-01,-1987.98,1250.601779,-2486168.35
MKR,DeFi,2021-02,-2477.46,2323.103257,-5755403.33
MKR,DeFi,2021-03,4438.34,2111.633689,9372147.98
MKR,DeFi,2021-04,-2075.77,3103.195674,-6441515.35
MKR,DeFi,2021-05,3592.43,4408.024001,15835504.2
MKR,DeFi,2021-06,4200.41,2909.790952,12222301.62
MKR,DeFi,2021-07,-5546.3,2600.750656,-14424546.76
MKR,DeFi,2021-08,-1193.09,3463.318487,-4132063.1
MKR,DeFi,2021-09,-800.45,2881.557612,-2306555.03
MKR,DeFi,2021-10,1807.2,2489.070455,4498243.0
MKR,DeFi,2021-11,1203.64,2985.130262,3593030.19
MKR,DeFi,2021-12,-3816.39,2547.484536,-9722183.27
MKR,DeFi,2022-01,1850.09,2079.815902,3847850.4
MKR,DeFi,2022-02,628.28,2034.089065,1277975.01
MKR,DeFi,2022-03,514.43,1929.853951,992775.99
MKR,DeFi,2022-04,-1288.0,1920.648114,-2473788.04
MKR,DeFi,2022-05,-1367.29,1349.655057,-1845363.89
MKR,DeFi,2022-06,3164.95,1000.106744,3165289.73
MKR,DeFi,2022-07,-1407.57,959.166884,-1350090.95
MKR,DeFi,2022-08,3796.17,961.53442,3650143.52
MKR,DeFi,2022-09,-4378.18,708.086511,-3100129.65
MKR,DeFi,2022-10,419.31,927.867494,389064.09
MKR,DeFi,2022-11,953.74,729.927662,696163.09
MKR,DeFi,2022-12,223.46,583.13055,130306.1
MKR,DeFi,2023-01,-1451.93,630.61962,-915614.04
MKR,DeFi,2023-02,1344.12,728.684988,979440.0
MKR,DeFi,2023-03,-1073.51,774.107315,-831008.52
MKR,DeFi,2023-04,2204.54,714.830275,1575874.32
MKR,DeFi,2023-05,-969.58,652.661956,-632806.15
MKR,DeFi,2023-06,-63.69,668.554922,-42582.96
MKR,DeFi,2023-07,-1491.95,1001.03144,-1493486.52
MKR,DeFi,2023-08,590.43,1160.25606,685051.49
MKR,DeFi,2023-09,720.03,1233.480549,888140.05
MKR,DeFi,2023-10,-298.21,1430.199228,-426492.65
MKR,DeFi,2023-11,18383.79,1382.349525,25412827.33
MKR,DeFi,2023-12,-246.49,1422.52029,-350638.34
MKR,DeFi,2024-01,3123.91,1932.999742,6038508.93
MKR,DeFi,2024-02,-836.02,2044.964192,-1709625.39
MKR,DeFi,2024-03,2229.7,2788.782073,6218159.56
MKR,DeFi,2024-04,1093.69,3258.976053,3564294.53
MKR,DeFi,2024-05,2944.13,2790.219192,8214760.61
MKR,DeFi,2024-06,-538.98,2444.451755,-1317518.67
MKR,DeFi,2024-07,3445.65,2601.185459,8962767.59
MKR,DeFi,2024-08,-96.81,2058.183402,-199261.62
MKR,DeFi,2024-09,-49999.91,1606.047589,-80302235.23
MKR,DeFi,2024-10,-9393.11,1295.929129,-12172810.36
MKR,DeFi,2024-11,14089.34,1506.243144,21221968.67
MKR,DeFi,2024-12,5862.88,1839.131298,10782597.0
MKR,DeFi,2025-01,-4097.74,1377.940896,-5646443.16
MKR,DeFi,2025-02,-34772.5,1155.925692,-40194421.09
MKR,DeFi,2025-03,-8227.4,1301.261168,-10706002.47
MKR,DeFi,2025-04,-10448.28,1372.913832,-14344583.84
MKR,DeFi,2025-05,-264136.56,1677.446071,-443074827.22
MKR,DeFi,2025-06,-47688.76,1714.215202,-81748797.54
AAVE,DeFi,2020-11,578512.78,57.077865,33020274.46
AAVE,DeFi,2020-12,222894.0,82.738138,18441834.06
AAVE,DeFi,2021-01,322482.07,173.323511,55893724.03
AAVE,DeFi,2021-02,13902.53,426.253146,5925996.79
AAVE,DeFi,2021-03,47063.45,375.51801,17673172.86
AAVE,DeFi,2021-04,302455.94,389.310563,117749293.08
AAVE,DeFi,2021-05,76808.46,446.278351,34277953.74
AAVE,DeFi,2021-06,43084.59,290.81022,12529438.58
AAVE,DeFi,2021-07,84150.33,280.150347,23574744.26
AAVE,DeFi,2021-08,171579.09,377.24874,64727993.78
AAVE,DeFi,2021-09,75948.07,339.73612,25802304.27
AAVE,DeFi,2021-10,44941.33,308.180654,13850047.13
AAVE,DeFi,2021-11,179828.63,292.617367,52620979.21
AAVE,DeFi,2021-12,38076.27,211.34362,8047176.52
AAVE,DeFi,2022-01,68100.87,204.656227,13937267.7
AAVE,DeFi,2022-02,96521.59,155.954787,15053004.19
AAVE,DeFi,2022-03,84075.39,145.408641,12225288.59
AAVE,DeFi,2022-04,25041.07,185.728813,4650847.45
AAVE,DeFi,2022-05,90813.12,107.70568,9781088.47
AAVE,DeFi,2022-06,53611.44,78.049834,4184363.65
AAVE,DeFi,2022-07,78320.89,80.609088,6313375.71
AAVE,DeFi,2022-08,111697.19,96.106629,10734840.36
AAVE,DeFi,2022-09,53005.28,82.144951,4354116.38
AAVE,DeFi,2022-10,-5625.33,78.431419,-441202.73
AAVE,DeFi,2022-11,94292.72,67.315791,6347389.3
AAVE,DeFi,2022-12,89694.79,58.953151,5287790.26
AAVE,DeFi,2023-01,-59576.28,72.435415,-4315432.42
AAVE,DeFi,2023-02,73630.42,84.997581,6258407.84
AAVE,DeFi,2023-03,26756.12,74.991996,2006495.0
AAVE,DeFi,2023-04,56702.58,75.763899,4296008.65
AAVE,DeFi,2023-05,32522.95,66.074173,2148926.75
AAVE,DeFi,2023-06,49568.17,57.826165,2866337.0
AAVE,DeFi,2023-07,61440.07,73.27695,4502140.61
AAVE,DeFi,2023-08,12697.08,61.347208,778930.66
AAVE,DeFi,2023-09,35800.54,58.32042,2087902.54
AAVE,DeFi,2023-10,30748.85,70.475919,2167053.17
AAVE,DeFi,2023-11,73550.57,93.860154,6903467.66
AAVE,DeFi,2023-12,30527.56,101.810232,3108017.59
AAVE,DeFi,2024-01,-43442.77,99.137147,-4306792.0
AAVE,DeFi,2024-02,72558.01,91.574675,6644476.18
AAVE,DeFi,2024-03,42611.65,124.115882,5288782.91
AAVE,DeFi,2024-04,58494.36,102.494626,5995357.48
AAVE,DeFi,2024-05,-38910.42,91.670891,-3566952.63
AAVE,DeFi,2024-06,83786.07,91.780761,7689949.17
AAVE,DeFi,2024-07,7081.66,94.281216,667667.26
AAVE,DeFi,2024-08,38855.95,113.912504,4426179.09
AAVE,DeFi,2024-09,15488.17,145.565539,2254543.62
AAVE,DeFi,2024-10,28907.87,150.018846,4336724.63
AAVE,DeFi,2024-11,12372.12,169.81034,2100913.57
AAVE,DeFi,2024-12,39596.71,313.080312,12396950.81
AAVE,DeFi,2025-01,72093.52,317.226498,22869975.91
AAVE,DeFi,2025-02,-13205.05,250.557936,-3308630.95
AAVE,DeFi,2025-03,6568.75,184.093691,1209266.23
AAVE,DeFi,2025-04,15707.46,148.596969,2334081.56
AAVE,DeFi,2025-05,40880.75,224.102503,9161479.24
AAVE,DeFi,2025-06,39582.8,263.800074,10441944.75
AAVE,DeFi,2025-07,25816.52,297.229195,7673424.8
AAVE,DeFi,2025-08,5155.72,300.374838,1548647.68
AAVE,DeFi,2025-09,48512.2,296.809234,14398869.18
AAVE,DeFi,2025-10,-18436.58,247.525959,-4563533.29
AAVE,DeFi,2025-11,-84639.14,190.823545,-16151141.21
AAVE,DeFi,2025-12,19325.87,176.740419,3415662.65
AAVE,DeFi,2026-01,2698.87,162.144524,437606.34
AAVE,DeFi,2026-02,7554.33,118.59048,895871.6
AAVE,DeFi,2026-03,-6489.84,110.363813,-716243.07
AAVE,DeFi,2026-04,-15138.76,94.539025,-1431203.5
UNI,DeFi,2020-10,63883572.98,3.177635,202998664.67
UNI,DeFi,2020-11,2816863.39,3.194673,8998958.51
UNI,DeFi,2020-12,1566861.09,3.575111,5601701.66
UNI,DeFi,2021-01,69110178.58,8.542072,590344103.59
UNI,DeFi,2021-02,21741454.94,21.838857,474808520.8
UNI,DeFi,2021-03,212762076.82,29.73912,6327356853.71
UNI,DeFi,2021-04,1678635.02,33.195114,55722481.44
UNI,DeFi,2021-05,-2400383.3,33.345876,-80042884.26
UNI,DeFi,2021-06,2630759.89,21.990007,57850427.64
UNI,DeFi,2021-07,-1708920.51,18.778568,-32091079.13
UNI,DeFi,2021-08,-2433122.53,26.92844,-65520193.07
UNI,DeFi,2021-09,1788822.51,24.495614,43818306.52
UNI,DeFi,2021-10,894122.53,25.514629,22813204.51
UNI,DeFi,2021-11,-66404154.8,23.369535,-1551834224.22
UNI,DeFi,2021-12,-2731364.3,17.075423,-46639200.23
UNI,DeFi,2022-01,1530456.84,14.72224,22531752.47
UNI,DeFi,2022-02,3119107.12,10.513549,32792884.68
UNI,DeFi,2022-03,2647637.73,9.595071,25404271.9
UNI,DeFi,2022-04,-1494120.76,9.655553,-14426561.53
UNI,DeFi,2022-05,-181411.51,5.835437,-1058615.36
UNI,DeFi,2022-06,941222.46,4.832825,4548763.7
UNI,DeFi,2022-07,-921016.62,6.580539,-6060786.19
UNI,DeFi,2022-08,1048986.14,7.87929,8265265.79
UNI,DeFi,2022-09,296306719.57,6.086067,1803342443.7
UNI,DeFi,2022-10,-882125.55,6.455842,-5694862.79
UNI,DeFi,2022-11,1815523.26,6.038742,10963475.67
UNI,DeFi,2022-12,-466359.39,5.650121,-2634986.79
UNI,DeFi,2023-01,-2952643.62,6.143803,-18140461.02
UNI,DeFi,2023-02,2541912.68,6.75563,17172222.14
UNI,DeFi,2023-03,-1600543.76,6.130904,-9812780.17
UNI,DeFi,2023-04,2384871.36,5.890103,14047139.07
UNI,DeFi,2023-05,-724799.13,5.180651,-3754931.27
UNI,DeFi,2023-06,891231.26,4.714989,4202145.26
UNI,DeFi,2023-07,-1999399.37,5.714981,-11426529.27
UNI,DeFi,2023-08,1363807.95,5.502852,7504833.05
UNI,DeFi,2023-09,-461768.92,4.320707,-1995168.35
UNI,DeFi,2023-10,-512527.3,4.186791,-2145844.66
UNI,DeFi,2023-11,881894.5,5.33578,4705595.23
UNI,DeFi,2023-12,350343.55,6.443329,2257378.88
UNI,DeFi,2024-01,-1785049.53,6.401159,-11426385.48
UNI,DeFi,2024-02,1978276.87,7.65339,15140524.18
UNI,DeFi,2024-03,-1834378.42,12.853123,-23577490.57
UNI,DeFi,2024-04,1361276.72,9.044735,12312386.76
UNI,DeFi,2024-05,-1338903.13,8.375645,-11214177.93
UNI,DeFi,2024-06,610782.63,10.011199,6114666.71
UNI,DeFi,2024-07,-17138.63,8.028211,-137592.51
UNI,DeFi,2024-08,-273239.58,6.325013,-1728244.0
UNI,DeFi,2024-09,611506.36,6.674719,4081633.12
UNI,DeFi,2024-10,-153471529.27,7.510211,-1152603564.51
UNI,DeFi,2024-11,158959.71,9.322984,1481978.81
UNI,DeFi,2024-12,-494855.55,15.090116,-7467427.75
UNI,DeFi,2025-01,1534755.92,13.366891,20514915.32
UNI,DeFi,2025-02,-1032335.25,9.340233,-9642252.11
UNI,DeFi,2025-03,-74200.59,6.684768,-496013.72
UNI,DeFi,2025-04,-51213.94,5.487073,-281014.61
UNI,DeFi,2025-05,-1034812.06,6.047307,-6257826.28
UNI,DeFi,2025-06,1760423.54,6.962481,12256916.23
UNI,DeFi,2025-07,-242918.1,9.016154,-2190187.11
UNI,DeFi,2025-08,-334579.48,10.358322,-3465682.04
UNI,DeFi,2025-09,935962.73,9.05435,8474534.13
UNI,DeFi,2025-10,-2201017.59,6.869911,-15120795.4
UNI,DeFi,2025-11,31097268.45,6.520751,202777547.44
UNI,DeFi,2025-12,-579849.66,5.68241,-3294943.63
UNI,DeFi,2026-01,4747979.89,5.286901,25102101.25
UNI,DeFi,2026-02,-1463466.59,3.567603,-5221067.26
UNI,DeFi,2026-03,548875.91,3.746786,2056520.71
UNI,DeFi,2026-04,-23280.07,3.233528,-75276.76
CRV,DeFi,2020-09,42625670.37,1.894376,80749027.99
CRV,DeFi,2020-10,37240353.06,0.531254,19784076.22
CRV,DeFi,2020-11,30430572.65,0.605623,18429467.95
CRV,DeFi,2020-12,38896314.59,0.610984,23765026.1
CRV,DeFi,2021-01,28012387.23,1.273182,35664857.12
CRV,DeFi,2021-02,30139901.8,2.768481,83441731.63
CRV,DeFi,2021-03,29037908.5,2.464979,71577844.96
CRV,DeFi,2021-04,29513122.75,3.081557,90946372.44
CRV,DeFi,2021-05,71229557.36,2.705695,192725442.17
CRV,DeFi,2021-06,-12542756.02,2.021737,-25358154.95
CRV,DeFi,2021-07,4297819.42,1.629153,7001804.05
CRV,DeFi,2021-08,43809997.11,2.022731,88615854.8
CRV,DeFi,2021-09,509229.16,2.44783,1246506.38
CRV,DeFi,2021-10,-5768609.91,3.226295,-18611238.36
CRV,DeFi,2021-11,1704826.01,4.408141,7515112.79
CRV,DeFi,2021-12,-2579568.13,4.391182,-11327352.61
CRV,DeFi,2022-01,3214347.49,4.427747,14232319.01
CRV,DeFi,2022-02,-3076459.49,2.929559,-9012669.32
CRV,DeFi,2022-03,1871118.67,2.268169,4244013.16
CRV,DeFi,2022-04,-1116362.27,2.465214,-2752072.09
CRV,DeFi,2022-05,-578951.97,1.611023,-932704.68
CRV,DeFi,2022-06,1382691.53,0.911588,1260445.61
CRV,DeFi,2022-07,-822829.79,1.114493,-917038.25
CRV,DeFi,2022-08,1758303.63,1.240284,2180795.73
CRV,DeFi,2022-09,-1185256.18,1.041111,-1233982.79
CRV,DeFi,2022-10,170731973.64,0.879811,150211842.15
CRV,DeFi,2022-11,89364184.57,0.709489,63402943.56
CRV,DeFi,2022-12,-3455459.19,0.591945,-2045441.87
CRV,DeFi,2023-01,75126767.19,0.810391,60882057.62
CRV,DeFi,2023-02,27993625.77,1.080696,30252611.66
CRV,DeFi,2023-03,20180688.41,0.944077,19052121.48
CRV,DeFi,2023-04,38617875.78,0.9872,38123575.12
CRV,DeFi,2023-05,9109819.68,0.856816,7805436.73
CRV,DeFi,2023-06,45644336.79,0.705462,32200366.66
CRV,DeFi,2023-07,23514389.95,0.770649,18121333.16
CRV,DeFi,2023-08,-20981510.63,0.539708,-11323880.29
CRV,DeFi,2023-09,6802146.29,0.454469,3091367.29
CRV,DeFi,2023-10,21688397.69,0.462396,10028636.71
CRV,DeFi,2023-11,29674573.06,0.566966,16824486.73
CRV,DeFi,2023-12,130298901.21,0.631024,82221762.96
CRV,DeFi,2024-01,28790787.39,0.531515,15302741.98
CRV,DeFi,2024-02,41376056.66,0.523518,21661110.49
CRV,DeFi,2024-03,37756607.05,0.721601,27245203.21
CRV,DeFi,2024-04,35098141.31,0.518556,18200349.86
CRV,DeFi,2024-05,22000023.77,0.445403,9798881.5
CRV,DeFi,2024-06,27988811.57,0.363421,10171724.25
CRV,DeFi,2024-07,-59207696.89,0.274842,-16272742.09
CRV,DeFi,2024-08,-23531843.54,0.291307,-6854992.25
CRV,DeFi,2024-09,33869222.4,0.284173,9624715.34
CRV,DeFi,2024-10,13570858.53,0.257563,3495349.78
CRV,DeFi,2024-11,26545954.97,0.349353,9273897.59
CRV,DeFi,2024-12,18473549.89,0.992999,18344212.35
CRV,DeFi,2025-01,18621496.37,0.869835,16197626.86
CRV,DeFi,2025-02,12170809.73,0.524975,6389365.39
CRV,DeFi,2025-03,16309307.11,0.449987,7338978.09
CRV,DeFi,2025-04,28192029.49,0.580281,16359311.93
CRV,DeFi,2025-05,18729555.87,0.730354,13679212.24
CRV,DeFi,2025-06,14155240.52,0.607243,8595664.5
CRV,DeFi,2025-07,14822436.58,0.774687,11482743.44
CRV,DeFi,2025-08,12470479.28,0.890569,11105819.78
CRV,DeFi,2025-09,13552601.87,0.75345,10211203.27
CRV,DeFi,2025-10,8765542.16,0.608615,5334841.0
CRV,DeFi,2025-11,12756308.26,0.438424,5592667.63
CRV,DeFi,2025-12,28876454.5,0.382888,11056459.12
CRV,DeFi,2026-01,13200959.72,0.38982,5145994.16
CRV,DeFi,2026-02,8179100.12,0.251068,2053507.93
CRV,DeFi,2026-03,12742030.6,0.234777,2991537.13
CRV,DeFi,2026-04,3337707.94,0.215009,717635.85
RPL,DeFi,2021-11,-69395.84,48.892522,-3392937.38
RPL,DeFi,2021-12,54635.33,46.697983,2551359.52
RPL,DeFi,2022-01,27492.11,35.762508,983186.91
RPL,DeFi,2022-02,10395.7,31.243434,324797.45
RPL,DeFi,2022-03,-3991.13,30.498874,-121725.07
RPL,DeFi,2022-04,-26382.7,33.895072,-894243.58
RPL,DeFi,2022-05,-20053.93,22.735188,-455929.82
RPL,DeFi,2022-06,32921.39,12.505642,411703.17
RPL,DeFi,2022-07,-26861.25,14.728554,-395627.4
RPL,DeFi,2022-08,-7239.64,25.938235,-187783.45
RPL,DeFi,2022-09,2682901.79,26.317953,70608482.61
RPL,DeFi,2022-10,31718.88,23.386366,741789.23
RPL,DeFi,2022-11,41594.33,17.772409,739231.46
RPL,DeFi,2022-12,107725.13,19.814189,2134486.07
RPL,DeFi,2023-01,53778.45,30.239461,1626231.3
RPL,DeFi,2023-02,105865.75,45.653005,4833089.44
RPL,DeFi,2023-03,64947.9,40.76618,2647677.84
RPL,DeFi,2023-04,86222.4,47.330659,4080962.86
RPL,DeFi,2023-05,62272.59,48.688276,3031945.2
RPL,DeFi,2023-06,69154.32,42.913416,2967648.17
RPL,DeFi,2023-07,64209.82,34.271045,2200537.57
RPL,DeFi,2023-08,134119.51,26.076172,3497323.39
RPL,DeFi,2023-09,146556.22,22.279889,3265256.25
RPL,DeFi,2023-10,24737.86,20.91619,517421.79
RPL,DeFi,2023-11,81584.34,27.516346,2244902.9
RPL,DeFi,2023-12,75870.59,28.848151,2188726.09
RPL,DeFi,2024-01,87525.32,30.789421,2694854.1
RPL,DeFi,2024-02,21530.77,29.489525,634932.16
RPL,DeFi,2024-03,106013.9,32.280054,3422134.32
RPL,DeFi,2024-04,83045.71,24.440382,2029668.85
RPL,DeFi,2024-05,77827.81,20.762328,1615886.43
RPL,DeFi,2024-06,-43319.28,22.237008,-963291.13
RPL,DeFi,2024-07,188613.36,16.921271,3191577.65
RPL,DeFi,2024-08,154244.7,12.090545,1864902.52
RPL,DeFi,2024-09,92807.79,10.580432,981946.54
RPL,DeFi,2024-10,60445.21,10.766134,650761.28
RPL,DeFi,2024-11,89257.66,10.905532,973402.29
RPL,DeFi,2024-12,59874.71,13.945574,834987.2
RPL,DeFi,2025-01,96342.73,10.222334,984847.51
RPL,DeFi,2025-02,62609.77,7.253223,454122.64
RPL,DeFi,2025-03,81995.66,5.410574,443643.6
RPL,DeFi,2025-04,79627.63,3.99232,317898.93
RPL,DeFi,2025-05,74837.04,4.976859,372453.35
RPL,DeFi,2025-06,99230.25,5.616114,557288.44
RPL,DeFi,2025-07,62090.17,6.2462,387827.62
RPL,DeFi,2025-08,167051.66,7.580412,1266320.4
RPL,DeFi,2025-09,116272.71,6.09841,709078.66
RPL,DeFi,2025-10,55642.6,3.979739,221443.02
RPL,DeFi,2025-11,75524.22,2.947333,222595.06
RPL,DeFi,2025-12,52121.58,2.132375,111142.77
RPL,DeFi,2026-01,113650.58,2.080457,236445.13
RPL,DeFi,2026-02,74424.3,1.877183,139708.05
RPL,DeFi,2026-03,82260.75,1.847592,151984.28
RPL,DeFi,2026-04,58594.47,1.748721,102465.37
JUP,DeFi,2024-02,-10097950.4,0.523684,-5288132.35
JUP,DeFi,2024-03,378254.96,1.016668,384559.81
JUP,DeFi,2024-04,2301416.23,1.218527,2804337.57
JUP,DeFi,2024-05,-1298815.06,1.110385,-1442184.69
JUP,DeFi,2024-06,-134547.26,0.914087,-122987.87
JUP,DeFi,2024-07,499637.63,0.897951,448650.23
JUP,DeFi,2024-08,250076.29,0.829721,207493.59
JUP,DeFi,2024-09,946356.62,0.78382,741772.78
JUP,DeFi,2024-10,-181331.13,0.877338,-159088.73
JUP,DeFi,2024-11,-411250.61,1.0901,-448304.2
JUP,DeFi,2024-12,-700968.13,1.0467,-733703.19
JUP,DeFi,2025-01,338132317.05,0.909413,307501798.76
JUP,DeFi,2025-02,948254246.84,0.834038,790880326.66
JUP,DeFi,2025-03,154339239.76,0.562624,86834902.52
JUP,DeFi,2025-04,53302277.52,0.402231,21439850.51
JUP,DeFi,2025-05,52600938.87,0.51643,27164725.31
JUP,DeFi,2025-06,54494779.21,0.442815,24131096.59
JUP,DeFi,2025-07,54666234.32,0.50919,27835492.45
JUP,DeFi,2025-08,107242214.09,0.497872,53392889.52
JUP,DeFi,2025-09,53231600.44,0.500722,26654228.54
JUP,DeFi,2025-10,47917024.43,0.402209,19272653.98
JUP,DeFi,2025-11,-78358336.1,0.30413,-23831104.51
JUP,DeFi,2025-12,52322782.81,0.208835,10926832.59
JUP,DeFi,2026-01,52669479.3,0.208322,10972224.95
JUP,DeFi,2026-02,256398382.92,0.160142,41060180.47
JUP,DeFi,2026-03,53893356.99,0.162608,8763468.45
JUP,DeFi,2026-04,-50254.05,0.161017,-8091.78
MPL_SYRUP,DeFi,2024-12,19160576.61,0.194799,3732467.16
MPL_SYRUP,DeFi,2025-01,197962810.59,0.135061,26737142.82
MPL_SYRUP,DeFi,2025-02,-487099.33,0.124299,-60546.08
MPL_SYRUP,DeFi,2025-03,157919959.08,0.137137,21656606.79
MPL_SYRUP,DeFi,2025-04,40921139.39,0.130385,5335486.84
MPL_SYRUP,DeFi,2025-05,138065814.51,0.302569,41774437.49
MPL_SYRUP,DeFi,2025-06,655286.13,0.47556,311627.6
MPL_SYRUP,DeFi,2025-07,122745740.95,0.493371,60559152.1
MPL_SYRUP,DeFi,2025-08,-78757241.2,0.44647,-35162759.21
MPL_SYRUP,DeFi,2025-09,-114028.86,0.442162,-50419.2
MPL_SYRUP,DeFi,2025-10,1088849.05,0.390889,425618.89
MPL_SYRUP,DeFi,2025-11,18990507.1,0.385018,7311684.13
MPL_SYRUP,DeFi,2025-12,10780956.13,0.289427,3120302.35
MPL_SYRUP,DeFi,2026-01,5513569.17,0.360248,1986253.75
MPL_SYRUP,DeFi,2026-02,1916981.48,0.259673,497789.1
MPL_SYRUP,DeFi,2026-03,2836374.04,0.233487,662256.53
MPL_SYRUP,DeFi,2026-04,-80743.23,0.216303,-17464.99
GMX,DeFi,2021-10,17173.99,26.015553,446790.93
GMX,DeFi,2021-11,294413.29,34.745747,10229609.68
GMX,DeFi,2021-12,41581.0,25.544013,1062145.51
GMX,DeFi,2022-01,188064.38,39.383339,7406603.25
GMX,DeFi,2022-02,156416.15,35.300724,5521603.48
GMX,DeFi,2022-03,128925.85,27.154663,3500938.03
GMX,DeFi,2022-04,79167.53,35.204348,2787041.33
GMX,DeFi,2022-05,76246.91,23.032961,1756192.11
GMX,DeFi,2022-06,71830.84,18.018194,1294261.99
GMX,DeFi,2022-07,130838.2,25.541548,3341810.07
GMX,DeFi,2022-08,160867.02,39.702582,6386835.89
GMX,DeFi,2022-09,46123.35,45.57975,2102290.56
GMX,DeFi,2022-10,91001.59,39.536265,3597863.05
GMX,DeFi,2022-11,109972.21,40.317992,4433858.73
GMX,DeFi,2022-12,126498.25,49.090115,6209813.92
GMX,DeFi,2023-01,3546.5,47.868148,169764.55
GMX,DeFi,2023-02,67671.29,71.434584,4834070.36
GMX,DeFi,2023-03,135135.32,73.156852,9886074.21
GMX,DeFi,2023-04,67578.08,77.815439,5258617.77
GMX,DeFi,2023-05,77626.76,62.269273,4833762.02
GMX,DeFi,2023-06,85308.49,51.161525,4364512.72
GMX,DeFi,2023-07,76059.02,55.397863,4213507.1
GMX,DeFi,2023-08,77601.25,43.674221,3389174.06
GMX,DeFi,2023-09,47455.92,33.733118,1600836.03
GMX,DeFi,2023-10,112553.82,38.975888,4386885.2
GMX,DeFi,2023-11,94693.63,50.330948,4766020.27
GMX,DeFi,2023-12,99647.89,49.228712,4905537.22
GMX,DeFi,2024-01,52052.07,50.131105,2609427.99
GMX,DeFi,2024-02,46059.33,45.69951,2104888.74
GMX,DeFi,2024-03,70938.68,51.291228,3638531.85
GMX,DeFi,2024-04,-17872.07,32.938556,-588680.09
GMX,DeFi,2024-05,26131.92,29.398822,768247.74
GMX,DeFi,2024-06,30354.53,33.228784,1008644.11
GMX,DeFi,2024-07,52253.67,27.898659,1457807.35
GMX,DeFi,2024-08,47115.93,25.230826,1188773.8
GMX,DeFi,2024-09,53035.7,24.568044,1302983.41
GMX,DeFi,2024-10,84468.12,22.346996,1887608.71
GMX,DeFi,2024-11,55325.95,26.951158,1491098.34
GMX,DeFi,2024-12,57675.56,33.682878,1942678.93
GMX,DeFi,2025-01,44048.89,24.51184,1079719.46
GMX,DeFi,2025-02,36962.28,19.482347,720111.99
GMX,DeFi,2025-03,42823.14,14.929144,639312.78
GMX,DeFi,2025-04,79156.36,13.94453,1103798.26
GMX,DeFi,2025-05,50105.76,15.061947,754690.26
GMX,DeFi,2025-06,34780.58,15.01578,522257.47
GMX,DeFi,2025-07,47212.42,13.409501,633094.95
GMX,DeFi,2025-08,41435.22,15.05596,623846.98
GMX,DeFi,2025-09,55402.14,15.330804,849359.39
GMX,DeFi,2025-10,-13028.84,11.94516,-155631.62
GMX,DeFi,2025-11,28497.32,9.031493,257373.38
GMX,DeFi,2025-12,11832.56,8.410947,99523.06
GMX,DeFi,2026-01,9821.41,7.768109,76293.81
GMX,DeFi,2026-02,23675.31,6.370622,150826.42
GMX,DeFi,2026-03,-18291.24,6.590039,-120539.99
GMX,DeFi,2026-04,14716.39,6.072923,89371.49
DRIFT,DeFi,2024-06,27330660.63,0.462436,12638693.51
DRIFT,DeFi,2024-07,8638383.26,0.436046,3766731.08
DRIFT,DeFi,2024-08,31226685.95,0.380984,11896880.7
DRIFT,DeFi,2024-09,16306380.25,0.601518,9808584.02
DRIFT,DeFi,2024-10,13111124.5,0.529049,6936429.98
DRIFT,DeFi,2024-11,16820861.32,1.151364,19366935.0
DRIFT,DeFi,2024-12,9732434.78,1.312389,12772743.18
DRIFT,DeFi,2025-01,5950239.68,1.14661,6822601.97
DRIFT,DeFi,2025-02,11970444.83,0.733579,8781271.19
DRIFT,DeFi,2025-03,5438943.09,0.620266,3373592.67
DRIFT,DeFi,2025-04,3628132.48,0.504757,1831326.54
DRIFT,DeFi,2025-05,5473688.15,0.64506,3530858.74
DRIFT,DeFi,2025-06,37714011.12,0.464864,17531890.81
DRIFT,DeFi,2025-07,7447400.97,0.486194,3620880.9
DRIFT,DeFi,2025-08,14019078.86,0.547399,7674026.88
DRIFT,DeFi,2025-09,6850400.71,0.679114,4652199.67
DRIFT,DeFi,2025-10,14227608.58,0.620049,8821814.38
DRIFT,DeFi,2025-11,28561178.79,0.299184,8545060.76
DRIFT,DeFi,2025-12,144654197.55,0.188781,27307997.18
DRIFT,DeFi,2026-01,29675.73,0.16138,4789.08
DRIFT,DeFi,2026-02,-1006459.55,0.090973,-91560.16
DRIFT,DeFi,2026-03,26408592.69,0.080961,2138056.48
DRIFT,DeFi,2026-04,30466385.81,0.042822,1304623.9
ETHFI,DeFi,2024-04,-151240.22,4.605384,-696519.28
ETHFI,DeFi,2024-05,289879.91,4.012488,1163139.6
ETHFI,DeFi,2024-06,-121495.91,3.843547,-466975.28
ETHFI,DeFi,2024-07,51314231.65,2.269622,116463893.96
ETHFI,DeFi,2024-08,8036569.54,1.489662,11971770.54
ETHFI,DeFi,2024-09,15521799.85,1.409846,21883351.21
ETHFI,DeFi,2024-10,17912455.7,1.518444,27199062.82
ETHFI,DeFi,2024-11,873453.83,1.734347,1514872.38
ETHFI,DeFi,2024-12,8302331.24,2.425223,20135004.88
ETHFI,DeFi,2025-01,2524829.7,1.923398,4856253.16
ETHFI,DeFi,2025-02,12059187.23,1.145166,13809765.99
ETHFI,DeFi,2025-03,-2649855.95,0.727347,-1927364.41
ETHFI,DeFi,2025-04,5284774.25,0.509827,2694323.15
ETHFI,DeFi,2025-05,93405697.31,1.049144,97996013.05
ETHFI,DeFi,2025-06,46982751.54,1.071384,50336557.83
ETHFI,DeFi,2025-07,45998094.43,1.135939,52251032.76
ETHFI,DeFi,2025-08,45141339.64,1.12802,50920347.51
ETHFI,DeFi,2025-09,49875801.36,1.388016,69228410.26
ETHFI,DeFi,2025-10,48581183.97,1.272966,61842209.88
ETHFI,DeFi,2025-11,43938826.05,0.873483,38379832.17
ETHFI,DeFi,2025-12,44029254.17,0.764509,33660745.45
ETHFI,DeFi,2026-01,46250160.8,0.693365,32068249.69
ETHFI,DeFi,2026-02,45254807.59,0.474286,21463734.26
ETHFI,DeFi,2026-03,43417333.0,0.533034,23142915.31
ETHFI,DeFi,2026-04,97092.17,0.450269,43717.61
GRT,L1,2021-01,-6225266.71,0.430418,-2679468.61
GRT,L1,2021-02,2422334.04,1.608835,3897136.5
GRT,L1,2021-03,-3009829.91,1.743791,-5248512.91
GRT,L1,2021-04,4806006.77,1.703266,8185909.75
GRT,L1,2021-05,-2327218.47,1.186024,-2760136.06
GRT,L1,2021-06,1678642260.69,0.663919,1114482155.9
GRT,L1,2021-07,1811898207.43,0.609368,1104113136.99
GRT,L1,2021-08,195939390.37,0.838697,164333720.66
GRT,L1,2021-09,38714314.95,0.815804,31583307.87
GRT,L1,2021-10,-3839447.28,0.807241,-3099360.35
GRT,L1,2021-11,25660939.39,1.003891,25760782.55
GRT,L1,2021-12,271025888.21,0.702636,190432523.9
GRT,L1,2022-01,906584473.4,0.535936,485871058.04
GRT,L1,2022-02,8752207.99,0.419682,3673143.7
GRT,L1,2022-03,552359345.12,0.38799,214310014.99
GRT,L1,2022-04,180659588.18,0.393324,71057836.95
GRT,L1,2022-05,1235571.22,0.206987,255747.6
GRT,L1,2022-06,532266669.91,0.123699,65840761.44
GRT,L1,2022-07,-105953600.7,0.102588,-10869606.26
GRT,L1,2022-08,120725549.15,0.122505,14789482.55
GRT,L1,2022-09,-46980579.75,0.104923,-4929333.13
GRT,L1,2022-10,-17859105.74,0.088245,-1575980.06
GRT,L1,2022-11,27420093.45,0.069332,1901079.51
GRT,L1,2022-12,-2197865.03,0.061642,-135481.06
GRT,L1,2023-01,1416718607.76,0.076982,109061567.07
GRT,L1,2023-02,8348623.04,0.151197,1262289.19
GRT,L1,2023-03,56894366.52,0.143392,8158185.7
GRT,L1,2023-04,56569885.37,0.147561,8347518.32
GRT,L1,2023-05,53625263.05,0.123681,6632435.38
GRT,L1,2023-06,68538566.18,0.10979,7524826.16
GRT,L1,2023-07,48910856.27,0.116241,5685437.11
GRT,L1,2023-08,53606300.11,0.099569,5337532.29
GRT,L1,2023-09,74590097.52,0.086322,6438757.17
GRT,L1,2023-10,28250339.25,0.087682,2477034.6
GRT,L1,2023-11,54783034.66,0.133306,7302926.48
GRT,L1,2023-12,31565726.66,0.168554,5320545.24
GRT,L1,2024-01,29002201.52,0.169008,4901610.61
GRT,L1,2024-02,40120099.39,0.207182,8312177.84
GRT,L1,2024-03,24911497.84,0.379054,9442810.22
GRT,L1,2024-04,35016749.95,0.295803,10358060.97
GRT,L1,2024-05,24596052.95,0.296878,7302031.41
GRT,L1,2024-06,34597004.46,0.245893,8507171.98
GRT,L1,2024-07,5941605.26,0.196413,1167008.06
GRT,L1,2024-08,-3462644.54,0.149591,-517979.44
GRT,L1,2024-09,3211570.53,0.153528,493067.53
GRT,L1,2024-10,616996.44,0.16269,100379.35
GRT,L1,2024-11,25242124.28,0.197679,4989826.2
GRT,L1,2024-12,-40928984.83,0.261388,-10698334.21
GRT,L1,2025-01,18299509.38,0.205296,3756810.1
GRT,L1,2025-02,-10533449.95,0.137822,-1451745.12
GRT,L1,2025-03,11935514.97,0.099867,1191964.47
GRT,L1,2025-04,-2037942.52,0.084413,-172029.08
GRT,L1,2025-05,-8476045.49,0.107622,-912210.73
GRT,L1,2025-06,333859737.67,0.087956,29364833.35
GRT,L1,2025-07,529487940.56,0.097963,51870328.99
GRT,L1,2025-08,60500718.73,0.093121,5633896.84
GRT,L1,2025-09,54960821.06,0.090504,4974165.48
GRT,L1,2025-10,20293014.0,0.070878,1438329.56
GRT,L1,2025-11,65971050.44,0.05727,3778161.93
GRT,L1,2025-12,52629229.1,0.041202,2168454.29
GRT,L1,2026-01,33425686.15,0.038737,1294794.56
GRT,L1,2026-02,38087815.16,0.027573,1050198.48
GRT,L1,2026-03,38155333.48,0.025654,978826.82
GRT,L1,2026-04,4320327.84,0.024088,104067.36
OP,L1,2022-07,-3610354.22,0.739195,-2668754.0
OP,L1,2022-08,5181475.74,1.451,7518321.63
OP,L1,2022-09,-1954954.57,1.095033,-2140740.18
OP,L1,2022-10,-66069.54,0.844392,-55788.58
OP,L1,2022-11,394330.93,0.983207,387709.04
OP,L1,2022-12,414860.28,0.999979,414851.6
OP,L1,2023-01,-665239.93,1.638775,-1090178.55
OP,L1,2023-02,454181.71,2.706585,1229281.4
OP,L1,2023-03,98715703.01,2.429485,239828273.41
OP,L1,2023-04,1195786.67,2.338477,2796320.0
OP,L1,2023-05,22175087.4,1.747943,38760786.19
OP,L1,2023-06,307986941.28,1.282076,394862659.32
OP,L1,2023-07,33180553.59,1.398247,46394625.61
OP,L1,2023-08,38631182.45,1.554381,60047559.15
OP,L1,2023-09,81878141.97,1.327848,108721730.43
OP,L1,2023-10,80828867.25,1.297255,104855663.78
OP,L1,2023-11,2173919.94,1.671255,3633173.93
OP,L1,2023-12,31988774.43,2.504989,80131521.51
OP,L1,2024-01,41273418.07,3.382411,139603647.64
OP,L1,2024-02,3357972.84,3.528314,11847981.62
OP,L1,2024-03,46408430.69,3.936245,182674975.46
OP,L1,2024-04,41626512.73,2.697326,112280269.63
OP,L1,2024-05,40533267.82,2.618927,106153670.08
OP,L1,2024-06,34817773.68,2.062457,71810147.77
OP,L1,2024-07,-142386.86,1.710803,-243595.88
OP,L1,2024-08,66101374.0,1.402909,92734235.05
OP,L1,2024-09,67646315.08,1.563974,105797056.04
OP,L1,2024-10,2331176.52,1.665163,3881787.77
OP,L1,2024-11,-2899249.03,1.806141,-5236451.18
OP,L1,2024-12,96579706.78,2.23255,215619013.26
OP,L1,2025-01,2190294.71,1.768265,3873020.61
OP,L1,2025-02,265070415.22,1.128357,299094164.43
OP,L1,2025-03,-1132720.49,0.900832,-1020390.93
OP,L1,2025-04,38751918.75,0.70182,27196882.01
OP,L1,2025-05,56592020.62,0.737493,41736229.57
OP,L1,2025-06,39373452.99,0.595028,23428301.13
OP,L1,2025-07,764022.91,0.663727,507103.01
OP,L1,2025-08,26826296.9,0.727427,19514165.11
OP,L1,2025-09,-837831.22,0.736287,-616884.06
OP,L1,2025-10,116200441.93,0.537147,62416763.59
OP,L1,2025-11,1014559.39,0.369604,374985.22
OP,L1,2025-12,47842651.96,0.292735,14005241.17
OP,L1,2026-01,-321736.05,0.312099,-100413.42
OP,L1,2026-02,173395187.18,0.173604,30102045.5
OP,L1,2026-03,1539560.25,0.119237,183573.14
OP,L1,2026-04,18630733.47,0.111533,2077938.92
POL,L1,2023-11,1044772.4,0.778944,813819.7
POL,L1,2023-12,7611771.27,0.864722,6582069.31
POL,L1,2024-01,24894631.66,0.829834,20658405.89
POL,L1,2024-02,11801499.7,0.903184,10658922.61
POL,L1,2024-03,3562181.52,1.076693,3835377.33
POL,L1,2024-04,41770409.56,0.791379,33056224.02
POL,L1,2024-05,19386024.09,0.705715,13681015.76
POL,L1,2024-06,41918456.8,0.619268,25958738.35
POL,L1,2024-07,11775652.07,0.521197,6137437.08
POL,L1,2024-08,29814674.66,0.450137,13420677.88
POL,L1,2024-09,7123074478.75,0.397521,2831571827.83
POL,L1,2024-10,299322512.25,0.364342,109055670.46
POL,L1,2024-11,375842763.92,0.423051,159000521.45
POL,L1,2024-12,323606265.12,0.575367,186192249.23
POL,L1,2025-01,194932343.41,0.458831,89440921.75
POL,L1,2025-02,6548536.91,0.311589,2040453.57
POL,L1,2025-03,28239872.91,0.228472,6452014.16
POL,L1,2025-04,62744738.25,0.199445,12514110.85
POL,L1,2025-05,249065415.12,0.237389,59125430.69
POL,L1,2025-06,80179691.97,0.198556,15920176.73
POL,L1,2025-07,27199661.22,0.218846,5952532.28
POL,L1,2025-08,1448278203.04,0.235725,341395838.65
POL,L1,2025-09,41498113.7,0.257427,10682747.29
POL,L1,2025-10,-6598384.89,0.208523,-1375916.43
POL,L1,2025-11,28811519.59,0.157266,4531081.17
POL,L1,2025-12,15391069.63,0.115044,1770644.24
POL,L1,2026-01,24692754.82,0.132297,3266779.46
POL,L1,2026-02,16926359.37,0.10393,1759159.76
POL,L1,2026-03,14180763.54,0.097324,1380127.31
POL,L1,2026-04,9608085.74,0.090883,873213.39
ARB,L1,2023-04,-946775.71,1.369816,-1296908.27
ARB,L1,2023-05,-331094.84,1.201591,-397840.58
ARB,L1,2023-06,134319.95,1.091884,146661.82
ARB,L1,2023-07,-399292.85,1.184157,-472825.55
ARB,L1,2023-08,1673101.2,1.069444,1789287.95
ARB,L1,2023-09,-817838.09,0.849576,-694815.6
ARB,L1,2023-10,-2249076.4,0.863655,-1942426.31
ARB,L1,2023-11,6014261.86,1.065605,6408829.82
ARB,L1,2023-12,-4587157.61,1.20857,-5543901.82
ARB,L1,2024-01,-4429823.91,1.888074,-8363833.79
ARB,L1,2024-02,2676225.36,1.910477,5112867.18
ARB,L1,2024-03,1376747777.76,1.860537,2561489580.69
ARB,L1,2024-04,6140780.47,1.280947,7866016.71
ARB,L1,2024-05,239045018.7,1.072692,256421593.81
ARB,L1,2024-06,337924020.43,0.926853,313205724.45
ARB,L1,2024-07,106036023.38,0.72927,77328933.17
ARB,L1,2024-08,157421011.62,0.559668,88103433.15
ARB,L1,2024-09,121115809.81,0.549329,66532437.92
ARB,L1,2024-10,358550325.79,0.550324,197318841.12
ARB,L1,2024-11,121417403.87,0.682539,82872056.56
ARB,L1,2024-12,112642160.1,0.928541,104592812.48
ARB,L1,2025-01,141627894.57,0.743441,105291989.28
ARB,L1,2025-02,63546105.79,0.476037,30250273.92
ARB,L1,2025-03,200825204.1,0.374615,75232139.93
ARB,L1,2025-04,140481397.49,0.307514,43199997.71
ARB,L1,2025-05,99115100.57,0.382084,37870263.85
ARB,L1,2025-06,118251258.94,0.33132,39178994.05
ARB,L1,2025-07,180195424.37,0.405575,73082769.28
ARB,L1,2025-08,140596243.68,0.479016,67347800.34
ARB,L1,2025-09,115727303.31,0.483947,56005850.57
ARB,L1,2025-10,86999510.24,0.356277,30995932.48
ARB,L1,2025-11,121248146.69,0.249132,30206796.03
ARB,L1,2025-12,100636544.38,0.200012,20128508.91
ARB,L1,2026-01,109803953.7,0.195795,21499113.05
ARB,L1,2026-02,108994205.39,0.112122,12220641.95
ARB,L1,2026-03,101238921.57,0.098844,10006858.45
ARB,L1,2026-04,3082998.26,0.096622,297884.79
ENS,L1,2021-12,755797.64,46.835137,35397886.13
ENS,L1,2022-01,597934.19,25.93991,15510359.3
ENS,L1,2022-02,255981.22,17.362476,4444467.93
ENS,L1,2022-03,290970.41,15.628246,4547357.18
ENS,L1,2022-04,226350.3,15.940364,3608106.04
ENS,L1,2022-05,1400310.95,14.173512,19847324.49
ENS,L1,2022-06,692333.16,9.788945,6777211.49
ENS,L1,2022-07,38136.01,10.886952,415184.92
ENS,L1,2022-08,172087.12,14.524918,2499551.28
ENS,L1,2022-09,-58691.27,14.387634,-844428.48
ENS,L1,2022-10,-55792.54,17.416301,-971699.75
ENS,L1,2022-11,70952.42,13.843333,982218.05
ENS,L1,2022-12,-13371.01,12.450712,-166478.63
ENS,L1,2023-01,-54705.14,13.498256,-738424.0
ENS,L1,2023-02,90505.71,15.564799,1408703.14
ENS,L1,2023-03,-80314.78,13.69713,-1100081.96
ENS,L1,2023-04,51360.46,13.084165,672008.8
ENS,L1,2023-05,-6535.01,10.721454,-70064.82
ENS,L1,2023-06,-26529.38,8.584783,-227748.98
ENS,L1,2023-07,34108.19,9.460468,322679.46
ENS,L1,2023-08,-3324.07,8.593157,-28564.21
ENS,L1,2023-09,-29505.81,7.492948,-221085.52
ENS,L1,2023-10,-46839.88,7.41959,-347532.71
ENS,L1,2023-11,4534631.92,8.590832,38956260.71
ENS,L1,2023-12,119107.3,9.131821,1087666.52
ENS,L1,2024-01,275261.88,17.738068,4882614.05
ENS,L1,2024-02,59738.11,21.300361,1272443.29
ENS,L1,2024-03,109875.69,22.951863,2521851.76
ENS,L1,2024-04,366058.99,16.935814,6199506.74
ENS,L1,2024-05,298785.56,17.710947,5291775.18
ENS,L1,2024-06,118969.06,24.073117,2863956.19
ENS,L1,2024-07,1227726.64,26.806804,32911427.4
ENS,L1,2024-08,174544.87,19.545864,3411630.34
ENS,L1,2024-09,72792.74,17.761452,1292904.74
ENS,L1,2024-10,184579.8,17.165004,3168313.11
ENS,L1,2024-11,-99604.47,19.896015,-1981732.14
ENS,L1,2024-12,74297.88,38.746091,2878752.42
ENS,L1,2025-01,-41076.95,33.74203,-1386019.74
ENS,L1,2025-02,-57819.47,26.529473,-1533920.1
ENS,L1,2025-03,-4479.72,18.116719,-81157.85
ENS,L1,2025-04,17718.88,15.290029,270922.11
ENS,L1,2025-05,-61793.08,21.530414,-1330430.63
ENS,L1,2025-06,86752.39,20.108123,1744427.67
ENS,L1,2025-07,-20278.95,24.169882,-490139.78
ENS,L1,2025-08,-14454.45,26.220934,-379009.27
ENS,L1,2025-09,48203.18,22.469931,1083122.16
ENS,L1,2025-10,-92716.04,17.453163,-1618188.08
ENS,L1,2025-11,4838366.96,12.816228,62009614.15
ENS,L1,2025-12,245141.0,10.366547,2541265.84
ENS,L1,2026-01,16084.95,9.813982,157857.37
ENS,L1,2026-02,4201.36,6.357644,26710.78
ENS,L1,2026-03,184505.7,6.012325,1109308.18
ENS,L1,2026-04,6094.99,5.687764,34666.88
DIMO,DePIN,2023-05,-383315.26,0.17465,-66946.0
DIMO,DePIN,2023-06,12396926.76,0.141323,1751976.09
DIMO,DePIN,2023-07,10041149.42,0.11337,1138361.29
DIMO,DePIN,2023-08,26543299.49,0.084784,2250444.42
DIMO,DePIN,2023-09,-2055298.02,0.093241,-191638.75
DIMO,DePIN,2023-10,12998925.18,0.086921,1129874.82
DIMO,DePIN,2023-11,1394324.13,0.091434,127488.48
DIMO,DePIN,2023-12,46940152.97,0.293138,13759964.66
DIMO,DePIN,2024-01,4693892.47,0.456024,2140528.73
DIMO,DePIN,2024-02,2391534.44,0.46085,1102139.67
DIMO,DePIN,2024-03,425577.77,0.474813,202069.8
DIMO,DePIN,2024-04,16346664.55,0.342306,5595564.36
DIMO,DePIN,2024-05,-331637.46,0.235538,-78113.3
DIMO,DePIN,2024-06,7314987.04,0.179886,1315864.5
DIMO,DePIN,2024-07,4743425.32,0.170676,809587.21
DIMO,DePIN,2024-08,-8587.53,0.145096,-1246.02
DIMO,DePIN,2024-09,7962933.93,0.164693,1311438.87
DIMO,DePIN,2024-10,1475466.08,0.14497,213898.68
DIMO,DePIN,2024-11,37427573.41,0.163051,6102587.07
DIMO,DePIN,2024-12,751384.03,0.209854,157680.93
DIMO,DePIN,2025-01,23836290.64,0.139754,3331217.57
DIMO,DePIN,2025-02,1266614.06,0.089226,113014.67
DIMO,DePIN,2025-03,8868147.79,0.072074,639159.85
DIMO,DePIN,2025-04,6554291.25,0.069821,457624.84
DIMO,DePIN,2025-05,136938.1,0.072034,9864.18
DIMO,DePIN,2025-06,21730702.05,0.055658,1209485.12
DIMO,DePIN,2025-07,51401415.79,0.054361,2794228.37
DIMO,DePIN,2025-08,-2917197.74,0.058598,-170942.43
DIMO,DePIN,2025-09,8397568.91,0.066839,561289.28
DIMO,DePIN,2025-10,6526495.0,0.047087,307309.83
DIMO,DePIN,2025-11,-1337653.17,0.025207,-33717.65
DIMO,DePIN,2025-12,8325481.06,0.015645,130250.43
DIMO,DePIN,2026-01,5896896.7,0.012472,73544.86
DIMO,DePIN,2026-02,4653525.05,0.011038,51366.48
DIMO,DePIN,2026-03,76614772.46,0.013195,1010963.09
DIMO,DePIN,2026-04,-2598438.36,0.012494,-32464.22
IOTX,DePIN,2018-06,407480000.0,0.037926,15454024.76
IOTX,DePIN,2018-07,0.0,0.025762,0.0
IOTX,DePIN,2018-08,0.0,0.013583,0.0
IOTX,DePIN,2018-09,106000000.0,0.012423,1316810.24
IOTX,DePIN,2018-10,200890.56,0.016191,3252.63
IOTX,DePIN,2018-11,3457504.66,0.014279,49371.43
IOTX,DePIN,2018-12,-3658395.22,0.007983,-29203.49
IOTX,DePIN,2019-01,0.0,0.007428,0.0
IOTX,DePIN,2019-02,908644.25,0.006985,6346.49
IOTX,DePIN,2019-03,1192216445.23,0.008975,10699911.54
IOTX,DePIN,2019-04,1978499.28,0.013619,26945.73
IOTX,DePIN,2019-05,2655919.83,0.010279,27300.22
IOTX,DePIN,2019-06,968124252.08,0.010285,9957514.1
IOTX,DePIN,2019-07,643740341.94,0.00763,4912008.26
IOTX,DePIN,2019-08,-20664107.61,0.005104,-105473.04
IOTX,DePIN,2019-09,-5747524.88,0.004206,-24175.7
IOTX,DePIN,2019-10,217645044.48,0.00464,1009804.63
IOTX,DePIN,2019-11,7832160.65,0.004446,34823.17
IOTX,DePIN,2019-12,-11937639.93,0.003688,-44027.09
IOTX,DePIN,2020-01,-15915253.13,0.003861,-61452.73
IOTX,DePIN,2020-02,39142217.95,0.005071,198491.94
IOTX,DePIN,2020-03,-1195352.26,0.002714,-3243.81
IOTX,DePIN,2020-04,-28982253.95,0.002401,-69595.22
IOTX,DePIN,2020-05,-30867699.31,0.003498,-107977.7
IOTX,DePIN,2020-06,38124992.07,0.005044,192302.01
IOTX,DePIN,2020-07,868560079.44,0.006366,5529684.82
IOTX,DePIN,2020-08,642618942.54,0.008508,5467463.39
IOTX,DePIN,2020-09,-26680571.1,0.009291,-247884.94
IOTX,DePIN,2020-10,14969887.24,0.006807,101901.13
IOTX,DePIN,2020-11,-74862428.19,0.007791,-583276.76
IOTX,DePIN,2020-12,-25043998.29,0.007069,-177024.73
IOTX,DePIN,2021-01,367516960.23,0.008319,3057522.71
IOTX,DePIN,2021-02,-27050650.94,0.020014,-541391.45
IOTX,DePIN,2021-03,34965257.39,0.037339,1305554.65
IOTX,DePIN,2021-04,1448377753.08,0.046705,67646720.89
IOTX,DePIN,2021-05,1991990353.46,0.044077,87801160.25
IOTX,DePIN,2021-06,9924009.82,0.022095,219266.35
IOTX,DePIN,2021-07,-59500889.31,0.019114,-1137275.54
IOTX,DePIN,2021-08,-21362153.15,0.063047,-1346811.42
IOTX,DePIN,2021-09,668232459.53,0.065099,43501010.02
IOTX,DePIN,2021-10,-663444642.07,0.067042,-44478725.4
IOTX,DePIN,2021-11,22916323.77,0.162615,3726546.3
IOTX,DePIN,2021-12,-10615454.37,0.126695,-1344925.53
IOTX,DePIN,2022-01,-1275209.71,0.100128,-127684.29
IOTX,DePIN,2022-02,-2500079.58,0.08484,-212105.85
IOTX,DePIN,2022-03,11894067.62,0.079113,940978.18
IOTX,DePIN,2022-04,-3236911.71,0.079055,-255894.56
IOTX,DePIN,2022-05,3889317.4,0.041324,160721.04
IOTX,DePIN,2022-06,24555622.19,0.030089,738857.54
IOTX,DePIN,2022-07,-70532302.51,0.029646,-2091013.93
IOTX,DePIN,2022-08,41278987.79,0.034456,1422327.11
IOTX,DePIN,2022-09,-131558128.3,0.029052,-3822090.17
IOTX,DePIN,2022-10,-11829801.81,0.027605,-326563.75
IOTX,DePIN,2022-11,37161516.92,0.026213,974115.26
IOTX,DePIN,2022-12,20232429.92,0.021623,437486.68
IOTX,DePIN,2023-01,-7429144.73,0.026397,-196109.36
IOTX,DePIN,2023-02,30568627.12,0.030202,923242.21
IOTX,DePIN,2023-03,14189136.23,0.025069,355712.38
IOTX,DePIN,2023-04,-5524586.84,0.027168,-150090.05
IOTX,DePIN,2023-05,-6429346.24,0.023083,-148411.29
IOTX,DePIN,2023-06,26698825.01,0.019904,531409.79
IOTX,DePIN,2023-07,-11340128.13,0.019625,-222547.53
IOTX,DePIN,2023-08,-7917060.71,0.015938,-126181.93
IOTX,DePIN,2023-09,9031074.48,0.014837,133996.21
IOTX,DePIN,2023-10,-11865598.21,0.018686,-221716.45
IOTX,DePIN,2023-11,4818696.56,0.024464,117882.74
IOTX,DePIN,2023-12,-3347211.24,0.040848,-136726.0
IOTX,DePIN,2024-01,-10686273.59,0.043776,-467807.18
IOTX,DePIN,2024-02,13981492.84,0.049593,693390.18
IOTX,DePIN,2024-03,-4547349.87,0.070595,-321018.05
IOTX,DePIN,2024-04,15797487.22,0.064975,1026437.49
IOTX,DePIN,2024-05,-10562782.87,0.051975,-549005.5
IOTX,DePIN,2024-06,-4295437.31,0.049716,-213552.16
IOTX,DePIN,2024-07,10171186.94,0.042165,428872.72
IOTX,DePIN,2024-08,-7622433.62,0.035231,-268545.98
IOTX,DePIN,2024-09,-1217012.71,0.037535,-45680.49
IOTX,DePIN,2024-10,9911939.69,0.039469,391213.61
IOTX,DePIN,2024-11,-11417489.06,0.042043,-480023.9
IOTX,DePIN,2024-12,-4904004.95,0.046841,-229708.82
IOTX,DePIN,2025-01,17189785.41,0.036349,624832.12
IOTX,DePIN,2025-02,-17421722.98,0.020686,-360384.73
IOTX,DePIN,2025-03,-1517296.67,0.017367,-26351.4
IOTX,DePIN,2025-04,4733992.59,0.018562,87871.46
IOTX,DePIN,2025-05,2289657.8,0.020078,45972.62
IOTX,DePIN,2025-06,1330735.27,0.021839,29061.94
IOTX,DePIN,2025-07,3742881.66,0.02271,85000.04
IOTX,DePIN,2025-08,1006830.55,0.028992,29189.86
IOTX,DePIN,2025-09,708520.21,0.026019,18434.77
IOTX,DePIN,2025-10,-26267736.63,0.01599,-420022.79
IOTX,DePIN,2025-11,21757415.78,0.010099,219725.1
IOTX,DePIN,2025-12,2296970.42,0.007729,17753.56
IOTX,DePIN,2026-01,-5673960.64,0.008074,-45813.87
IOTX,DePIN,2026-02,70942.41,0.00556,394.44
IOTX,DePIN,2026-03,2550711.9,0.005112,13038.01
IOTX,DePIN,2026-04,-1142475.89,0.004541,-5188.04
WXM,DePIN,2024-07,2792.35,0.734229,2050.22
WXM,DePIN,2024-08,-7875.68,0.515687,-4061.39
WXM,DePIN,2024-09,135565.75,0.422668,57299.33
WXM,DePIN,2024-10,3255.65,0.514333,1674.49
WXM,DePIN,2024-11,4475114.85,0.58142,2601921.78
WXM,DePIN,2024-12,-926016.64,0.583616,-540438.54
WXM,DePIN,2025-01,281153.47,0.400125,112496.46
WXM,DePIN,2025-02,4293.73,0.374329,1607.27
WXM,DePIN,2025-03,-45029.23,0.288051,-12970.7
WXM,DePIN,2025-04,3058653.17,0.217011,663761.9
WXM,DePIN,2025-05,2430838.36,0.227527,553081.82
WXM,DePIN,2025-06,-44775437.12,0.206528,-9247369.31
WXM,DePIN,2025-07,1216340.0,0.182197,221613.93
WXM,DePIN,2025-08,1219038.79,0.115371,140641.28
WXM,DePIN,2025-09,1188561.94,0.100221,119118.32
WXM,DePIN,2025-10,1189167.22,0.085459,101624.61
WXM,DePIN,2025-11,1202874.5,0.067695,81428.45
WXM,DePIN,2025-12,968164.78,0.052282,50617.71
WXM,DePIN,2026-01,1465651.66,0.0355,52031.11
WXM,DePIN,2026-02,1048790.83,0.02268,23787.04
WXM,DePIN,2026-03,1041453.43,0.02044,21286.85
WXM,DePIN,2026-04,337657.85,0.015982,5396.37
ANYONE,DePIN,2024-01,38329.18,0.912065,34958.69
ANYONE,DePIN,2024-02,553560.72,1.073661,594336.5
ANYONE,DePIN,2024-03,-547386.65,2.461252,-1347256.51
ANYONE,DePIN,2024-04,-355842.08,2.819586,-1003327.3
ANYONE,DePIN,2024-05,797256.97,2.138682,1705079.43
ANYONE,DePIN,2024-06,-398299.26,1.542284,-614290.64
ANYONE,DePIN,2024-07,1143666.77,1.351204,1545327.61
ANYONE,DePIN,2024-08,5524564.44,0.978407,5405271.68
ANYONE,DePIN,2024-09,1207.31,0.889286,1073.65
ANYONE,DePIN,2024-10,-95567.51,0.969195,-92623.55
ANYONE,DePIN,2024-11,127193.42,1.136809,144594.67
ANYONE,DePIN,2024-12,-59166.48,1.716144,-101538.21
ANYONE,DePIN,2025-01,103053.36,1.303615,134341.91
ANYONE,DePIN,2025-02,-163526.01,0.650663,-106400.3
ANYONE,DePIN,2025-03,11339.66,0.352934,4002.15
ANYONE,DePIN,2025-04,-20838.65,0.317648,-6619.35
ANYONE,DePIN,2025-05,76992.08,0.506358,38985.57
ANYONE,DePIN,2025-06,-121499.19,0.38202,-46415.14
ANYONE,DePIN,2025-07,142875.03,0.575535,82229.63
ANYONE,DePIN,2025-08,-2183.95,0.655063,-1430.62
ANYONE,DePIN,2025-09,-83981.05,0.505053,-42414.87
ANYONE,DePIN,2025-10,-333732.69,0.486039,-162207.08
ANYONE,DePIN,2025-11,416965.86,0.407561,169938.92
ANYONE,DePIN,2025-12,307250.93,0.213658,65646.56
ANYONE,DePIN,2026-01,-203085.32,0.253751,-51533.05
ANYONE,DePIN,2026-02,-105813.62,0.144398,-15279.32
ANYONE,DePIN,2026-03,245.5,0.114827,28.19
ANYONE,DePIN,2026-04,-5601.9,0.089076,-498.99
GRASS,DePIN,2024-11,592475.85,2.54865,1510013.49
GRASS,DePIN,2024-12,-213425.45,2.823714,-602652.44
GRASS,DePIN,2025-01,256640.57,2.415757,619981.25
GRASS,DePIN,2025-02,-511802.02,1.62961,-834037.75
GRASS,DePIN,2025-03,31319543.64,1.698882,53208220.95
GRASS,DePIN,2025-04,500665.46,1.694623,848439.41
GRASS,DePIN,2025-05,12894269.23,1.886479,24324764.44
GRASS,DePIN,2025-06,-558374.14,1.567911,-875480.87
GRASS,DePIN,2025-07,13430519.75,1.069292,14361147.33
GRASS,DePIN,2025-08,5919669.54,0.752375,4453809.38
GRASS,DePIN,2025-09,6381820.49,0.806897,5149470.28
GRASS,DePIN,2025-10,131743555.67,0.580999,76542840.84
GRASS,DePIN,2025-11,-9296768.55,0.340487,-3165424.45
GRASS,DePIN,2025-12,17092501.83,0.308356,5270582.62
GRASS,DePIN,2026-01,18587414.71,0.305777,5683603.02
GRASS,DePIN,2026-02,-352931.03,0.197339,-69647.09
GRASS,DePIN,2026-03,94009743.73,0.332399,31248746.09
GRASS,DePIN,2026-04,-678315.29,0.292936,-198702.86
LPT,DePIN,2019-11,-891212.33,2.128852,-1897259.19
LPT,DePIN,2019-12,-634.05,1.460628,-926.11
LPT,DePIN,2020-01,116334.51,1.840831,214152.13
LPT,DePIN,2020-02,-81529.4,1.7967,-146483.88
LPT,DePIN,2020-03,-34943.39,0.91661,-32029.47
LPT,DePIN,2020-04,-480.19,0.580482,-278.74
LPT,DePIN,2020-05,-79389.45,1.593034,-126470.06
LPT,DePIN,2020-06,118680.39,2.8135,333907.28
LPT,DePIN,2020-07,161069.17,1.986388,319945.88
LPT,DePIN,2020-08,15467529.36,2.89634,44799216.41
LPT,DePIN,2020-09,225358.09,3.327067,749781.44
LPT,DePIN,2020-10,321434.43,2.303361,740379.56
LPT,DePIN,2020-11,79338.05,1.434195,113786.21
LPT,DePIN,2020-12,285135.41,1.469904,419121.65
LPT,DePIN,2021-01,495366.94,2.260376,1119715.63
LPT,DePIN,2021-02,-312258.42,3.900131,-1217848.73
LPT,DePIN,2021-03,658729.56,12.949226,8530037.74
LPT,DePIN,2021-04,-159915.0,30.802307,-4925751.03
LPT,DePIN,2021-05,21714.89,29.42884,639044.04
LPT,DePIN,2021-06,173176.32,24.76116,4288046.51
LPT,DePIN,2021-07,196145.54,14.952221,2932811.5
LPT,DePIN,2021-08,142807.07,19.128856,2731735.77
LPT,DePIN,2021-09,-57487.69,18.593425,-1068893.06
LPT,DePIN,2021-10,224307.66,21.655019,4857386.84
LPT,DePIN,2021-11,228956.55,50.688259,11605409.06
LPT,DePIN,2021-12,-25403.87,40.920986,-1039551.61
LPT,DePIN,2022-01,272552.69,33.333048,9085011.98
LPT,DePIN,2022-02,69228.66,27.12799,1878034.29
LPT,DePIN,2022-03,32743.55,25.683656,840974.05
LPT,DePIN,2022-04,13251.6,25.119919,332879.19
LPT,DePIN,2022-05,695497.78,16.647816,11578519.33
LPT,DePIN,2022-06,201219.32,9.99345,2010875.28
LPT,DePIN,2022-07,147387.78,9.092252,1340086.89
LPT,DePIN,2022-08,349616.36,11.133041,3892293.42
LPT,DePIN,2022-09,-120221.09,9.743537,-1171378.59
LPT,DePIN,2022-10,-50567.23,8.965345,-453352.7
LPT,DePIN,2022-11,32047.83,8.036311,257546.32
LPT,DePIN,2022-12,780605.19,6.315153,4929641.37
LPT,DePIN,2023-01,149551.07,5.777702,864061.58
LPT,DePIN,2023-02,234737.66,8.642637,2028752.33
LPT,DePIN,2023-03,202346.49,6.286401,1272031.11
LPT,DePIN,2023-04,105335.98,6.415946,675829.94
LPT,DePIN,2023-05,365994.91,5.018724,1836827.42
LPT,DePIN,2023-06,228313.63,4.359589,995353.69
LPT,DePIN,2023-07,238369.13,4.350976,1037138.23
LPT,DePIN,2023-08,427120.74,5.931903,2533638.84
LPT,DePIN,2023-09,247634.87,6.191578,1533250.52
LPT,DePIN,2023-10,268298.66,5.93745,1593009.74
LPT,DePIN,2023-11,460689.93,6.688387,3081272.47
LPT,DePIN,2023-12,316415.75,7.540011,2385778.2
LPT,DePIN,2024-01,451921.25,7.345313,3319502.91
LPT,DePIN,2024-02,398190.92,10.858163,4323621.93
LPT,DePIN,2024-03,410068.01,18.940753,7766996.71
LPT,DePIN,2024-04,573335.75,14.838634,8507519.36
LPT,DePIN,2024-05,516524.17,18.300174,9452482.16
LPT,DePIN,2024-06,456326.06,20.326188,9275369.08
LPT,DePIN,2024-07,696781.6,14.854337,10350228.69
LPT,DePIN,2024-08,510379.44,12.062418,6156409.91
LPT,DePIN,2024-09,612887.17,12.847257,7873919.05
LPT,DePIN,2024-10,691551.57,12.059097,8339487.27
LPT,DePIN,2024-11,624743.06,11.341488,7085515.93
LPT,DePIN,2024-12,794191.9,16.790871,13335173.95
LPT,DePIN,2025-01,815518.75,13.623466,11110191.79
LPT,DePIN,2025-02,672595.01,7.910746,5320728.08
LPT,DePIN,2025-03,822245.91,5.690811,4679246.42
LPT,DePIN,2025-04,856057.21,4.393138,3760777.32
LPT,DePIN,2025-05,709720.6,5.629158,3995129.32
LPT,DePIN,2025-06,1106480.32,7.083414,7837658.19
LPT,DePIN,2025-07,922739.47,6.731448,6211372.97
LPT,DePIN,2025-08,1046893.36,6.582521,6891197.9
LPT,DePIN,2025-09,1060884.72,6.738236,7148491.88
LPT,DePIN,2025-10,1065765.15,5.469546,5829251.99
LPT,DePIN,2025-11,1055284.99,4.678643,4937301.22
LPT,DePIN,2025-12,1041867.61,3.398936,3541241.32
LPT,DePIN,2026-01,1139711.67,3.138436,3576912.24
LPT,DePIN,2026-02,406641.85,2.415071,982068.9
LPT,DePIN,2026-03,16148.07,2.242543,36212.74
LPT,DePIN,2026-04,-353.25,2.042587,-721.55
HNT,DePIN,2020-06,3469826.58,0.35582,1234632.71
HNT,DePIN,2020-07,4841297.49,0.43515,2106692.65
HNT,DePIN,2020-08,1229908.94,1.186241,1458968.78
HNT,DePIN,2020-09,292313.47,1.563384,456998.13
HNT,DePIN,2020-10,-8976.62,1.216471,-10919.79
HNT,DePIN,2020-11,12081132.93,1.240511,14986783.56
HNT,DePIN,2020-12,4826442.12,1.370029,6612366.51
HNT,DePIN,2021-01,4902562.79,1.643161,8055701.94
HNT,DePIN,2021-02,2962135.87,3.68402,10912566.78
HNT,DePIN,2021-03,5422866.72,6.806659,36911605.41
HNT,DePIN,2021-04,4640213.55,15.146624,70283569.92
HNT,DePIN,2021-05,3782261.6,15.732274,59503576.42
HNT,DePIN,2021-06,4447726.1,13.189792,58664583.39
HNT,DePIN,2021-07,4752167.63,12.00895,57068542.94
HNT,DePIN,2021-08,1719267.4,18.394899,31625749.58
HNT,DePIN,2021-09,1844623.5,20.226917,37311045.7
HNT,DePIN,2021-10,2712605.81,21.632543,58680560.68
HNT,DePIN,2021-11,1248008.1,41.974458,52384463.53
HNT,DePIN,2021-12,-382542.48,34.141656,-13060633.64
HNT,DePIN,2022-01,187953.98,32.02887,6019953.53
HNT,DePIN,2022-02,-135588.18,26.10437,-3539444.01
HNT,DePIN,2022-03,882849.72,22.871513,20192109.2
HNT,DePIN,2022-04,-659552.41,20.388704,-13447418.93
HNT,DePIN,2022-05,-32029.94,10.260753,-328651.24
HNT,DePIN,2022-06,4827475.16,10.141742,48959009.96
HNT,DePIN,2022-07,17894124.14,9.168736,164066495.61
HNT,DePIN,2022-08,4634570.83,7.715972,35760218.64
HNT,DePIN,2022-09,1308629.62,4.62728,6055396.1
HNT,DePIN,2022-10,2174161.91,4.528018,9844643.95
HNT,DePIN,2022-11,2310997.77,2.90678,6717561.87
HNT,DePIN,2022-12,2118703.98,1.974971,4184378.82
HNT,DePIN,2023-01,839210.86,2.445795,2052538.1
HNT,DePIN,2023-02,1016168.73,2.773889,2818739.24
HNT,DePIN,2023-03,2284675.38,1.894094,4327390.84
HNT,DePIN,2023-04,4014597.38,1.641631,6590488.7
HNT,DePIN,2023-05,-153973.05,1.447365,-222855.24
HNT,DePIN,2023-06,-412245.31,1.313652,-541546.94
HNT,DePIN,2023-07,392417.04,1.485909,583095.95
HNT,DePIN,2023-08,65798.17,1.82313,119958.6
HNT,DePIN,2023-09,539331.56,1.457635,786148.77
HNT,DePIN,2023-10,-603811.76,1.47588,-891153.58
HNT,DePIN,2023-11,-52347.33,2.056513,-107652.97
HNT,DePIN,2023-12,112517.43,5.860525,659411.14
HNT,DePIN,2024-01,-158332.06,6.760109,-1070341.91
HNT,DePIN,2024-02,-202911.97,8.406541,-1705787.81
HNT,DePIN,2024-03,19329840.69,7.644885,147774399.74
HNT,DePIN,2024-04,1161082.5,4.933154,5727798.36
HNT,DePIN,2024-05,1519424.3,4.703089,7145987.49
HNT,DePIN,2024-06,1095693.56,3.594048,3937975.02
HNT,DePIN,2024-07,1242097.79,4.06028,5043265.39
HNT,DePIN,2024-08,1311869.82,6.304206,8270298.06
HNT,DePIN,2024-09,1200918.88,7.543423,9059039.45
HNT,DePIN,2024-10,1531510.95,6.769844,10368089.99
HNT,DePIN,2024-11,591377.83,6.085797,3599005.56
HNT,DePIN,2024-12,2779935.53,7.856946,21841803.4
HNT,DePIN,2025-01,1910961.59,5.068079,9684904.69
HNT,DePIN,2025-02,-296870.34,3.577294,-1061992.53
HNT,DePIN,2025-03,2851655.49,3.112467,8875682.26
HNT,DePIN,2025-04,1854786.06,3.336058,6187673.0
HNT,DePIN,2025-05,1710202.49,3.923623,6710189.56
HNT,DePIN,2025-06,845547.05,2.629618,2223465.56
HNT,DePIN,2025-07,1458397.65,3.015172,4397319.59
HNT,DePIN,2025-08,329502.46,2.748541,905651.06
HNT,DePIN,2025-09,269381.62,2.452101,660551.05
HNT,DePIN,2025-10,104981.39,2.254129,236641.57
HNT,DePIN,2025-11,238088.51,2.249214,535511.98
HNT,DePIN,2025-12,-347446.25,1.751752,-608639.66
HNT,DePIN,2026-01,-83104.39,1.344901,-111767.19
HNT,DePIN,2026-02,85575.55,1.143762,97878.04
HNT,DePIN,2026-03,-1720056.26,1.211815,-2084390.81
HNT,DePIN,2026-04,-292644.34,1.030198,-301481.48
GEOD,DePIN,2023-12,-24505.08,0.102925,-2522.19
GEOD,DePIN,2024-01,2452419.71,0.112009,274693.17
GEOD,DePIN,2024-02,28846.71,0.107563,3102.83
GEOD,DePIN,2024-03,235475.64,0.231582,54531.83
GEOD,DePIN,2024-04,-22963.98,0.226791,-5208.01
GEOD,DePIN,2024-05,1816.22,0.228819,415.59
GEOD,DePIN,2024-06,53882686.36,0.178269,9605613.49
GEOD,DePIN,2024-07,592679.63,0.158043,93668.76
GEOD,DePIN,2024-08,-180.11,0.142816,-25.72
GEOD,DePIN,2024-09,-380581.54,0.188799,-71853.31
GEOD,DePIN,2024-10,51983950.41,0.253856,13196441.88
GEOD,DePIN,2024-11,69099.2,0.236553,16345.64
GEOD,DePIN,2024-12,54729950.87,0.244745,13394870.82
GEOD,DePIN,2025-01,-26126.46,0.300358,-7847.28
GEOD,DePIN,2025-02,64368523.74,0.305034,19634608.78
GEOD,DePIN,2025-03,29737.48,0.27981,8320.85
GEOD,DePIN,2025-04,-52955.53,0.218952,-11594.72
GEOD,DePIN,2025-05,196516.18,0.218254,42890.42
GEOD,DePIN,2025-06,-685247.52,0.185317,-126988.18
GEOD,DePIN,2025-07,693550.59,0.169715,117706.16
GEOD,DePIN,2025-08,-239062.35,0.151939,-36322.89
GEOD,DePIN,2025-09,-185946.64,0.171814,-31948.21
GEOD,DePIN,2025-10,121833096.67,0.141004,17178919.01
GEOD,DePIN,2025-11,482851.9,0.138808,67023.77
GEOD,DePIN,2025-12,-479585.23,0.140727,-67490.63
GEOD,DePIN,2026-01,126178.21,0.151061,19060.62
GEOD,DePIN,2026-02,1483360.73,0.132183,196074.97
GEOD,DePIN,2026-03,-14307911.62,0.131636,-1883442.5
GEOD,DePIN,2026-04,-636450.78,0.139314,-88666.79
FIL,DePIN,2020-11,18805217.98,29.702257,558557420.93
FIL,DePIN,2020-12,1275358.52,27.489416,35058861.22
FIL,DePIN,2021-01,2290656.08,22.223603,50906632.07
FIL,DePIN,2021-02,7772947.53,35.436311,275444588.4
FIL,DePIN,2021-03,7471052.41,69.813561,521580770.12
FIL,DePIN,2021-04,6363403.13,163.230553,1038701808.67
FIL,DePIN,2021-05,5658869.48,111.947522,633496417.36
FIL,DePIN,2021-06,9160647.83,68.748169,629777768.86
FIL,DePIN,2021-07,8973738.38,51.441272,461620517.04
FIL,DePIN,2021-08,7809546.13,68.753795,536935937.3
FIL,DePIN,2021-09,9297789.59,78.747765,732180150.9
FIL,DePIN,2021-10,7969571.36,66.878525,532993181.49
FIL,DePIN,2021-11,12190985.87,59.160867,721229292.91
FIL,DePIN,2021-12,13469994.22,39.461577,531547212.48
FIL,DePIN,2022-01,11824757.74,27.372148,323669016.98
FIL,DePIN,2022-02,13577665.08,21.070377,286086526.4
FIL,DePIN,2022-03,15851985.29,19.411209,307706199.29
FIL,DePIN,2022-04,11817656.04,20.6246,243734425.63
FIL,DePIN,2022-05,16883559.01,10.16532,171626784.01
FIL,DePIN,2022-06,11557162.48,6.302167,72835170.11
FIL,DePIN,2022-07,20292132.45,5.615442,113949293.28
FIL,DePIN,2022-08,26966245.06,7.561585,203907558.23
FIL,DePIN,2022-09,19545395.78,5.848109,114303605.76
FIL,DePIN,2022-10,16002114.89,5.274689,84406178.88
FIL,DePIN,2022-11,20758466.48,4.715348,97883398.54
FIL,DePIN,2022-12,22852288.94,3.717595,84955554.92
FIL,DePIN,2023-01,23283522.12,4.301269,100148694.53
FIL,DePIN,2023-02,18851854.95,6.186369,116624526.61
FIL,DePIN,2023-03,16667772.02,5.932796,98886491.43
FIL,DePIN,2023-04,11240721.25,5.728902,64396989.62
FIL,DePIN,2023-05,6241945.23,4.694414,29302276.86
FIL,DePIN,2023-06,5947145.02,4.004009,23812424.95
FIL,DePIN,2023-07,4755210.72,4.379829,20827009.71
FIL,DePIN,2023-08,6564649.02,3.788987,24873367.48
FIL,DePIN,2023-09,7115774.69,3.231831,22996984.14
FIL,DePIN,2023-10,9714259.78,3.407986,33106057.4
FIL,DePIN,2023-11,12378510.15,4.516178,55903555.48
FIL,DePIN,2023-12,16140939.06,5.19777,83896885.63
FIL,DePIN,2024-01,10189756.12,5.786808,58966162.09
FIL,DePIN,2024-02,15064000.21,6.221148,93715382.07
FIL,DePIN,2024-03,14225239.9,9.568058,136107925.7
FIL,DePIN,2024-04,15963330.46,7.196224,114875705.4
FIL,DePIN,2024-05,11857449.08,5.844874,69305300.06
FIL,DePIN,2024-06,8421775.1,5.160102,43457221.02
FIL,DePIN,2024-07,8396396.05,4.278297,35922279.51
FIL,DePIN,2024-08,7643332.33,3.734339,28542791.79
FIL,DePIN,2024-09,7279238.2,3.650208,26570733.79
FIL,DePIN,2024-10,6843010.5,3.667553,25097105.89
FIL,DePIN,2024-11,7932862.15,4.41524,35025488.1
FIL,DePIN,2024-12,12613169.43,6.245332,78773431.04
FIL,DePIN,2025-01,11223721.3,5.190296,58254437.39
FIL,DePIN,2025-02,11879661.79,3.427523,40717819.49
FIL,DePIN,2025-03,6113977.8,2.987359,18264647.5
FIL,DePIN,2025-04,17081316.15,2.607055,44531928.99
FIL,DePIN,2025-05,10072121.73,2.863382,28840331.22
FIL,DePIN,2025-06,4771842.29,2.420972,11552494.38
FIL,DePIN,2025-07,5831236.27,2.554633,14896669.13
FIL,DePIN,2025-08,1803371.63,2.437954,4396536.2
FIL,DePIN,2025-09,7555037.69,2.372267,17922567.05
FIL,DePIN,2025-10,9145805.17,1.820145,16646692.03
FIL,DePIN,2025-11,19956362.92,1.9152,38220430.51
FIL,DePIN,2025-12,9501400.88,1.374446,13059159.3
FIL,DePIN,2026-01,9654297.42,1.417349,13683508.63
FIL,DePIN,2026-02,14005348.28,0.968223,13560299.38
FIL,DePIN,2026-03,9745131.48,0.915291,8919635.89
FIL,DePIN,2026-04,4429469.22,0.856954,3795851.23
RENDER,DePIN,2020-12,625592.82,0.136248,85235.61
RENDER,DePIN,2021-01,-47369.53,0.102261,-4844.04
RENDER,DePIN,2021-02,19671219.71,0.204758,4027839.79
RENDER,DePIN,2021-03,0.0,0.729422,0.0
RENDER,DePIN,2021-04,5000000.0,1.362563,6812813.56
RENDER,DePIN,2021-05,-0.0,0.853986,-0.0
RENDER,DePIN,2021-06,0.0,0.548382,0.0
RENDER,DePIN,2021-07,0.0,0.631712,0.0
RENDER,DePIN,2021-08,-0.0,1.092547,-0.0
RENDER,DePIN,2021-09,9200010.0,1.119548,10299851.8
RENDER,DePIN,2021-10,-0.0,0.974451,-0.0
RENDER,DePIN,2021-11,5200382.0,4.202641,21855338.78
RENDER,DePIN,2021-12,15976666.0,4.840764,77339268.1
RENDER,DePIN,2022-01,10981033.0,3.432541,37692840.61
RENDER,DePIN,2022-02,14202687.0,2.967775,42150372.36
RENDER,DePIN,2022-03,11092144.0,2.639265,29275112.65
RENDER,DePIN,2022-04,11092144.0,2.197344,24373256.88
RENDER,DePIN,2022-05,11092144.0,1.058117,11736782.02
RENDER,DePIN,2022-06,0.0,0.561047,0.0
RENDER,DePIN,2022-07,20470003.0,0.53997,11053183.4
RENDER,DePIN,2022-08,13645949.0,0.651487,8890157.27
RENDER,DePIN,2022-09,11940475.0,0.498387,5950980.98
RENDER,DePIN,2022-10,9340264.0,0.466371,4356028.67
RENDER,DePIN,2022-11,7238287.0,0.562134,4068889.5
RENDER,DePIN,2022-12,7238287.0,0.466723,3378271.92
RENDER,DePIN,2023-01,1816585.0,0.630304,1145001.54
RENDER,DePIN,2023-02,33436171.0,1.652756,55261829.63
RENDER,DePIN,2023-03,2466585.0,1.283739,3166450.86
RENDER,DePIN,2023-04,2466585.0,1.691284,4171696.62
RENDER,DePIN,2023-05,2466585.0,2.242865,5532216.74
RENDER,DePIN,2023-06,2466625.11,2.152778,5310096.16
RENDER,DePIN,2023-07,761111.0,1.923214,1463779.22
RENDER,DePIN,2023-08,2164630.68,1.566259,3390372.51
RENDER,DePIN,2023-09,242724.72,1.495114,362901.17
RENDER,DePIN,2023-10,116983.21,1.915123,224037.28
RENDER,DePIN,2023-11,2385295.65,2.796083,6669483.72
RENDER,DePIN,2023-12,-327607.03,4.196778,-1374893.83
RENDER,DePIN,2024-01,1633620.28,4.065044,6640737.93
RENDER,DePIN,2024-02,2790706.33,5.625298,15698553.53
RENDER,DePIN,2024-03,4346794.8,10.402735,45218555.96
RENDER,DePIN,2024-04,4270968.74,8.869418,37881007.04
RENDER,DePIN,2024-05,1411371.19,9.996833,14109242.25
RENDER,DePIN,2024-06,246632.19,8.506788,2098047.82
RENDER,DePIN,2024-07,3457995.55,6.595135,22805946.59
RENDER,DePIN,2024-08,173478.8,5.017131,870365.85
RENDER,DePIN,2024-09,301268.65,5.348807,1611427.9
RENDER,DePIN,2024-10,-166263.24,5.302959,-881687.16
RENDER,DePIN,2024-11,125040533.3,6.53131,816678511.74
RENDER,DePIN,2024-12,-304923.29,8.437087,-2572664.26
RENDER,DePIN,2025-01,1068835.93,7.175308,7669227.19
RENDER,DePIN,2025-02,-749376.54,4.403593,-3299948.92
RENDER,DePIN,2025-03,-457696.07,3.476821,-1591327.34
RENDER,DePIN,2025-04,-429488.13,3.82175,-1641396.24
RENDER,DePIN,2025-05,1032734.36,4.687539,4840982.33
RENDER,DePIN,2025-06,258134.29,3.481962,898813.78
RENDER,DePIN,2025-07,-120971.9,3.781646,-457472.85
RENDER,DePIN,2025-08,567526.27,3.721634,2112125.3
RENDER,DePIN,2025-09,65003.6,3.676151,238963.04
RENDER,DePIN,2025-10,-544959.05,2.82767,-1540964.37
RENDER,DePIN,2025-11,253632.48,2.049627,519851.99
RENDER,DePIN,2025-12,269205.37,1.45748,392361.43
RENDER,DePIN,2026-01,127264.74,2.033086,258740.19
RENDER,DePIN,2026-02,-369781.47,1.422981,-526192.13
RENDER,DePIN,2026-03,361378.49,1.607479,580908.25
RENDER,DePIN,2026-04,95105.92,1.90439,181118.73
POKT,DePIN,2022-02,92920377.59,1.137031,105653366.15
POKT,DePIN,2022-03,114669842.72,0.795012,91163887.43
POKT,DePIN,2022-04,119189619.06,0.764094,91072111.06
POKT,DePIN,2022-05,64588107.11,0.289552,18701626.01
POKT,DePIN,2022-06,45658638.69,0.137238,6266078.93
POKT,DePIN,2022-07,56358659.84,0.092958,5238988.5
POKT,DePIN,2022-08,7673640.42,0.10346,793915.48
POKT,DePIN,2022-09,85923645.94,0.106539,9154186.37
POKT,DePIN,2022-10,54385470.61,0.071861,3908194.12
POKT,DePIN,2022-11,17994297.4,0.063283,1138739.18
POKT,DePIN,2022-12,9020021.91,0.071233,642524.14
POKT,DePIN,2023-01,20023916.26,0.05858,1172997.17
POKT,DePIN,2023-02,44962259.81,0.06959,3128937.11
POKT,DePIN,2023-03,36273577.75,0.054488,1976461.55
POKT,DePIN,2023-04,40157575.09,0.042336,1700095.62
POKT,DePIN,2023-05,20114210.93,0.038162,767604.13
POKT,DePIN,2023-06,14134321.82,0.033133,468315.11
POKT,DePIN,2023-07,21068983.49,0.028015,590239.78
POKT,DePIN,2023-08,-10712438.83,0.030436,-326045.29
POKT,DePIN,2023-09,17663551.46,0.027839,491744.0
POKT,DePIN,2023-10,-22620368.55,0.026024,-588676.19
POKT,DePIN,2023-11,3221847.79,0.053868,173554.78
POKT,DePIN,2023-12,968241.96,0.11694,113226.67
POKT,DePIN,2024-01,2838556.64,0.218332,619746.39
POKT,DePIN,2024-02,93053823.99,0.241495,22472009.91
POKT,DePIN,2024-03,4564043.51,0.201075,917713.43
POKT,DePIN,2024-04,30133986.96,0.197382,5947893.54
POKT,DePIN,2024-05,-10148183.77,0.139754,-1418244.6
POKT,DePIN,2024-06,12370499.57,0.097085,1200994.14
POKT,DePIN,2024-07,23045822.48,0.048372,1114774.19
POKT,DePIN,2024-08,-24277608.39,0.037177,-902562.15
POKT,DePIN,2024-09,7688023.51,0.038382,295083.71
POKT,DePIN,2024-10,2733091.97,0.041593,113676.42
POKT,DePIN,2024-11,-10195178.42,0.048375,-493187.12
POKT,DePIN,2024-12,9610980.85,0.047224,453868.01
POKT,DePIN,2025-01,769710.14,0.028847,22203.55
POKT,DePIN,2025-02,-489781.28,0.018382,-9003.16
POKT,DePIN,2025-03,-12473461.49,0.014371,-179252.22
POKT,DePIN,2025-04,312067307.28,0.011548,3603860.82
POKT,DePIN,2025-05,21251945.59,0.014673,311827.17
POKT,DePIN,2025-06,5619925.25,0.053419,300211.21
POKT,DePIN,2025-07,-5572358.67,0.042433,-236452.79
POKT,DePIN,2025-08,6577207.22,0.038489,253151.1
POKT,DePIN,2025-09,-6045230.36,0.031565,-190819.26
POKT,DePIN,2025-10,3710937.65,0.020283,75270.54
POKT,DePIN,2025-11,-22460260.72,0.015318,-344052.3
POKT,DePIN,2025-12,18616447.45,0.012995,241922.53
POKT,DePIN,2026-01,221716.45,0.012371,2742.83
POKT,DePIN,2026-02,25868394.45,0.015986,413533.46
POKT,DePIN,2026-03,-32531893.44,0.014127,-459568.92
POKT,DePIN,2026-04,2127149.3,0.013135,27941.13
ZRO,L1,2024-07,-138502926.78,4.175051,-578256726.82
ZRO,L1,2024-08,839960.61,3.627724,3047145.56
ZRO,L1,2024-09,14183.47,3.991097,56607.62
ZRO,L1,2024-10,-708740.52,3.918586,-2777260.95
ZRO,L1,2024-11,-319449.16,3.761713,-1201676.03
ZRO,L1,2024-12,-47286.16,6.056383,-286383.05
ZRO,L1,2025-01,71562.92,4.566123,326765.11
ZRO,L1,2025-02,-128495.66,2.889186,-371247.9
ZRO,L1,2025-03,-51562.83,2.443401,-125988.68
ZRO,L1,2025-04,-292534.5,2.662276,-778807.45
ZRO,L1,2025-05,512499.52,2.732094,1400196.97
ZRO,L1,2025-06,242950.01,1.992458,484067.75
ZRO,L1,2025-07,-304290.4,2.017807,-613999.32
ZRO,L1,2025-08,2975.56,1.979118,5888.99
ZRO,L1,2025-09,104519.09,2.0091,209989.31
ZRO,L1,2025-10,-439446.14,1.923289,-845182.12
ZRO,L1,2025-11,91060442.74,1.453546,132360518.21
ZRO,L1,2025-12,633748.29,1.354839,858627.17
ZRO,L1,2026-01,153291.32,1.678394,257283.22
ZRO,L1,2026-02,-33575.81,1.698828,-57039.51
ZRO,L1,2026-03,49694084.14,2.018814,100323131.75
ZRO,L1,2026-04,-5644.94,1.919851,-10837.44
W,L1,2024-05,-187145.22,0.601215,-112514.6
W,L1,2024-06,-3461768.19,0.481111,-1665493.35
W,L1,2024-07,4832486.76,0.304628,1472111.97
W,L1,2024-08,774957132.0,0.223201,172971441.88
W,L1,2024-09,1050628.96,0.225733,237162.02
W,L1,2024-10,129474962.88,0.293523,38003928.78
W,L1,2024-11,42696827.14,0.248717,10619437.5
W,L1,2024-12,46184413.41,0.32207,14874595.63
W,L1,2025-01,45141262.12,0.254986,11510372.96
W,L1,2025-02,38810944.72,0.174561,6774876.84
W,L1,2025-03,46525170.3,0.09877,4595294.64
W,L1,2025-04,1630898619.16,0.07814,127439162.71
W,L1,2025-05,45653080.51,0.094818,4328755.34
W,L1,2025-06,48374901.36,0.070207,3396274.06
W,L1,2025-07,40615435.85,0.079697,3236919.99
W,L1,2025-08,40879127.44,0.081198,3319299.99
W,L1,2025-09,-43100218.4,0.094735,-4083112.8
W,L1,2025-10,142006295.39,0.088266,12534296.97
W,L1,2025-11,196034739.29,0.054954,10772797.47
W,L1,2025-12,142003227.26,0.037454,5318522.0
W,L1,2026-01,149982231.83,0.033925,5088191.52
W,L1,2026-02,139437770.78,0.020355,2838270.65
W,L1,2026-03,165924288.13,0.017257,2863284.65
W,L1,2026-04,44354577.86,0.013683,606916.3
MOR,DePIN,2024-11,1109416.1,19.975708,22161372.45
MOR,DePIN,2024-12,1129549.55,19.498958,22025038.94
MOR,DePIN,2025-01,-2123.75,16.908461,-35909.27
MOR,DePIN,2025-02,-19368.95,20.250632,-392233.43
MOR,DePIN,2025-03,-103143.69,9.62064,-992308.29
MOR,DePIN,2025-04,274936.54,5.985756,1645703.02
MOR,DePIN,2025-05,29045.64,6.008156,174510.75
MOR,DePIN,2025-06,158109.25,5.43342,859073.95
MOR,DePIN,2025-07,108243.46,5.556827,601490.24
MOR,DePIN,2025-08,-32060.17,5.512777,-176740.56
MOR,DePIN,2025-09,165710.85,4.471265,740937.11
MOR,DePIN,2025-10,1863898.75,3.296155,6143698.79
MOR,DePIN,2025-11,-14767.49,2.056991,-30376.6
MOR,DePIN,2025-12,353036.56,1.602778,565839.11
MOR,DePIN,2026-01,221980.36,1.103783,245018.21
MOR,DePIN,2026-02,454072.14,0.597183,271164.16
MOR,DePIN,2026-03,24373.76,1.463056,35660.18
MOR,DePIN,2026-04,213517.94,1.372251,293000.15
AXL,L1,2022-12,24931622.41,0.49262,12281821.47
AXL,L1,2023-01,39179710.06,0.552393,21642595.51
AXL,L1,2023-02,29700956.72,0.721701,21435196.85
AXL,L1,2023-03,33082756.02,0.657079,21737981.8
AXL,L1,2023-04,33000704.25,0.552313,18226703.78
AXL,L1,2023-05,33289348.95,0.513325,17088241.39
AXL,L1,2023-06,33815267.46,0.40998,13863593.58
AXL,L1,2023-07,35083932.04,0.376338,13203426.45
AXL,L1,2023-08,35669956.72,0.374867,13371477.96
AXL,L1,2023-09,36171535.48,0.345208,12486707.51
AXL,L1,2023-10,37073045.48,0.326747,12113489.71
AXL,L1,2023-11,32199842.34,0.515824,16609459.21
AXL,L1,2023-12,34165138.57,0.937467,32028694.41
AXL,L1,2024-01,31279553.33,1.020603,31923995.95
AXL,L1,2024-02,29738114.79,1.177269,35009756.98
AXL,L1,2024-03,32957449.29,2.01469,66399043.78
AXL,L1,2024-04,31787100.22,1.338707,42553598.67
AXL,L1,2024-05,29558615.41,1.055466,31198108.02
AXL,L1,2024-06,29631553.84,0.764252,22645969.06
AXL,L1,2024-07,31235487.95,0.669448,20910544.73
AXL,L1,2024-08,31364696.58,0.55908,17535380.76
AXL,L1,2024-09,29682062.55,0.548958,16294196.86
AXL,L1,2024-10,31001751.53,0.730784,22655571.66
AXL,L1,2024-11,30134445.97,0.757473,22826014.68
AXL,L1,2024-12,29254912.12,0.88216,25807502.57
AXL,L1,2025-01,19305511.16,0.635635,12271267.1
AXL,L1,2025-02,16171807.05,0.457178,7393395.57
AXL,L1,2025-03,17349953.3,0.399657,6934029.36
AXL,L1,2025-04,4064488.33,0.32735,1330509.68
AXL,L1,2025-05,125252.39,0.37541,47021.02
AXL,L1,2025-06,48442497.33,0.362762,17573106.62
AXL,L1,2025-07,17381826.97,0.3618,6288740.05
AXL,L1,2025-08,16631498.44,0.331517,5513625.31
AXL,L1,2025-09,18403533.05,0.312365,5748616.36
AXL,L1,2025-10,16607840.84,0.231238,3840358.83
AXL,L1,2025-11,17547366.6,0.148529,2606300.53
AXL,L1,2025-12,13213244.89,0.102354,1352422.34
AXL,L1,2026-01,19871025.4,0.074939,1489115.44
AXL,L1,2026-02,12702318.24,0.058871,747796.3
AXL,L1,2026-03,19269780.38,0.052558,1012771.75
AXL,L1,2026-04,5407824.53,0.04561,246651.33
LDO,DeFi,2021-02,5044248.19,2.120017,10693893.48
LDO,DeFi,2021-03,5832884.34,0.683749,3988231.19
LDO,DeFi,2021-04,5143770.87,1.191451,6128551.8
LDO,DeFi,2021-05,3495155.16,3.080689,10767485.13
LDO,DeFi,2021-06,66351.7,2.083461,138241.16
LDO,DeFi,2021-07,-71869.23,1.784029,-128216.81
LDO,DeFi,2021-08,13468526.06,5.046198,67964843.81
LDO,DeFi,2021-09,9012176.37,5.17655,46651980.03
LDO,DeFi,2021-10,5366169.8,3.890024,20874528.03
LDO,DeFi,2021-11,7054389.83,3.944857,27828559.96
LDO,DeFi,2021-12,2248734.47,3.178847,7148382.27
LDO,DeFi,2022-01,14092815.68,2.469014,34795362.61
LDO,DeFi,2022-02,21690200.57,1.759911,38172825.16
LDO,DeFi,2022-03,191077650.57,2.802033,535405934.14
LDO,DeFi,2022-04,27586803.26,3.368396,92923264.78
LDO,DeFi,2022-05,69260300.72,1.788431,123867289.38
LDO,DeFi,2022-06,67630590.5,0.751232,50806249.25
LDO,DeFi,2022-07,63661909.42,1.17655,74901443.22
LDO,DeFi,2022-08,70838502.6,2.283173,161736581.51
LDO,DeFi,2022-09,61280819.54,1.856519,113769024.35
LDO,DeFi,2022-10,66106000.21,1.48601,98234180.73
LDO,DeFi,2022-11,65597336.17,1.262659,82827037.95
LDO,DeFi,2022-12,41500122.61,1.027591,42645136.3
LDO,DeFi,2023-01,10095183.15,1.942065,19605506.21
LDO,DeFi,2023-02,12893282.2,2.640927,34050212.9
LDO,DeFi,2023-03,10843445.08,2.460404,26679254.73
LDO,DeFi,2023-04,16885960.58,2.338308,39484573.42
LDO,DeFi,2023-05,2790109.83,2.007178,5600248.26
LDO,DeFi,2023-06,1472165.19,1.962773,2889526.49
LDO,DeFi,2023-07,-2649281.88,2.038257,-5399916.08
LDO,DeFi,2023-08,10493038.67,1.743481,18294416.23
LDO,DeFi,2023-09,2985606.02,1.524249,4550806.94
LDO,DeFi,2023-10,-2163222.0,1.639729,-3547098.73
LDO,DeFi,2023-11,1725637.89,2.227622,3844069.68
LDO,DeFi,2023-12,-322801.24,2.375557,-766832.81
LDO,DeFi,2024-01,-2126200.19,3.120489,-6634784.79
LDO,DeFi,2024-02,2721561.61,3.08192,8387634.72
LDO,DeFi,2024-03,-1722964.82,3.079848,-5306469.39
LDO,DeFi,2024-04,2837637.9,2.300756,6528713.63
LDO,DeFi,2024-05,-1727244.01,2.010416,-3472479.24
LDO,DeFi,2024-06,2208513.28,2.152522,4753873.51
LDO,DeFi,2024-07,2010347.95,1.727618,3473113.5
LDO,DeFi,2024-08,231332.2,1.151193,266308.04
LDO,DeFi,2024-09,-88587.05,1.080911,-95754.7
LDO,DeFi,2024-10,1424606.74,1.092609,1556538.57
LDO,DeFi,2024-11,-1241553.26,1.270859,-1577839.44
LDO,DeFi,2024-12,628086.05,1.958838,1230318.53
LDO,DeFi,2025-01,2289833.92,1.853237,4243604.05
LDO,DeFi,2025-02,-766940.34,1.692941,-1298385.03
LDO,DeFi,2025-03,-890091.22,1.027996,-915010.37
LDO,DeFi,2025-04,567663.7,0.767246,435537.89
LDO,DeFi,2025-05,24326.57,0.92014,22383.85
LDO,DeFi,2025-06,250514.41,0.79477,199101.38
LDO,DeFi,2025-07,1031475.77,0.931274,960586.24
LDO,DeFi,2025-08,-2890509.81,1.246613,-3603346.17
LDO,DeFi,2025-09,2338666.7,1.196678,2798631.97
LDO,DeFi,2025-10,-2237808.81,1.000169,-2238186.03
LDO,DeFi,2025-11,-4087346.76,0.740578,-3026997.19
LDO,DeFi,2025-12,-45139353.69,0.576819,-26037214.67
LDO,DeFi,2026-01,157655.01,0.582308,91803.85
LDO,DeFi,2026-02,2106619.4,0.347154,731322.19
LDO,DeFi,2026-03,296963.25,0.300254,89164.36
LDO,DeFi,2026-04,1064342.1,0.320365,340977.85
ATH,DePIN,2024-07,-12277832.91,0.073872,-906992.58
ATH,DePIN,2024-08,287252878.55,0.062434,17934245.59
ATH,DePIN,2024-09,58642.79,0.055982,3282.91
ATH,DePIN,2024-10,82149.34,0.055363,4548.04
ATH,DePIN,2024-11,-480199.52,0.057111,-27424.45
ATH,DePIN,2024-12,1606055211.38,0.074642,119878515.74
ATH,DePIN,2025-01,524482518.06,0.062716,32893295.54
ATH,DePIN,2025-02,516862654.66,0.038294,19792611.0
ATH,DePIN,2025-03,1190989225.33,0.035023,41711520.37
ATH,DePIN,2025-04,606484358.82,0.028879,17514790.08
ATH,DePIN,2025-05,519327570.25,0.043429,22553700.62
ATH,DePIN,2025-06,876581041.66,0.039938,35008852.74
ATH,DePIN,2025-07,754592218.05,0.030949,23353899.82
ATH,DePIN,2025-08,749681549.29,0.033456,25081027.47
ATH,DePIN,2025-09,797982417.28,0.050469,40273592.33
ATH,DePIN,2025-10,2043467493.61,0.039419,80551304.72
ATH,DePIN,2025-11,768077750.09,0.021562,16561602.53
ATH,DePIN,2025-12,709580668.94,0.011357,8058919.77
ATH,DePIN,2026-01,886321814.37,0.009659,8561284.69
ATH,DePIN,2026-02,872330038.75,0.005933,5175430.73
ATH,DePIN,2026-03,898119998.93,0.006576,5905909.26
ATH,DePIN,2026-04,13801127.79,0.006689,92311.86
HONEY,DePIN,2023-11,34138170.63,0.025232,861358.64
HONEY,DePIN,2023-12,217167579.5,0.173168,37606445.48
HONEY,DePIN,2024-01,206199391.94,0.207974,42884152.25
HONEY,DePIN,2024-02,202342484.5,0.184369,37305716.28
HONEY,DePIN,2024-03,232937872.18,0.169619,39510630.63
HONEY,DePIN,2024-04,238010414.32,0.113924,27115135.15
HONEY,DePIN,2024-05,257706009.75,0.082075,21151157.98
HONEY,DePIN,2024-06,256440356.12,0.067776,17380504.54
HONEY,DePIN,2024-07,268433876.43,0.068243,18318715.89
HONEY,DePIN,2024-08,258133590.63,0.069687,17988457.94
HONEY,DePIN,2024-09,200530158.18,0.06648,13331314.28
HONEY,DePIN,2024-10,182532160.91,0.056349,10285471.07
HONEY,DePIN,2024-11,203397505.53,0.064771,13174158.88
HONEY,DePIN,2024-12,165018234.01,0.088374,14583390.27
HONEY,DePIN,2025-01,66249175.13,0.072292,4789296.44
HONEY,DePIN,2025-02,902211168.22,0.04519,40770576.76
HONEY,DePIN,2025-03,62778719.97,0.039443,2476158.98
HONEY,DePIN,2025-04,137023533.74,0.029373,4024777.49
HONEY,DePIN,2025-05,125799680.82,0.027842,3502489.94
HONEY,DePIN,2025-06,57686310.57,0.02304,1329066.22
HONEY,DePIN,2025-07,100780389.83,0.020634,2079475.3
HONEY,DePIN,2025-08,138214897.81,0.019584,2706842.68
HONEY,DePIN,2025-09,229140960.89,0.015536,3559850.45
HONEY,DePIN,2025-10,41151960.92,0.012151,500051.72
HONEY,DePIN,2025-11,216645060.34,0.009696,2100514.06
HONEY,DePIN,2025-12,73526909.46,0.009427,693173.13
HONEY,DePIN,2026-01,291092013.51,0.007047,2051391.76
HONEY,DePIN,2026-02,-32995005.04,0.003983,-131429.77
HONEY,DePIN,2026-03,225060653.74,0.002893,651201.18
HONEY,DePIN,2026-04,6800058.73,0.002033,13822.0
IO,DePIN,2024-07,6112.53,2.672074,16333.12
IO,DePIN,2024-08,-77283.94,1.822445,-140845.74
IO,DePIN,2024-09,56401.13,1.816899,102475.15
IO,DePIN,2024-10,25492710.04,1.832846,46724218.53
IO,DePIN,2024-11,-9616.75,2.256722,-21702.32
IO,DePIN,2024-12,8267459.16,3.402219,28127710.03
IO,DePIN,2025-01,6606111.04,3.153343,20831331.91
IO,DePIN,2025-02,5823995.01,1.461727,8513089.92
IO,DePIN,2025-03,6246661.24,0.912574,5700541.71
IO,DePIN,2025-04,6104560.77,0.669166,4084964.53
IO,DePIN,2025-05,6200808.8,0.939807,5827562.44
IO,DePIN,2025-06,6187236.01,0.733484,4538238.98
IO,DePIN,2025-07,5961618.53,0.753153,4490012.7
IO,DePIN,2025-08,16327408.75,0.612978,10008334.86
IO,DePIN,2025-09,16307846.4,0.579762,9454669.06
IO,DePIN,2025-10,16174630.85,0.40523,6554442.27
IO,DePIN,2025-11,16023158.58,0.269341,4315690.08
IO,DePIN,2025-12,16328260.71,0.168605,2753027.57
IO,DePIN,2026-01,15500031.04,0.160683,2490589.8
IO,DePIN,2026-02,16830351.96,0.111407,1875022.88
IO,DePIN,2026-03,15492219.4,0.109937,1703172.33
IO,DePIN,2026-04,13575060.5,0.101039,1371615.26
HYPE,DeFi,2024-12,-75538.69,20.881168,-1577336.09
HYPE,DeFi,2025-01,287650.09,23.047437,6629597.21
HYPE,DeFi,2025-02,7582.45,23.920937,181379.26
HYPE,DeFi,2025-03,-646923.98,15.211044,-9840388.89
HYPE,DeFi,2025-04,-124017.45,15.451393,-1916242.41
HYPE,DeFi,2025-05,700270.49,27.009554,18913993.49
HYPE,DeFi,2025-06,47584.93,37.468141,1782918.92
HYPE,DeFi,2025-07,-522369.43,43.176449,-22554056.83
HYPE,DeFi,2025-08,-62262411.25,43.164236,-2687509424.22
HYPE,DeFi,2025-09,101856.6,49.699946,5062267.65
HYPE,DeFi,2025-10,-1158954.35,42.64817,-49427281.74
HYPE,DeFi,2025-11,649875.05,38.068176,24739558.03
HYPE,DeFi,2025-12,-32555851.92,27.779575,-904387734.0
HYPE,DeFi,2026-01,-56115.29,25.43282,-1427170.13
HYPE,DeFi,2026-02,79721.54,30.395392,2423167.51
HYPE,DeFi,2026-03,-48007.85,36.333947,-1744314.86
HYPE,DeFi,2026-04,247525.26,36.994897,9157171.28
BAL,DeFi,2020-07,743044.19,10.065519,7479125.21
BAL,DeFi,2020-08,571251.98,20.132285,11500607.86
BAL,DeFi,2020-09,867280.95,20.539515,17813530.02
BAL,DeFi,2020-10,-25995.41,13.851536,-360076.3
BAL,DeFi,2020-11,1556711.14,12.488577,19441107.12
BAL,DeFi,2020-12,981948.18,13.20265,12964317.93
BAL,DeFi,2021-01,-29160.28,19.287754,-562436.33
BAL,DeFi,2021-02,-8494.45,39.917451,-339076.61
BAL,DeFi,2021-03,77079.98,49.079527,3783049.09
BAL,DeFi,2021-04,24376.3,56.033075,1365879.11
BAL,DeFi,2021-05,-6948.77,50.31032,-349594.73
BAL,DeFi,2021-06,-24357.94,22.854651,-556692.12
BAL,DeFi,2021-07,29400.18,20.434226,600769.83
BAL,DeFi,2021-08,-27839.84,26.033144,-724758.57
BAL,DeFi,2021-09,1214.62,25.592084,31084.75
BAL,DeFi,2021-10,12657.03,22.429981,283897.02
BAL,DeFi,2021-11,25506.07,23.506731,599564.3
BAL,DeFi,2021-12,-48341.32,17.02502,-823012.03
BAL,DeFi,2022-01,16930.38,15.769501,266983.6
BAL,DeFi,2022-02,231.37,13.322583,3082.45
BAL,DeFi,2022-03,7998.43,12.241295,97911.17
BAL,DeFi,2022-04,25705.63,15.881697,408249.06
BAL,DeFi,2022-05,-23045.45,9.669758,-222843.98
BAL,DeFi,2022-06,23783490.34,5.747715,136700731.94
BAL,DeFi,2022-07,604175.24,5.142361,3106887.44
BAL,DeFi,2022-08,796279.66,6.303292,5019182.85
BAL,DeFi,2022-09,556445.9,6.356061,3536803.99
BAL,DeFi,2022-10,574955.93,5.630227,3237132.46
BAL,DeFi,2022-11,660579.76,5.875754,3881404.04
BAL,DeFi,2022-12,655105.19,5.785152,3789883.06
BAL,DeFi,2023-01,599017.99,6.217993,3724689.55
BAL,DeFi,2023-02,562687.68,6.943493,3907018.12
BAL,DeFi,2023-03,669973.76,6.564638,4398135.23
BAL,DeFi,2023-04,556940.51,6.742192,3755000.07
BAL,DeFi,2023-05,541154.95,5.603945,3032602.53
BAL,DeFi,2023-06,446918.19,4.733823,2115631.84
BAL,DeFi,2023-07,526225.72,4.65932,2451853.83
BAL,DeFi,2023-08,564700.99,3.940338,2225112.72
BAL,DeFi,2023-09,532290.04,3.285787,1748991.7
BAL,DeFi,2023-10,420289.22,3.200829,1345274.04
BAL,DeFi,2023-11,9882959.34,3.716159,36726643.59
BAL,DeFi,2023-12,483919.33,4.134618,2000821.6
BAL,DeFi,2024-01,362479.33,3.998769,1449471.01
BAL,DeFi,2024-02,313169.95,4.045624,1266967.72
BAL,DeFi,2024-03,807892.15,5.27737,4263546.02
BAL,DeFi,2024-04,923994.58,4.276034,3951031.8
BAL,DeFi,2024-05,427079.26,3.667079,1566133.22
BAL,DeFi,2024-06,553232.38,3.444133,1905405.7
BAL,DeFi,2024-07,405559.24,2.581368,1046897.52
BAL,DeFi,2024-08,1477476.77,1.990931,2941554.7
BAL,DeFi,2024-09,464922.48,1.912412,889123.45
BAL,DeFi,2024-10,624384.67,1.993052,1244430.92
BAL,DeFi,2024-11,429162.58,2.218047,951902.91
BAL,DeFi,2024-12,462283.19,3.090238,1428565.16
BAL,DeFi,2025-01,349049.04,2.597319,906591.69
BAL,DeFi,2025-02,426049.03,1.970876,839689.73
BAL,DeFi,2025-03,513327.98,1.515548,777973.28
BAL,DeFi,2025-04,420131.52,0.997763,419191.52
BAL,DeFi,2025-05,398917.8,1.133842,452309.8
BAL,DeFi,2025-06,543959.58,1.040044,565741.87
BAL,DeFi,2025-07,424283.02,1.169902,496369.36
BAL,DeFi,2025-08,65677.42,1.329491,87317.52
BAL,DeFi,2025-09,-33685.99,1.208465,-40708.35
BAL,DeFi,2025-10,-678522.34,1.058767,-718397.31
BAL,DeFi,2025-11,638623.02,0.77156,492735.94
BAL,DeFi,2025-12,24014.14,0.644747,15483.03
BAL,DeFi,2026-01,260062.41,0.536335,139480.59
BAL,DeFi,2026-02,-486910.71,0.178714,-87017.57
BAL,DeFi,2026-03,233340.0,0.150233,35055.45
BAL,DeFi,2026-04,154301.98,0.142107,21927.46
WLFI,DeFi,2025-10,3924806.01,0.155628,610808.43
WLFI,DeFi,2025-11,-33058519.06,0.141493,-4677549.52
WLFI,DeFi,2025-12,-18806293.25,0.143481,-2698353.22
WLFI,DeFi,2026-01,27989508.55,0.166317,4655136.03
WLFI,DeFi,2026-02,438976378.81,0.113789,49950590.56
WLFI,DeFi,2026-03,1103683382.14,0.101248,111746251.66
WLFI,DeFi,2026-04,3022377595.51,0.084099,254180367.98
WLFI,DeFi,2026-05,-32426189.31,0.063201,-2049381.57
ENA,DeFi,2024-05,52663343.87,0.828973,43656492.51
ENA,DeFi,2024-06,134843121.17,0.729424,98357870.53
ENA,DeFi,2024-07,96200303.88,0.445002,42809299.61
ENA,DeFi,2024-08,96773445.67,0.308628,29866964.0
ENA,DeFi,2024-09,97775585.75,0.255649,24996253.0
ENA,DeFi,2024-10,842859759.42,0.35185,296559829.57
ENA,DeFi,2024-11,98076450.69,0.544044,53357857.08
ENA,DeFi,2024-12,87713284.08,1.004007,88064750.69
ENA,DeFi,2025-01,105749266.43,0.91618,96885370.59
ENA,DeFi,2025-02,91051729.76,0.48944,44564382.16
ENA,DeFi,2025-03,2156065309.09,0.387732,835975034.61
ENA,DeFi,2025-04,261660996.24,0.313912,82138443.85
ENA,DeFi,2025-05,273488684.08,0.358394,98016596.4
ENA,DeFi,2025-06,269346493.64,0.294293,79266746.62
ENA,DeFi,2025-07,264231788.53,0.399896,105665184.41
ENA,DeFi,2025-08,269496413.51,0.669226,180353891.89
ENA,DeFi,2025-09,266302727.21,0.682805,181832754.42
ENA,DeFi,2025-10,267923469.87,0.491224,131610501.38
ENA,DeFi,2025-11,266002755.82,0.29816,79311398.34
ENA,DeFi,2025-12,260373083.82,0.234791,61133185.85
ENA,DeFi,2026-01,272258652.22,0.207768,56566582.39
ENA,DeFi,2026-02,267968396.03,0.118271,31692991.78
ENA,DeFi,2026-03,270368218.05,0.103428,27963674.12
ENA,DeFi,2026-04,262035624.67,0.099524,26078728.78
ENA,DeFi,2026-05,269041596.85,0.108181,29105284.76
PUMP,DeFi,2025-08,1486825144.94,0.003211,4773590.14
PUMP,DeFi,2025-09,1797103604.1,0.005774,10376897.67
PUMP,DeFi,2025-10,-2209781237.67,0.004858,-10734220.65
PUMP,DeFi,2025-11,236512399094.13,0.003507,829524860.47
PUMP,DeFi,2025-12,-167494252.79,0.002425,-406150.07
PUMP,DeFi,2026-01,-294722511.0,0.002548,-751063.72
PUMP,DeFi,2026-02,389576277.43,0.002092,815135.74
PUMP,DeFi,2026-03,-11587265.88,0.001906,-22082.29
PUMP,DeFi,2026-04,-74674460.69,0.001711,-127740.74
JTO,DeFi,2024-01,1936456.91,2.017823,3907427.96
JTO,DeFi,2024-02,-276680.39,2.068745,-572381.31
JTO,DeFi,2024-03,338923.26,2.966234,1005325.78
JTO,DeFi,2024-04,3995373.36,3.548744,14178558.19
JTO,DeFi,2024-05,932276.23,3.879094,3616386.93
JTO,DeFi,2024-06,1098969.07,2.893388,3179744.21
JTO,DeFi,2024-07,941242.73,2.458938,2314457.87
JTO,DeFi,2024-08,2041878.06,2.495781,5096079.64
JTO,DeFi,2024-09,900394.0,2.146888,1933045.16
JTO,DeFi,2024-10,1655061.37,2.166895,3586343.8
JTO,DeFi,2024-11,2740665.85,2.94058,8059146.24
JTO,DeFi,2024-12,144836626.13,3.453762,500231179.0
JTO,DeFi,2025-01,11977371.96,2.94625,35288331.83
JTO,DeFi,2025-02,9777861.02,2.786748,27248433.64
JTO,DeFi,2025-03,12057376.55,2.295891,27682423.23
JTO,DeFi,2025-04,12019672.99,1.77992,21394057.37
JTO,DeFi,2025-05,11694418.35,1.892364,22130093.81
JTO,DeFi,2025-06,8676645.17,2.008875,17430296.84
JTO,DeFi,2025-07,16828426.85,1.983312,33376025.42
JTO,DeFi,2025-08,11662061.04,1.805522,21056103.25
JTO,DeFi,2025-09,11992784.71,1.811623,21726403.28
JTO,DeFi,2025-10,11705700.23,1.267245,14833991.37
JTO,DeFi,2025-11,11767889.8,0.653502,7690339.01
JTO,DeFi,2025-12,11431299.41,0.396172,4528763.26
JTO,DeFi,2026-01,13091040.13,0.404191,5291277.12
JTO,DeFi,2026-02,10358607.04,0.279326,2893431.02
JTO,DeFi,2026-03,11774422.05,0.28555,3362190.12
JTO,DeFi,2026-04,11465793.4,0.311273,3568991.59
JTO,DeFi,2026-05,12117774.82,0.471332,5711497.73
BONK,DeFi,2023-02,-5205395722385.3,1e-06,-4624818.45
BONK,DeFi,2023-03,-246759058745.45,1e-06,-143947.93
BONK,DeFi,2023-04,6952803524211.99,1e-06,4836658.19
BONK,DeFi,2023-05,-85569529345.66,0.0,-41353.54
BONK,DeFi,2023-06,117999671814.76,0.0,43004.86
BONK,DeFi,2023-07,-13623178294.52,0.0,-4801.29
BONK,DeFi,2023-08,-31647566319.98,0.0,-9512.4
BONK,DeFi,2023-09,60806384077.98,0.0,12915.58
BONK,DeFi,2023-10,87229963548.34,0.0,24108.69
BONK,DeFi,2023-11,17841484006850.2,3e-06,45735868.68
BONK,DeFi,2023-12,-98379011506.81,1.4e-05,-1416717.81
BONK,DeFi,2024-01,-131543697581.79,1.3e-05,-1652471.18
BONK,DeFi,2024-02,4129143570252.37,1.2e-05,50453867.79
BONK,DeFi,2024-03,980203288168.0,2.7e-05,26918566.96
BONK,DeFi,2024-04,547934910248.44,2.1e-05,11710334.75
BONK,DeFi,2024-05,-262023213267.64,2.8e-05,-7369012.56
BONK,DeFi,2024-06,168074316183.25,2.6e-05,4379132.18
BONK,DeFi,2024-07,3154340527732.78,2.6e-05,82061566.99
BONK,DeFi,2024-08,10357136217.23,2e-05,204300.49
BONK,DeFi,2024-09,-32148776444.73,1.8e-05,-573423.08
BONK,DeFi,2024-10,122952605794.0,2.2e-05,2703775.34
BONK,DeFi,2024-11,5707322845736.64,3.6e-05,205487058.04
BONK,DeFi,2024-12,625822951504.62,3.7e-05,23097598.08
BONK,DeFi,2025-01,793057828071.98,3e-05,23665287.06
BONK,DeFi,2025-02,716549625487.89,1.7e-05,12275218.2
BONK,DeFi,2025-03,-68090431852.38,1.2e-05,-818857.36
BONK,DeFi,2025-04,18698185590.8,1.3e-05,248727.11
BONK,DeFi,2025-05,139251198205.5,2e-05,2778308.65
BONK,DeFi,2025-06,-71539420351.09,1.5e-05,-1074303.48
BONK,DeFi,2025-07,62986025629.09,2.7e-05,1712574.48
BONK,DeFi,2025-08,-285221493.45,2.4e-05,-6842.57
BONK,DeFi,2025-09,-12541198481.94,2.2e-05,-275520.42
BONK,DeFi,2025-10,-52516632188.91,1.6e-05,-862551.04
BONK,DeFi,2025-11,5087577180989.28,1.1e-05,57233332.82
BONK,DeFi,2025-12,5506565768183.36,9e-06,47998615.06
BONK,DeFi,2026-01,-5150781318.38,1e-05,-50393.78
BONK,DeFi,2026-02,-49950700132.02,6e-06,-319259.9
BONK,DeFi,2026-03,52895944182.7,6e-06,316180.8
BONK,DeFi,2026-04,-6045285563.92,6e-06,-36433.77
BONK,DeFi,2026-05,8075829947.14,6e-06,51520.0
KMNO,DeFi,2024-06,-283370.46,0.039294,-11134.84
KMNO,DeFi,2024-07,583036.55,0.037886,22088.64
KMNO,DeFi,2024-08,349215301.14,0.044623,15582944.5
KMNO,DeFi,2024-09,349645.47,0.059689,20870.03
KMNO,DeFi,2024-10,-39600.81,0.09198,-3642.48
KMNO,DeFi,2024-11,-970627.48,0.126504,-122788.04
KMNO,DeFi,2024-12,411915.24,0.181164,74624.05
KMNO,DeFi,2025-01,134272.91,0.125046,16790.3
KMNO,DeFi,2025-02,3254.66,0.099632,324.27
KMNO,DeFi,2025-03,1200668.38,0.056929,68352.26
KMNO,DeFi,2025-04,-2853114.81,0.05145,-146792.33
KMNO,DeFi,2025-05,626612246.06,0.069984,43852876.7
KMNO,DeFi,2025-06,227828848.06,0.059907,13648494.26
KMNO,DeFi,2025-07,235459811.0,0.060361,14212673.6
KMNO,DeFi,2025-08,229836874.47,0.055745,12812227.47
KMNO,DeFi,2025-09,233398851.79,0.066749,15579084.4
KMNO,DeFi,2025-10,226426913.38,0.066821,15130136.92
KMNO,DeFi,2025-11,223757600.22,0.058174,13016834.46
KMNO,DeFi,2025-12,230551713.21,0.057208,13189507.7
KMNO,DeFi,2026-01,240123150.69,0.052918,12706898.97
KMNO,DeFi,2026-02,210692151.19,0.028982,6106185.72
KMNO,DeFi,2026-03,235136192.16,0.02074,4876723.81
KMNO,DeFi,2026-04,223834182.47,0.019719,4413686.02
KMNO,DeFi,2026-05,219336274.39,0.021295,4670793.99
FXS,DeFi,2021-01,28681888.46,1.001498,28724840.99
FXS,DeFi,2021-02,-3642499.89,1.000255,-3643427.34
FXS,DeFi,2021-03,29523895.57,1.001632,29572069.8
FXS,DeFi,2021-04,7712032.44,1.000706,7717477.1
FXS,DeFi,2021-05,-2661914.47,1.001107,-2664862.01
FXS,DeFi,2021-06,64926013.46,1.003426,65148449.84
FXS,DeFi,2021-07,76437907.78,1.003087,76673856.67
FXS,DeFi,2021-08,54993909.5,1.000325,55011768.52
FXS,DeFi,2021-09,37239083.77,1.000662,37263743.34
FXS,DeFi,2021-10,257026762.32,1.004107,258082437.49
FXS,DeFi,2021-11,593938107.41,1.006227,597636816.21
FXS,DeFi,2021-12,553416432.38,1.002324,554702414.99
FXS,DeFi,2022-01,886928706.07,1.00341,889952829.8
FXS,DeFi,2022-02,217187209.62,1.000684,217335855.28
FXS,DeFi,2022-03,-163393452.06,0.999182,-163259782.98
FXS,DeFi,2022-04,2776331.83,0.999729,2775580.21
FXS,DeFi,2022-05,-1271949416.0,1.000402,-1272460825.13
FXS,DeFi,2022-06,-57664505.48,0.999853,-57656004.07
FXS,DeFi,2022-07,97999833.71,0.999097,97911339.44
FXS,DeFi,2022-08,33147900.88,0.998694,33104625.7
FXS,DeFi,2022-09,-145098144.55,0.999342,-145002636.73
FXS,DeFi,2022-10,-137580852.13,0.998288,-137345335.34
FXS,DeFi,2022-11,-194156511.19,0.999078,-193977434.65
FXS,DeFi,2022-12,-3669013.4,0.999734,-3668036.48
FXS,DeFi,2023-01,4243161.4,1.000012,4243211.81
FXS,DeFi,2023-02,16169541.31,1.000928,16184542.37
FXS,DeFi,2023-03,6397525.74,0.999499,6394321.41
FXS,DeFi,2023-04,-40672566.07,0.999948,-40670464.92
FXS,DeFi,2023-05,-171111.61,0.998956,-170932.97
FXS,DeFi,2023-06,167489.33,0.999284,167369.35
FXS,DeFi,2023-07,-191601364.66,0.998921,-191394538.55
FXS,DeFi,2023-08,-5835072.36,0.998198,-5824557.56
FXS,DeFi,2023-09,-135063330.78,0.997216,-134687307.88
FXS,DeFi,2023-10,-156419.04,0.998176,-156133.7
FXS,DeFi,2023-11,-1990649.44,0.998578,-1987818.7
FXS,DeFi,2023-12,-20014123.76,0.998647,-19987048.23
FXS,DeFi,2024-01,-747240.04,0.99826,-745940.0
FXS,DeFi,2024-02,-1358092.02,0.998213,-1355664.54
FXS,DeFi,2024-03,2101676.06,0.996612,2094555.21
FXS,DeFi,2024-04,-984963.22,0.997698,-982695.64
FXS,DeFi,2024-05,812504.69,0.997767,810690.42
FXS,DeFi,2024-06,-368673.99,0.997387,-367710.57
FXS,DeFi,2024-07,132668.67,0.996908,132258.47
FXS,DeFi,2024-08,126195.77,0.9963,125728.87
FXS,DeFi,2024-09,-30103.1,0.997188,-30018.45
FXS,DeFi,2024-10,235284.01,0.997125,234607.63
FXS,DeFi,2024-11,-713018.1,0.995797,-710020.93
FXS,DeFi,2024-12,469492.68,0.995941,467587.0
FXS,DeFi,2025-01,224370.8,0.996219,223522.48
FXS,DeFi,2025-02,-152503765.02,0.996682,-151997797.75
FXS,DeFi,2025-03,-148463217.81,0.998145,-148187782.97
FXS,DeFi,2025-04,-28852844.8,0.99964,-28842467.88
FXS,DeFi,2025-05,-4905478.42,0.999893,-4904951.2
FXS,DeFi,2025-06,-513890.23,0.999299,-513530.04
FXS,DeFi,2025-07,-14759859.67,0.999417,-14751259.68
FXS,DeFi,2025-08,-2706029.63,0.998235,-2701254.71
FXS,DeFi,2025-09,-483495.14,0.997838,-482449.62
FXS,DeFi,2025-10,-4514623.82,0.996934,-4500784.14
FXS,DeFi,2025-11,-8420994.38,0.994364,-8373531.04
FXS,DeFi,2025-12,-3305103.57,0.992771,-3281209.33
FXS,DeFi,2026-01,-4075608.91,0.992564,-4045303.56
FXS,DeFi,2026-02,-221336.76,0.992083,-219584.51
FXS,DeFi,2026-03,-42193.18,0.991675,-41841.9
FXS,DeFi,2026-04,20096.14,0.992954,19954.53
SNX,DeFi,2018-04,0.0,0.413182,0.0
SNX,DeFi,2018-05,-0.0,0.577633,-0.0
SNX,DeFi,2018-06,0.0,0.429976,0.0
SNX,DeFi,2018-07,0.0,0.264788,0.0
SNX,DeFi,2018-08,0.0,0.144621,0.0
SNX,DeFi,2018-09,-35032188.32,0.083248,-2916357.25
SNX,DeFi,2018-10,851887.46,0.119716,101984.44
SNX,DeFi,2018-11,1769903.06,0.107754,190714.51
SNX,DeFi,2018-12,1035870.55,0.051961,53824.71
SNX,DeFi,2019-01,124918.39,0.040982,5119.4
SNX,DeFi,2019-02,134586.32,0.043717,5883.72
SNX,DeFi,2019-03,3450020.96,0.048441,167120.96
SNX,DeFi,2019-04,3302991.91,0.068933,227686.04
SNX,DeFi,2019-05,11074015.81,0.11783,1304856.26
SNX,DeFi,2019-06,3515128.16,0.301914,1061265.47
SNX,DeFi,2019-07,1036895.75,0.274618,284750.46
SNX,DeFi,2019-08,203319.81,0.296998,60385.48
SNX,DeFi,2019-09,-4894860.46,0.436362,-2135930.29
SNX,DeFi,2019-10,726110.37,0.599522,435318.9
SNX,DeFi,2019-11,959395.31,1.004723,963926.43
SNX,DeFi,2019-12,1611811.23,1.298307,2092626.01
SNX,DeFi,2020-01,826144.25,1.030463,851311.44
SNX,DeFi,2020-02,1211014.33,1.006944,1219423.33
SNX,DeFi,2020-03,1192149.88,0.605722,722111.92
SNX,DeFi,2020-04,612631.48,0.704359,431512.49
SNX,DeFi,2020-05,9996537.55,0.805138,8048589.23
SNX,DeFi,2020-06,2069319.19,1.226218,2537436.98
SNX,DeFi,2020-07,4814421.28,2.973637,14316340.9
SNX,DeFi,2020-08,7283060.17,5.427344,39527672.57
SNX,DeFi,2020-09,6239467.14,5.036722,31426459.31
SNX,DeFi,2020-10,6778462.42,3.980851,26984051.91
SNX,DeFi,2020-11,3098056.8,4.176619,12939401.75
SNX,DeFi,2020-12,1722740.38,5.887892,10143309.03
SNX,DeFi,2021-01,7457252.56,13.829618,103130951.49
SNX,DeFi,2021-02,2962221.4,21.685676,64237773.38
SNX,DeFi,2021-03,2365355.01,19.543747,46227899.44
SNX,DeFi,2021-04,4055395.7,18.416334,74685522.24
SNX,DeFi,2021-05,1920487.2,16.708484,32088430.41
SNX,DeFi,2021-06,4063282.35,9.264007,37642274.98
SNX,DeFi,2021-07,9704038.9,9.370593,90932596.89
SNX,DeFi,2021-08,4083478.62,11.346744,46334184.7
SNX,DeFi,2021-09,2305699.51,11.661193,26887207.12
SNX,DeFi,2021-10,15216423.76,9.899535,150635516.06
SNX,DeFi,2021-11,2771140.0,9.29831,25766918.32
SNX,DeFi,2021-12,3276737.08,5.823766,19082948.78
SNX,DeFi,2022-01,6268219.44,5.174121,32432524.84
SNX,DeFi,2022-02,9699499.32,4.803093,46587598.41
SNX,DeFi,2022-03,2883441.13,4.586375,13224543.49
SNX,DeFi,2022-04,6228552.94,5.77744,35985092.51
SNX,DeFi,2022-05,-2449125.38,3.261716,-7988350.88
SNX,DeFi,2022-06,8211081.8,2.536023,20823488.56
SNX,DeFi,2022-07,3798394.2,2.880085,10939698.7
SNX,DeFi,2022-08,5079290.37,3.516007,17858822.69
SNX,DeFi,2022-09,3947011.35,2.687417,10607266.25
SNX,DeFi,2022-10,580936.1,2.269176,1318246.21
SNX,DeFi,2022-11,352438.19,1.949948,687235.98
SNX,DeFi,2022-12,74788.88,1.692303,126565.42
SNX,DeFi,2023-01,71839747.64,2.050574,147312736.31
SNX,DeFi,2023-02,-266588.27,2.583905,-688838.85
SNX,DeFi,2023-03,3061456.84,2.738124,8382648.6
SNX,DeFi,2023-04,2119917.44,2.624799,5564356.52
SNX,DeFi,2023-05,1218422.13,2.328124,2836637.94
SNX,DeFi,2023-06,2233940.75,2.027159,4528553.83
SNX,DeFi,2023-07,333900.37,2.502946,835734.68
SNX,DeFi,2023-08,2135194.49,2.319064,4951653.2
SNX,DeFi,2023-09,1206417.08,2.09391,2526129.17
SNX,DeFi,2023-10,878933.87,2.062243,1812575.33
SNX,DeFi,2023-11,2461790.12,2.917621,7182571.52
SNX,DeFi,2023-12,110193.38,3.929216,432973.57
SNX,DeFi,2024-01,-335958.71,3.465626,-1164307.09
SNX,DeFi,2024-02,28138.0,3.545046,99750.51
SNX,DeFi,2024-03,-68391.09,4.464149,-305308.01
SNX,DeFi,2024-04,526058.2,3.415562,1796784.59
SNX,DeFi,2024-05,-274990.52,2.733223,-751610.51
SNX,DeFi,2024-06,-223866.36,2.271375,-508484.5
SNX,DeFi,2024-07,371757.86,1.774215,659578.53
SNX,DeFi,2024-08,-51282.76,1.411078,-72363.97
SNX,DeFi,2024-09,-165134.58,1.451483,-239690.04
SNX,DeFi,2024-10,399800.63,1.45048,579902.93
SNX,DeFi,2024-11,-293828.49,1.726489,-507291.63
SNX,DeFi,2024-12,11440260.33,2.584315,29565234.6
SNX,DeFi,2025-01,700495.4,1.797408,1259076.26
SNX,DeFi,2025-02,-642672.67,1.040026,-668395.97
SNX,DeFi,2025-03,87357.16,0.868226,75845.73
SNX,DeFi,2025-04,-207585.5,0.671367,-139366.0
SNX,DeFi,2025-05,4189382.68,0.77321,3239272.61
SNX,DeFi,2025-06,16374.56,0.623344,10206.98
SNX,DeFi,2025-07,110325.49,0.638822,70478.4
SNX,DeFi,2025-08,77957.42,0.661553,51572.94
SNX,DeFi,2025-09,26974.5,0.747278,20157.44
SNX,DeFi,2025-10,-392278.43,1.320242,-517902.49
SNX,DeFi,2025-11,179308.6,0.739931,132675.92
SNX,DeFi,2025-12,-19247.26,0.461421,-8881.08
SNX,DeFi,2026-01,-5088.21,0.450809,-2293.81
SNX,DeFi,2026-02,1125892.48,0.327891,369170.15
SNX,DeFi,2026-03,75875.39,0.307618,23340.63
SNX,DeFi,2026-04,-91044.02,0.295309,-26886.15
SNX,DeFi,2026-05,70814.45,0.322159,22813.54
GNO,DeFi,2017-06,0.0,251.888658,0.0
GNO,DeFi,2017-07,0.0,235.013282,0.0
GNO,DeFi,2017-08,0.0,184.391084,0.0
GNO,DeFi,2017-09,0.0,124.47472,0.0
GNO,DeFi,2017-10,0.0,95.589573,0.0
GNO,DeFi,2017-11,-0.0,77.487458,-0.0
GNO,DeFi,2017-12,-0.0,170.657134,-0.0
GNO,DeFi,2018-01,0.0,293.080048,0.0
GNO,DeFi,2018-02,0.0,146.879876,0.0
GNO,DeFi,2018-03,0.0,99.092891,0.0
GNO,DeFi,2018-04,0.0,83.060041,0.0
GNO,DeFi,2018-05,0.0,93.118151,0.0
GNO,DeFi,2018-06,0.0,57.091713,0.0
GNO,DeFi,2018-07,0.0,48.707365,0.0
GNO,DeFi,2018-08,-2.5,35.855272,-89.5
GNO,DeFi,2018-09,2.5,28.595952,71.38
GNO,DeFi,2018-10,-229.92,20.98826,-4825.56
GNO,DeFi,2018-11,440.75,15.930011,7021.19
GNO,DeFi,2018-12,-210.84,11.302587,-2382.98
GNO,DeFi,2019-01,-0.0,11.426076,-0.0
GNO,DeFi,2019-02,-1851.22,12.168728,-22527.03
GNO,DeFi,2019-03,1851.22,13.72589,25409.69
GNO,DeFi,2019-04,-265.09,16.587026,-4396.99
GNO,DeFi,2019-05,265.09,19.28587,5112.41
GNO,DeFi,2019-06,1611.18,23.147436,37294.63
GNO,DeFi,2019-07,-1611.18,19.842674,-31970.07
GNO,DeFi,2019-08,0.0,16.245004,0.0
GNO,DeFi,2019-09,2371.96,14.948663,35457.7
GNO,DeFi,2019-10,-2371.96,14.920342,-35390.52
GNO,DeFi,2019-11,-1842.32,15.069039,-27761.96
GNO,DeFi,2019-12,1854.24,12.375233,22946.68
GNO,DeFi,2020-01,-4355.93,12.232557,-53284.2
GNO,DeFi,2020-02,9846.87,17.501723,172337.21
GNO,DeFi,2020-03,903.94,12.416935,11224.14
GNO,DeFi,2020-04,-6406.8,14.215936,-91078.66
GNO,DeFi,2020-05,-17442.34,20.953196,-365472.74
GNO,DeFi,2020-06,17555.79,28.088963,493123.95
GNO,DeFi,2020-07,819.05,28.285564,23167.41
GNO,DeFi,2020-08,-2496.2,38.832764,-96934.31
GNO,DeFi,2020-09,3205.52,52.904853,169587.55
GNO,DeFi,2020-10,-315.85,45.32162,-14314.74
GNO,DeFi,2020-11,-5722.98,58.081477,-332399.24
GNO,DeFi,2020-12,406873.24,65.750552,26752139.99
GNO,DeFi,2021-01,-1713.77,105.697493,-181141.08
GNO,DeFi,2021-02,-7188.53,141.457722,-1016873.08
GNO,DeFi,2021-03,6292.7,142.654473,897681.32
GNO,DeFi,2021-04,1094.15,179.267119,196145.26
GNO,DeFi,2021-05,1448.82,219.85751,318533.98
GNO,DeFi,2021-06,-1776.92,168.946145,-300203.15
GNO,DeFi,2021-07,-2717.23,173.602263,-471717.79
GNO,DeFi,2021-08,-12277.59,238.83725,-2932346.73
GNO,DeFi,2021-09,14182.46,274.436617,3892187.34
GNO,DeFi,2021-10,-1831.02,336.236616,-615655.15
GNO,DeFi,2021-11,6120.78,452.572043,2770095.63
GNO,DeFi,2021-12,356326.91,447.274324,159375878.84
GNO,DeFi,2022-01,-484.41,381.384826,-184746.5
GNO,DeFi,2022-02,2381.45,332.154605,791010.89
GNO,DeFi,2022-03,-134.33,333.634514,-44815.81
GNO,DeFi,2022-04,63506.61,365.066815,23184155.64
GNO,DeFi,2022-05,649059.19,241.67044,156858419.41
GNO,DeFi,2022-06,2227.72,148.255531,330272.29
GNO,DeFi,2022-07,-2454.77,132.632726,-325583.32
GNO,DeFi,2022-08,14623.29,167.91088,2455409.72
GNO,DeFi,2022-09,-17647.84,142.913155,-2522107.97
GNO,DeFi,2022-10,2846.08,115.422766,328502.37
GNO,DeFi,2022-11,-323.68,95.973802,-31064.75
GNO,DeFi,2022-12,13313.98,88.373592,1176603.85
GNO,DeFi,2023-01,-5778.7,98.396927,-568606.23
GNO,DeFi,2023-02,4195.11,111.988309,469803.38
GNO,DeFi,2023-03,-1781.63,106.948537,-190543.11
GNO,DeFi,2023-04,5718.98,112.629422,644125.01
GNO,DeFi,2023-05,-2333.09,113.660106,-265178.73
GNO,DeFi,2023-06,-8866.41,112.445176,-996984.82
GNO,DeFi,2023-07,4576.17,116.504936,533146.73
GNO,DeFi,2023-08,1215.95,106.60577,129627.46
GNO,DeFi,2023-09,1409.22,100.154863,141140.52
GNO,DeFi,2023-10,3391.73,98.523764,334165.73
GNO,DeFi,2023-11,-5606.32,161.742076,-906777.29
GNO,DeFi,2023-12,4509.24,208.976152,942322.82
GNO,DeFi,2024-01,3675.66,203.984496,749777.78
GNO,DeFi,2024-02,-11863.53,279.602743,-3317076.21
GNO,DeFi,2024-03,641.1,378.101179,242401.17
GNO,DeFi,2024-04,9839.75,347.236483,3416721.15
GNO,DeFi,2024-05,-5553.14,316.238173,-1756115.99
GNO,DeFi,2024-06,1370.64,320.690113,439552.16
GNO,DeFi,2024-07,698.4,251.938808,175953.02
GNO,DeFi,2024-08,805.72,170.041399,137006.0
GNO,DeFi,2024-09,-673.93,155.010457,-104466.58
GNO,DeFi,2024-10,-1157.87,183.623626,-212612.27
GNO,DeFi,2024-11,69.43,250.269869,17375.3
GNO,DeFi,2024-12,-2220.07,278.842929,-619051.11
GNO,DeFi,2025-01,309.32,245.913159,76066.96
GNO,DeFi,2025-02,919.86,176.457957,162316.89
GNO,DeFi,2025-03,-813.03,130.99418,-106502.36
GNO,DeFi,2025-04,1082.52,109.716272,118769.74
GNO,DeFi,2025-05,49884.78,129.013537,6435812.04
GNO,DeFi,2025-06,-443.44,117.042336,-51901.65
GNO,DeFi,2025-07,1976.51,130.179948,257301.46
GNO,DeFi,2025-08,-1882.17,131.895431,-248250.08
GNO,DeFi,2025-09,15688.32,139.08398,2181993.72
GNO,DeFi,2025-10,-23655.5,136.848825,-3237227.94
GNO,DeFi,2025-11,8967.24,126.661755,1135805.99
GNO,DeFi,2025-12,-639.56,124.063133,-79345.76
GNO,DeFi,2026-01,571.03,139.372489,79586.1
GNO,DeFi,2026-02,-599.57,120.982936,-72537.68
GNO,DeFi,2026-03,219.94,128.311176,28220.2
GNO,DeFi,2026-04,-108.16,121.806181,-13174.81
GNO,DeFi,2026-05,271.37,124.335509,33741.29
ALGO,L1,2019-07,100322473.63,0.845507,84823342.03
ALGO,L1,2019-08,139546970.07,0.651661,90937346.25
ALGO,L1,2019-09,114158676.69,0.315488,36015745.65
ALGO,L1,2019-10,34690547.45,0.231005,8013682.43
ALGO,L1,2019-11,21970794.06,0.254899,5600341.55
ALGO,L1,2019-12,46204605.69,0.254786,11772308.38
ALGO,L1,2020-01,45558745.16,0.234833,10698702.7
ALGO,L1,2020-02,44907457.78,0.348763,15662056.42
ALGO,L1,2020-03,79297602.76,0.221297,17548307.57
ALGO,L1,2020-04,45844426.53,0.187001,8572940.45
ALGO,L1,2020-05,38628719.51,0.206542,7978448.87
ALGO,L1,2020-06,21682344.33,0.23362,5065428.85
ALGO,L1,2020-07,-255659.66,0.285914,-73096.68
ALGO,L1,2020-08,-235608.17,0.499779,-117751.93
ALGO,L1,2020-09,-2027130.74,0.363735,-737338.02
ALGO,L1,2020-10,2158841.56,0.308736,666511.47
ALGO,L1,2020-11,-5740402.31,0.279892,-1606691.06
ALGO,L1,2020-12,6021842.31,0.324959,1956854.15
ALGO,L1,2021-01,-4885429.03,0.497511,-2430555.4
ALGO,L1,2021-02,-8416614.93,1.098478,-9245467.05
ALGO,L1,2021-03,1823538300.71,1.15195,2100625679.96
ALGO,L1,2021-04,335687224.28,1.351265,453602484.85
ALGO,L1,2021-05,101811553.92,1.234616,125698136.83
ALGO,L1,2021-06,67854346.6,0.946275,64208901.11
ALGO,L1,2021-07,48371399.06,0.845664,40905941.97
ALGO,L1,2021-08,286266027.11,0.95492,273361079.73
ALGO,L1,2021-09,2517542934.16,1.732578,4361838444.58
ALGO,L1,2021-10,225829585.86,1.831886,413694051.01
ALGO,L1,2021-11,114511581.65,1.856357,212574345.75
ALGO,L1,2021-12,22680983.92,1.561858,35424471.92
ALGO,L1,2022-01,214953886.6,1.305143,280545557.46
ALGO,L1,2022-02,49877588.97,0.918178,45796507.81
ALGO,L1,2022-03,62295369.11,0.797864,49703210.98
ALGO,L1,2022-04,44006126.45,0.761371,33505003.01
ALGO,L1,2022-05,169394392.84,0.507014,85885347.39
ALGO,L1,2022-06,30533446.18,0.349458,10670152.0
ALGO,L1,2022-07,4878021.87,0.325683,1588690.69
ALGO,L1,2022-08,8050713.21,0.331533,2669077.26
ALGO,L1,2022-09,2235524.71,0.325224,727047.38
ALGO,L1,2022-10,115425442.64,0.331553,38269611.53
ALGO,L1,2022-11,79746334.62,0.300663,23976738.68
ALGO,L1,2022-12,-4454003.03,0.203633,-906982.23
ALGO,L1,2023-01,77752104.95,0.219588,17073454.52
ALGO,L1,2023-02,-68543137.6,0.262944,-18023025.87
ALGO,L1,2023-03,22851810.75,0.21721,4963630.7
ALGO,L1,2023-04,103628804.34,0.209142,21673135.58
ALGO,L1,2023-05,11811994.17,0.166185,1962973.58
ALGO,L1,2023-06,97778285.57,0.127259,12443183.16
ALGO,L1,2023-07,435433190.24,0.114938,50047873.7
ALGO,L1,2023-08,37044346.67,0.104199,3859995.75
ALGO,L1,2023-09,589730.55,0.095656,56411.16
ALGO,L1,2023-10,73158271.23,0.098243,7187277.07
ALGO,L1,2023-11,111356823.98,0.129477,14418093.37
ALGO,L1,2023-12,-6547798.54,0.196103,-1284045.99
ALGO,L1,2024-01,13428289.25,0.185519,2491197.75
ALGO,L1,2024-02,4914899.46,0.182822,898553.32
ALGO,L1,2024-03,45948318.76,0.264262,12142409.55
ALGO,L1,2024-04,85154765.98,0.207553,17674146.66
ALGO,L1,2024-05,12365114.78,0.185615,2295153.78
ALGO,L1,2024-06,1604295.27,0.157378,252480.94
ALGO,L1,2024-07,58404858.88,0.144052,8413339.73
ALGO,L1,2024-08,-1024943.8,0.124788,-127900.46
ALGO,L1,2024-09,37572716.94,0.129426,4862888.34
ALGO,L1,2024-10,70405333.02,0.122534,8627034.96
ALGO,L1,2024-11,-13021040.68,0.194051,-2526749.02
ALGO,L1,2024-12,-1190574.98,0.412413,-491009.08
ALGO,L1,2025-01,75350939.65,0.395017,29764923.19
ALGO,L1,2025-02,64797495.5,0.278879,18070644.2
ALGO,L1,2025-03,76549793.35,0.209635,16047480.29
ALGO,L1,2025-04,35990802.19,0.192737,6936763.25
ALGO,L1,2025-05,37860133.75,0.221622,8390628.92
ALGO,L1,2025-06,22403371.08,0.182324,4084675.07
ALGO,L1,2025-07,53876677.76,0.241284,12999602.01
ALGO,L1,2025-08,39573222.07,0.253459,10030189.04
ALGO,L1,2025-09,51912678.42,0.228881,11881847.29
ALGO,L1,2025-10,9489125.12,0.197695,1875951.56
ALGO,L1,2025-11,16476247.79,0.159368,2625792.67
ALGO,L1,2025-12,29185205.53,0.123352,3600041.88
ALGO,L1,2026-01,30312498.34,0.126068,3821443.12
ALGO,L1,2026-02,17160817.11,0.093763,1609042.41
ALGO,L1,2026-03,5949433.33,0.087125,518346.33
ALGO,L1,2026-04,17741196.16,0.110515,1960676.08
ALGO,L1,2026-05,4130183.99,0.11607,479389.66
DOT,L1,2020-09,11581570.75,4.865653,56351904.05
DOT,L1,2020-10,8763892.49,4.181226,36643816.62
DOT,L1,2020-11,7917085.09,4.690047,37131502.08
DOT,L1,2020-12,11833589.9,5.295493,62664691.88
DOT,L1,2021-01,11939717.18,13.399995,159992151.65
DOT,L1,2021-02,2686036.8,27.400141,73597786.88
DOT,L1,2021-03,17381012.61,35.116016,610351909.07
DOT,L1,2021-04,3021320.31,38.433101,116118707.35
DOT,L1,2021-05,14263223.68,32.937429,469793919.45
DOT,L1,2021-06,10571588.06,20.752797,219390025.03
DOT,L1,2021-07,7965268.89,14.349697,114299198.4
DOT,L1,2021-08,8629102.8,22.987481,198361334.06
DOT,L1,2021-09,10739250.97,31.607321,339438956.52
DOT,L1,2021-10,10513666.62,38.624316,406083177.38
DOT,L1,2021-11,20795096.89,44.723641,930032443.24
DOT,L1,2021-12,2911294.29,28.693621,83535573.72
DOT,L1,2022-01,10435332.57,23.881994,249216545.59
DOT,L1,2022-02,9221340.62,18.975398,174978612.62
DOT,L1,2022-03,12344777.23,19.008644,234657475.51
DOT,L1,2022-04,4389627.58,19.093651,83814018.83
DOT,L1,2022-05,12989658.9,11.454335,148787905.85
DOT,L1,2022-06,9322890.3,8.267563,77077579.34
DOT,L1,2022-07,10721315.77,7.159206,76756110.59
DOT,L1,2022-08,15633489.92,8.16624,127666827.67
DOT,L1,2022-09,3236949.47,6.916419,22388097.72
DOT,L1,2022-10,7929046.39,6.242647,49498236.54
DOT,L1,2022-11,11526210.18,5.871083,67671338.99
DOT,L1,2022-12,11377667.3,4.951617,56337851.0
DOT,L1,2023-01,8995361.7,5.548562,49911323.41
DOT,L1,2023-02,11953561.96,6.703913,80135640.18
DOT,L1,2023-03,7959666.38,6.063832,48266076.79
DOT,L1,2023-04,11604119.48,6.288718,72975039.39
DOT,L1,2023-05,10579492.96,5.453407,57694283.66
DOT,L1,2023-06,11195466.67,4.883277,54670561.78
DOT,L1,2023-07,9197958.59,5.266655,48442472.31
DOT,L1,2023-08,11923713.65,4.769536,56870576.9
DOT,L1,2023-09,9839782.24,4.126375,40602634.85
DOT,L1,2023-10,11271163.63,3.987664,44945609.96
DOT,L1,2023-11,10801407.13,5.131399,55426331.11
DOT,L1,2023-12,10727998.83,7.179988,77026905.35
DOT,L1,2024-01,10938352.02,7.257795,79388314.22
DOT,L1,2024-02,12764158.62,7.415425,94651664.43
DOT,L1,2024-03,8803216.72,9.838739,86612550.96
DOT,L1,2024-04,13266312.82,7.605703,100899633.93
DOT,L1,2024-05,11441100.41,7.09979,81229410.53
DOT,L1,2024-06,12236818.05,6.335952,77531886.17
DOT,L1,2024-07,11263508.87,6.052901,68176907.02
DOT,L1,2024-08,13022255.9,4.62626,60244340.01
DOT,L1,2024-09,12047110.24,4.3372,52250728.51
DOT,L1,2024-10,13033874.03,4.210122,54874193.47
DOT,L1,2024-11,87404005.74,5.756961,503181461.12
DOT,L1,2024-12,1345556.39,8.465409,11390685.74
DOT,L1,2025-01,4044143.08,6.724713,27195701.62
DOT,L1,2025-02,-2560981.19,4.964612,-12714277.08
DOT,L1,2025-03,-948499.7,4.385518,-4159662.66
DOT,L1,2025-04,115159.99,3.861588,444700.38
DOT,L1,2025-05,659306.63,4.533563,2989008.07
DOT,L1,2025-06,1016236.2,3.756909,3817906.73
DOT,L1,2025-07,-860694.28,3.897557,-3354605.27
DOT,L1,2025-08,36576.31,3.885571,142119.87
DOT,L1,2025-09,152658.94,4.074612,622025.91
DOT,L1,2025-10,-3330974.33,3.425472,-11410160.65
DOT,L1,2025-11,120617221.78,2.698278,325458848.71
DOT,L1,2025-12,10903003.32,1.971974,21500438.7
DOT,L1,2026-01,9350756.86,2.022407,18911040.67
DOT,L1,2026-02,9422201.12,1.386301,13062008.77
DOT,L1,2026-03,6874617.25,1.462318,10052873.79
DOT,L1,2026-04,4921076.82,1.255973,6180740.53
DOT,L1,2026-05,4794122.08,1.274518,6110193.09
TAO,L1,2023-12,141563.05,314.271812,44489276.21
TAO,L1,2024-01,246189.11,272.033625,66971716.6
TAO,L1,2024-02,196666.6,554.071916,108967439.99
TAO,L1,2024-03,151936.75,634.647336,96426255.92
TAO,L1,2024-04,203520.92,514.268142,104664323.41
TAO,L1,2024-05,162611.66,403.902269,65679217.68
TAO,L1,2024-06,146407.65,326.978086,47872093.35
TAO,L1,2024-07,149092.86,289.316365,43135004.6
TAO,L1,2024-08,160845.11,288.523115,46407532.84
TAO,L1,2024-09,46055.36,362.17549,16680122.87
TAO,L1,2024-10,31482.73,564.655328,17776891.02
TAO,L1,2024-11,-2577.51,516.270253,-1330689.74
TAO,L1,2024-12,-4100.45,556.669926,-2282598.71
TAO,L1,2025-01,838254.92,456.315972,382509108.78
TAO,L1,2025-02,175237.43,384.283301,67340818.35
TAO,L1,2025-03,129833.24,266.579424,34610869.36
TAO,L1,2025-04,162954.29,270.039311,44004064.77
TAO,L1,2025-05,76828.74,415.931425,31955489.0
TAO,L1,2025-06,144112.85,366.384711,52800746.12
TAO,L1,2025-07,605953.05,385.584925,233646362.66
TAO,L1,2025-08,84481.22,355.692076,30049300.56
TAO,L1,2025-09,3420.15,329.799806,1127963.5
TAO,L1,2025-10,-16295.35,374.785585,-6107261.79
TAO,L1,2025-11,14802.17,354.147211,5242146.7
TAO,L1,2025-12,-179.77,256.544643,-46119.56
TAO,L1,2026-01,-421.8,256.534075,-108205.8
TAO,L1,2026-02,4286.46,177.339837,760160.92
TAO,L1,2026-03,-16653.47,248.471345,-4137910.26
TAO,L1,2026-04,11593.55,271.273126,3145018.41
TAO,L1,2026-05,2214.22,283.340852,627378.87
